==================
WARNING: DATA RACE
Write at 0x00c0002a0040 by goroutine 75:
  dev.helix.code/internal/deployment.(*ProductionDeployer).failDeployment()
      /home/milos/Factory/projects/tools_and_research/helix_code/helix_code/internal/deployment/production_deployer.go:1096 +0xa8
  dev.helix.code/internal/deployment.TestHXC213_StatusReadsUnderRLock_DoNotRaceWithConcurrentWriters.func1()
      /home/milos/Factory/projects/tools_and_research/helix_code/helix_code/internal/deployment/production_deployer_hxc213_race_test.go:104 +0xd0
  dev.helix.code/internal/deployment.TestHXC213_StatusReadsUnderRLock_DoNotRaceWithConcurrentWriters.gowrap1()
      /home/milos/Factory/projects/tools_and_research/helix_code/helix_code/internal/deployment/production_deployer_hxc213_race_test.go:106 +0x38

Previous read at 0x00c0002a0040 by goroutine 80:
  dev.helix.code/internal/deployment.TestHXC213_StatusReadsUnderRLock_DoNotRaceWithConcurrentWriters.func2()
      /home/milos/Factory/projects/tools_and_research/helix_code/helix_code/internal/deployment/production_deployer_hxc213_race_test.go:122 +0x19d

Goroutine 75 (running) created at:
  dev.helix.code/internal/deployment.TestHXC213_StatusReadsUnderRLock_DoNotRaceWithConcurrentWriters()
      /home/milos/Factory/projects/tools_and_research/helix_code/helix_code/internal/deployment/production_deployer_hxc213_race_test.go:101 +0x43a
  testing.tRunner()
      /usr/lib/golang/src/testing/testing.go:2036 +0x21c
  testing.(*T).Run.gowrap1()
      /usr/lib/golang/src/testing/testing.go:2101 +0x38

Goroutine 80 (finished) created at:
  dev.helix.code/internal/deployment.TestHXC213_StatusReadsUnderRLock_DoNotRaceWithConcurrentWriters()
      /home/milos/Factory/projects/tools_and_research/helix_code/helix_code/internal/deployment/production_deployer_hxc213_race_test.go:112 +0x5a5
  testing.tRunner()
      /usr/lib/golang/src/testing/testing.go:2036 +0x21c
  testing.(*T).Run.gowrap1()
      /usr/lib/golang/src/testing/testing.go:2101 +0x38
==================
==================
WARNING: DATA RACE
Write at 0x00c0002a0058 by goroutine 75:
  dev.helix.code/internal/deployment.(*ProductionDeployer).failDeployment()
      /home/milos/Factory/projects/tools_and_research/helix_code/helix_code/internal/deployment/production_deployer.go:1097 +0x1d7
  dev.helix.code/internal/deployment.TestHXC213_StatusReadsUnderRLock_DoNotRaceWithConcurrentWriters.func1()
      /home/milos/Factory/projects/tools_and_research/helix_code/helix_code/internal/deployment/production_deployer_hxc213_race_test.go:104 +0xd0
  dev.helix.code/internal/deployment.TestHXC213_StatusReadsUnderRLock_DoNotRaceWithConcurrentWriters.gowrap1()
      /home/milos/Factory/projects/tools_and_research/helix_code/helix_code/internal/deployment/production_deployer_hxc213_race_test.go:106 +0x38

Previous read at 0x00c0002a0058 by goroutine 80:
  dev.helix.code/internal/deployment.TestHXC213_StatusReadsUnderRLock_DoNotRaceWithConcurrentWriters.func2()
      /home/milos/Factory/projects/tools_and_research/helix_code/helix_code/internal/deployment/production_deployer_hxc213_race_test.go:123 +0x1bb

Goroutine 75 (running) created at:
  dev.helix.code/internal/deployment.TestHXC213_StatusReadsUnderRLock_DoNotRaceWithConcurrentWriters()
      /home/milos/Factory/projects/tools_and_research/helix_code/helix_code/internal/deployment/production_deployer_hxc213_race_test.go:101 +0x43a
  testing.tRunner()
      /usr/lib/golang/src/testing/testing.go:2036 +0x21c
  testing.(*T).Run.gowrap1()
      /usr/lib/golang/src/testing/testing.go:2101 +0x38

Goroutine 80 (finished) created at:
  dev.helix.code/internal/deployment.TestHXC213_StatusReadsUnderRLock_DoNotRaceWithConcurrentWriters()
      /home/milos/Factory/projects/tools_and_research/helix_code/helix_code/internal/deployment/production_deployer_hxc213_race_test.go:112 +0x5a5
  testing.tRunner()
      /usr/lib/golang/src/testing/testing.go:2036 +0x21c
  testing.(*T).Run.gowrap1()
      /usr/lib/golang/src/testing/testing.go:2101 +0x38
==================
==================
WARNING: DATA RACE
Write at 0x00c0002a0018 by goroutine 75:
  dev.helix.code/internal/deployment.(*ProductionDeployer).failDeployment()
      /home/milos/Factory/projects/tools_and_research/helix_code/helix_code/internal/deployment/production_deployer.go:1098 +0x214
  dev.helix.code/internal/deployment.TestHXC213_StatusReadsUnderRLock_DoNotRaceWithConcurrentWriters.func1()
      /home/milos/Factory/projects/tools_and_research/helix_code/helix_code/internal/deployment/production_deployer_hxc213_race_test.go:104 +0xd0
  dev.helix.code/internal/deployment.TestHXC213_StatusReadsUnderRLock_DoNotRaceWithConcurrentWriters.gowrap1()
      /home/milos/Factory/projects/tools_and_research/helix_code/helix_code/internal/deployment/production_deployer_hxc213_race_test.go:106 +0x38

Previous read at 0x00c0002a0018 by goroutine 80:
  dev.helix.code/internal/deployment.TestHXC213_StatusReadsUnderRLock_DoNotRaceWithConcurrentWriters.func2()
      /home/milos/Factory/projects/tools_and_research/helix_code/helix_code/internal/deployment/production_deployer_hxc213_race_test.go:117 +0xf8

Goroutine 75 (running) created at:
  dev.helix.code/internal/deployment.TestHXC213_StatusReadsUnderRLock_DoNotRaceWithConcurrentWriters()
      /home/milos/Factory/projects/tools_and_research/helix_code/helix_code/internal/deployment/production_deployer_hxc213_race_test.go:101 +0x43a
  testing.tRunner()
      /usr/lib/golang/src/testing/testing.go:2036 +0x21c
  testing.(*T).Run.gowrap1()
      /usr/lib/golang/src/testing/testing.go:2101 +0x38

Goroutine 80 (finished) created at:
  dev.helix.code/internal/deployment.TestHXC213_StatusReadsUnderRLock_DoNotRaceWithConcurrentWriters()
      /home/milos/Factory/projects/tools_and_research/helix_code/helix_code/internal/deployment/production_deployer_hxc213_race_test.go:112 +0x5a5
  testing.tRunner()
      /usr/lib/golang/src/testing/testing.go:2036 +0x21c
  testing.(*T).Run.gowrap1()
      /usr/lib/golang/src/testing/testing.go:2101 +0x38
==================
==================
WARNING: DATA RACE
Write at 0x00c0002a0060 by goroutine 75:
  dev.helix.code/internal/deployment.(*ProductionDeployer).failDeployment()
      /home/milos/Factory/projects/tools_and_research/helix_code/helix_code/internal/deployment/production_deployer.go:1099 +0x270
  dev.helix.code/internal/deployment.TestHXC213_StatusReadsUnderRLock_DoNotRaceWithConcurrentWriters.func1()
      /home/milos/Factory/projects/tools_and_research/helix_code/helix_code/internal/deployment/production_deployer_hxc213_race_test.go:104 +0xd0
  dev.helix.code/internal/deployment.TestHXC213_StatusReadsUnderRLock_DoNotRaceWithConcurrentWriters.gowrap1()
      /home/milos/Factory/projects/tools_and_research/helix_code/helix_code/internal/deployment/production_deployer_hxc213_race_test.go:106 +0x38

Previous read at 0x00c0002a0060 by goroutine 80:
  dev.helix.code/internal/deployment.TestHXC213_StatusReadsUnderRLock_DoNotRaceWithConcurrentWriters.func2()
      /home/milos/Factory/projects/tools_and_research/helix_code/helix_code/internal/deployment/production_deployer_hxc213_race_test.go:116 +0xd8

Goroutine 75 (running) created at:
  dev.helix.code/internal/deployment.TestHXC213_StatusReadsUnderRLock_DoNotRaceWithConcurrentWriters()
      /home/milos/Factory/projects/tools_and_research/helix_code/helix_code/internal/deployment/production_deployer_hxc213_race_test.go:101 +0x43a
  testing.tRunner()
      /usr/lib/golang/src/testing/testing.go:2036 +0x21c
  testing.(*T).Run.gowrap1()
      /usr/lib/golang/src/testing/testing.go:2101 +0x38

Goroutine 80 (finished) created at:
  dev.helix.code/internal/deployment.TestHXC213_StatusReadsUnderRLock_DoNotRaceWithConcurrentWriters()
      /home/milos/Factory/projects/tools_and_research/helix_code/helix_code/internal/deployment/production_deployer_hxc213_race_test.go:112 +0x5a5
  testing.tRunner()
      /usr/lib/golang/src/testing/testing.go:2036 +0x21c
  testing.(*T).Run.gowrap1()
      /usr/lib/golang/src/testing/testing.go:2101 +0x38
==================
==================
WARNING: DATA RACE
Write at 0x00c0002a0088 by goroutine 75:
  dev.helix.code/internal/deployment.(*ProductionDeployer).failDeployment()
      /home/milos/Factory/projects/tools_and_research/helix_code/helix_code/internal/deployment/production_deployer.go:1100 +0x3b3
  dev.helix.code/internal/deployment.TestHXC213_StatusReadsUnderRLock_DoNotRaceWithConcurrentWriters.func1()
      /home/milos/Factory/projects/tools_and_research/helix_code/helix_code/internal/deployment/production_deployer_hxc213_race_test.go:104 +0xd0
  dev.helix.code/internal/deployment.TestHXC213_StatusReadsUnderRLock_DoNotRaceWithConcurrentWriters.gowrap1()
      /home/milos/Factory/projects/tools_and_research/helix_code/helix_code/internal/deployment/production_deployer_hxc213_race_test.go:106 +0x38

Previous read at 0x00c0002a0088 by goroutine 80:
  dev.helix.code/internal/deployment.TestHXC213_StatusReadsUnderRLock_DoNotRaceWithConcurrentWriters.func2()
      /home/milos/Factory/projects/tools_and_research/helix_code/helix_code/internal/deployment/production_deployer_hxc213_race_test.go:120 +0x158

Goroutine 75 (running) created at:
  dev.helix.code/internal/deployment.TestHXC213_StatusReadsUnderRLock_DoNotRaceWithConcurrentWriters()
      /home/milos/Factory/projects/tools_and_research/helix_code/helix_code/internal/deployment/production_deployer_hxc213_race_test.go:101 +0x43a
  testing.tRunner()
      /usr/lib/golang/src/testing/testing.go:2036 +0x21c
  testing.(*T).Run.gowrap1()
      /usr/lib/golang/src/testing/testing.go:2101 +0x38

Goroutine 80 (finished) created at:
  dev.helix.code/internal/deployment.TestHXC213_StatusReadsUnderRLock_DoNotRaceWithConcurrentWriters()
      /home/milos/Factory/projects/tools_and_research/helix_code/helix_code/internal/deployment/production_deployer_hxc213_race_test.go:112 +0x5a5
  testing.tRunner()
      /usr/lib/golang/src/testing/testing.go:2036 +0x21c
  testing.(*T).Run.gowrap1()
      /usr/lib/golang/src/testing/testing.go:2101 +0x38
==================
2026/07/31 11:34:19 
❌ PRODUCTION DEPLOYMENT FAILED
2026/07/31 11:34:19 📊 Failure Summary:
2026/07/31 11:34:19    Failed Phase: deployment
2026/07/31 11:34:19    Error: hxc213 writer 1 iter 0
2026/07/31 11:34:19    Duration: 227.844µs
2026/07/31 11:34:19    Servers Deployed: 0
2026/07/31 11:34:19 🔄 Triggering automatic rollback...
==================
WARNING: DATA RACE
Write at 0x00c0002a0260 by goroutine 75:
  dev.helix.code/internal/deployment.(*ProductionDeployer).triggerRollback()
      /home/milos/Factory/projects/tools_and_research/helix_code/helix_code/internal/deployment/production_deployer.go:1119 +0x84
  dev.helix.code/internal/deployment.(*ProductionDeployer).failDeployment()
      /home/milos/Factory/projects/tools_and_research/helix_code/helix_code/internal/deployment/production_deployer.go:1112 +0xaf4
  dev.helix.code/internal/deployment.TestHXC213_StatusReadsUnderRLock_DoNotRaceWithConcurrentWriters.func1()
      /home/milos/Factory/projects/tools_and_research/helix_code/helix_code/internal/deployment/production_deployer_hxc213_race_test.go:104 +0xd0
  dev.helix.code/internal/deployment.TestHXC213_StatusReadsUnderRLock_DoNotRaceWithConcurrentWriters.gowrap1()
      /home/milos/Factory/projects/tools_and_research/helix_code/helix_code/internal/deployment/production_deployer_hxc213_race_test.go:106 +0x38

Previous read at 0x00c0002a0260 by goroutine 80:
  dev.helix.code/internal/deployment.TestHXC213_StatusReadsUnderRLock_DoNotRaceWithConcurrentWriters.func2()
      /home/milos/Factory/projects/tools_and_research/helix_code/helix_code/internal/deployment/production_deployer_hxc213_race_test.go:118 +0x11a

Goroutine 75 (running) created at:
  dev.helix.code/internal/deployment.TestHXC213_StatusReadsUnderRLock_DoNotRaceWithConcurrentWriters()
      /home/milos/Factory/projects/tools_and_research/helix_code/helix_code/internal/deployment/production_deployer_hxc213_race_test.go:101 +0x43a
  testing.tRunner()
      /usr/lib/golang/src/testing/testing.go:2036 +0x21c
  testing.(*T).Run.gowrap1()
      /usr/lib/golang/src/testing/testing.go:2101 +0x38

Goroutine 80 (finished) created at:
  dev.helix.code/internal/deployment.TestHXC213_StatusReadsUnderRLock_DoNotRaceWithConcurrentWriters()
      /home/milos/Factory/projects/tools_and_research/helix_code/helix_code/internal/deployment/production_deployer_hxc213_race_test.go:112 +0x5a5
  testing.tRunner()
      /usr/lib/golang/src/testing/testing.go:2036 +0x21c
  testing.(*T).Run.gowrap1()
      /usr/lib/golang/src/testing/testing.go:2101 +0x38
==================
==================
WARNING: DATA RACE
Write at 0x00c0002a0268 by goroutine 75:
  dev.helix.code/internal/deployment.(*ProductionDeployer).triggerRollback()
      /home/milos/Factory/projects/tools_and_research/helix_code/helix_code/internal/deployment/production_deployer.go:1120 +0xbb
  dev.helix.code/internal/deployment.(*ProductionDeployer).failDeployment()
      /home/milos/Factory/projects/tools_and_research/helix_code/helix_code/internal/deployment/production_deployer.go:1112 +0xaf4
  dev.helix.code/internal/deployment.TestHXC213_StatusReadsUnderRLock_DoNotRaceWithConcurrentWriters.func1()
      /home/milos/Factory/projects/tools_and_research/helix_code/helix_code/internal/deployment/production_deployer_hxc213_race_test.go:104 +0xd0
  dev.helix.code/internal/deployment.TestHXC213_StatusReadsUnderRLock_DoNotRaceWithConcurrentWriters.gowrap1()
      /home/milos/Factory/projects/tools_and_research/helix_code/helix_code/internal/deployment/production_deployer_hxc213_race_test.go:106 +0x38

Previous read at 0x00c0002a0268 by goroutine 80:
  dev.helix.code/internal/deployment.TestHXC213_StatusReadsUnderRLock_DoNotRaceWithConcurrentWriters.func2()
      /home/milos/Factory/projects/tools_and_research/helix_code/helix_code/internal/deployment/production_deployer_hxc213_race_test.go:119 +0x13a

Goroutine 75 (running) created at:
  dev.helix.code/internal/deployment.TestHXC213_StatusReadsUnderRLock_DoNotRaceWithConcurrentWriters()
      /home/milos/Factory/projects/tools_and_research/helix_code/helix_code/internal/deployment/production_deployer_hxc213_race_test.go:101 +0x43a
  testing.tRunner()
      /usr/lib/golang/src/testing/testing.go:2036 +0x21c
  testing.(*T).Run.gowrap1()
      /usr/lib/golang/src/testing/testing.go:2101 +0x38

Goroutine 80 (finished) created at:
  dev.helix.code/internal/deployment.TestHXC213_StatusReadsUnderRLock_DoNotRaceWithConcurrentWriters()
      /home/milos/Factory/projects/tools_and_research/helix_code/helix_code/internal/deployment/production_deployer_hxc213_race_test.go:112 +0x5a5
  testing.tRunner()
      /usr/lib/golang/src/testing/testing.go:2036 +0x21c
  testing.(*T).Run.gowrap1()
      /usr/lib/golang/src/testing/testing.go:2101 +0x38
==================
==================
WARNING: DATA RACE
Write at 0x00c0000326f8 by goroutine 75:
  dev.helix.code/internal/deployment.(*ProductionDeployer).triggerRollback()
      /home/milos/Factory/projects/tools_and_research/helix_code/helix_code/internal/deployment/production_deployer.go:1140 +0x1a4
  dev.helix.code/internal/deployment.(*ProductionDeployer).failDeployment()
      /home/milos/Factory/projects/tools_and_research/helix_code/helix_code/internal/deployment/production_deployer.go:1112 +0xaf4
  dev.helix.code/internal/deployment.TestHXC213_StatusReadsUnderRLock_DoNotRaceWithConcurrentWriters.func1()
      /home/milos/Factory/projects/tools_and_research/helix_code/helix_code/internal/deployment/production_deployer_hxc213_race_test.go:104 +0xd0
  dev.helix.code/internal/deployment.TestHXC213_StatusReadsUnderRLock_DoNotRaceWithConcurrentWriters.gowrap1()
      /home/milos/Factory/projects/tools_and_research/helix_code/helix_code/internal/deployment/production_deployer_hxc213_race_test.go:106 +0x38

Previous read at 0x00c0000326f8 by goroutine 80:
  dev.helix.code/internal/deployment.TestHXC213_StatusReadsUnderRLock_DoNotRaceWithConcurrentWriters.func2()
      /home/milos/Factory/projects/tools_and_research/helix_code/helix_code/internal/deployment/production_deployer_hxc213_race_test.go:124 +0x1fb

Goroutine 75 (running) created at:
  dev.helix.code/internal/deployment.TestHXC213_StatusReadsUnderRLock_DoNotRaceWithConcurrentWriters()
      /home/milos/Factory/projects/tools_and_research/helix_code/helix_code/internal/deployment/production_deployer_hxc213_race_test.go:101 +0x43a
  testing.tRunner()
      /usr/lib/golang/src/testing/testing.go:2036 +0x21c
  testing.(*T).Run.gowrap1()
      /usr/lib/golang/src/testing/testing.go:2101 +0x38

Goroutine 80 (finished) created at:
  dev.helix.code/internal/deployment.TestHXC213_StatusReadsUnderRLock_DoNotRaceWithConcurrentWriters()
      /home/milos/Factory/projects/tools_and_research/helix_code/helix_code/internal/deployment/production_deployer_hxc213_race_test.go:112 +0x5a5
  testing.tRunner()
      /usr/lib/golang/src/testing/testing.go:2036 +0x21c
  testing.(*T).Run.gowrap1()
      /usr/lib/golang/src/testing/testing.go:2101 +0x38
==================
2026/07/31 11:34:19 🔄 Rollback requested for 0 deployed server(s) (reason: hxc213 writer 1 iter 0)
2026/07/31 11:34:19 ❌ Rollback NOT completed: rollback NOT completed: real SSH rollback transport not wired (0/0 servers reverted)
2026/07/31 11:34:19 📢 Notification: rollback_not_completed - rollback NOT completed: real SSH rollback transport not wired (0/0 servers reverted)
2026/07/31 11:34:19 📢 Notification: deployment_failed - Production deployment failed: hxc213 writer 1 iter 0
2026/07/31 11:34:19 
❌ PRODUCTION DEPLOYMENT FAILED
2026/07/31 11:34:19 📊 Failure Summary:
2026/07/31 11:34:19    Failed Phase: deployment
2026/07/31 11:34:19    Error: hxc213 writer 1 iter 1
2026/07/31 11:34:19    Duration: 3.429104ms
2026/07/31 11:34:19    Servers Deployed: 0
2026/07/31 11:34:19 🔄 Triggering automatic rollback...
2026/07/31 11:34:19 🔄 Rollback requested for 0 deployed server(s) (reason: hxc213 writer 1 iter 1)
2026/07/31 11:34:19 ❌ Rollback NOT completed: rollback NOT completed: real SSH rollback transport not wired (0/0 servers reverted)
2026/07/31 11:34:19 📢 Notification: rollback_not_completed - rollback NOT completed: real SSH rollback transport not wired (0/0 servers reverted)
2026/07/31 11:34:19 📢 Notification: deployment_failed - Production deployment failed: hxc213 writer 1 iter 1
2026/07/31 11:34:19 
❌ PRODUCTION DEPLOYMENT FAILED
2026/07/31 11:34:19 📊 Failure Summary:
2026/07/31 11:34:19    Failed Phase: deployment
2026/07/31 11:34:19    Error: hxc213 writer 1 iter 2
2026/07/31 11:34:19    Duration: 3.553492ms
2026/07/31 11:34:19    Servers Deployed: 0
2026/07/31 11:34:19 🔄 Triggering automatic rollback...
2026/07/31 11:34:19 🔄 Rollback requested for 0 deployed server(s) (reason: hxc213 writer 1 iter 2)
2026/07/31 11:34:19 ❌ Rollback NOT completed: rollback NOT completed: real SSH rollback transport not wired (0/0 servers reverted)
2026/07/31 11:34:19 📢 Notification: rollback_not_completed - rollback NOT completed: real SSH rollback transport not wired (0/0 servers reverted)
2026/07/31 11:34:19 📢 Notification: deployment_failed - Production deployment failed: hxc213 writer 1 iter 2
2026/07/31 11:34:19 
❌ PRODUCTION DEPLOYMENT FAILED
2026/07/31 11:34:19 📊 Failure Summary:
2026/07/31 11:34:19    Failed Phase: deployment
2026/07/31 11:34:19    Error: hxc213 writer 1 iter 3
2026/07/31 11:34:19    Duration: 3.65813ms
2026/07/31 11:34:19    Servers Deployed: 0
2026/07/31 11:34:19 🔄 Triggering automatic rollback...
2026/07/31 11:34:19 🔄 Rollback requested for 0 deployed server(s) (reason: hxc213 writer 1 iter 3)
2026/07/31 11:34:19 ❌ Rollback NOT completed: rollback NOT completed: real SSH rollback transport not wired (0/0 servers reverted)
2026/07/31 11:34:19 📢 Notification: rollback_not_completed - rollback NOT completed: real SSH rollback transport not wired (0/0 servers reverted)
2026/07/31 11:34:19 📢 Notification: deployment_failed - Production deployment failed: hxc213 writer 1 iter 3
2026/07/31 11:34:19 
❌ PRODUCTION DEPLOYMENT FAILED
2026/07/31 11:34:19 📊 Failure Summary:
2026/07/31 11:34:19    Failed Phase: deployment
2026/07/31 11:34:19    Error: hxc213 writer 1 iter 4
2026/07/31 11:34:19    Duration: 3.760455ms
2026/07/31 11:34:19    Servers Deployed: 0
2026/07/31 11:34:19 🔄 Triggering automatic rollback...
2026/07/31 11:34:19 🔄 Rollback requested for 0 deployed server(s) (reason: hxc213 writer 1 iter 4)
2026/07/31 11:34:19 ❌ Rollback NOT completed: rollback NOT completed: real SSH rollback transport not wired (0/0 servers reverted)
2026/07/31 11:34:19 📢 Notification: rollback_not_completed - rollback NOT completed: real SSH rollback transport not wired (0/0 servers reverted)
2026/07/31 11:34:19 📢 Notification: deployment_failed - Production deployment failed: hxc213 writer 1 iter 4
2026/07/31 11:34:19 
❌ PRODUCTION DEPLOYMENT FAILED
2026/07/31 11:34:19 📊 Failure Summary:
2026/07/31 11:34:19    Failed Phase: deployment
2026/07/31 11:34:19    Error: hxc213 writer 1 iter 5
2026/07/31 11:34:19    Duration: 3.874367ms
2026/07/31 11:34:19    Servers Deployed: 0
2026/07/31 11:34:19 🔄 Triggering automatic rollback...
2026/07/31 11:34:19 🔄 Rollback requested for 0 deployed server(s) (reason: hxc213 writer 1 iter 5)
2026/07/31 11:34:19 ❌ Rollback NOT completed: rollback NOT completed: real SSH rollback transport not wired (0/0 servers reverted)
2026/07/31 11:34:19 📢 Notification: rollback_not_completed - rollback NOT completed: real SSH rollback transport not wired (0/0 servers reverted)
2026/07/31 11:34:19 📢 Notification: deployment_failed - Production deployment failed: hxc213 writer 1 iter 5
2026/07/31 11:34:19 
❌ PRODUCTION DEPLOYMENT FAILED
2026/07/31 11:34:19 📊 Failure Summary:
2026/07/31 11:34:19 
❌ PRODUCTION DEPLOYMENT FAILED
2026/07/31 11:34:19 📊 Failure Summary:
2026/07/31 11:34:19    Failed Phase: deployment
2026/07/31 11:34:19    Error: hxc213 writer 2 iter 0
2026/07/31 11:34:19    Duration: 4.828179ms
2026/07/31 11:34:19    Servers Deployed: 0
2026/07/31 11:34:19 🔄 Triggering automatic rollback...
==================
WARNING: DATA RACE
Write at 0x00c0002a0060 by goroutine 76:
  dev.helix.code/internal/deployment.(*ProductionDeployer).triggerRollback()
      /home/milos/Factory/projects/tools_and_research/helix_code/helix_code/internal/deployment/production_deployer.go:1121 +0x12d
  dev.helix.code/internal/deployment.(*ProductionDeployer).failDeployment()
      /home/milos/Factory/projects/tools_and_research/helix_code/helix_code/internal/deployment/production_deployer.go:1112 +0xaf4
  dev.helix.code/internal/deployment.TestHXC213_StatusReadsUnderRLock_DoNotRaceWithConcurrentWriters.func1()
      /home/milos/Factory/projects/tools_and_research/helix_code/helix_code/internal/deployment/production_deployer_hxc213_race_test.go:104 +0xd0
  dev.helix.code/internal/deployment.TestHXC213_StatusReadsUnderRLock_DoNotRaceWithConcurrentWriters.gowrap1()
      /home/milos/Factory/projects/tools_and_research/helix_code/helix_code/internal/deployment/production_deployer_hxc213_race_test.go:106 +0x38

Previous write at 0x00c0002a0060 by goroutine 74:
  dev.helix.code/internal/deployment.(*ProductionDeployer).failDeployment()
      /home/milos/Factory/projects/tools_and_research/helix_code/helix_code/internal/deployment/production_deployer.go:1099 +0x270
  dev.helix.code/internal/deployment.TestHXC213_StatusReadsUnderRLock_DoNotRaceWithConcurrentWriters.func1()
      /home/milos/Factory/projects/tools_and_research/helix_code/helix_code/internal/deployment/production_deployer_hxc213_race_test.go:104 +0xd0
  dev.helix.code/internal/deployment.TestHXC213_StatusReadsUnderRLock_DoNotRaceWithConcurrentWriters.gowrap1()
      /home/milos/Factory/projects/tools_and_research/helix_code/helix_code/internal/deployment/production_deployer_hxc213_race_test.go:106 +0x38

Goroutine 76 (running) created at:
  dev.helix.code/internal/deployment.TestHXC213_StatusReadsUnderRLock_DoNotRaceWithConcurrentWriters()
      /home/milos/Factory/projects/tools_and_research/helix_code/helix_code/internal/deployment/production_deployer_hxc213_race_test.go:101 +0x43a
  testing.tRunner()
      /usr/lib/golang/src/testing/testing.go:2036 +0x21c
  testing.(*T).Run.gowrap1()
      /usr/lib/golang/src/testing/testing.go:2101 +0x38

Goroutine 74 (running) created at:
  dev.helix.code/internal/deployment.TestHXC213_StatusReadsUnderRLock_DoNotRaceWithConcurrentWriters()
      /home/milos/Factory/projects/tools_and_research/helix_code/helix_code/internal/deployment/production_deployer_hxc213_race_test.go:101 +0x43a
  testing.tRunner()
      /usr/lib/golang/src/testing/testing.go:2036 +0x21c
  testing.(*T).Run.gowrap1()
      /usr/lib/golang/src/testing/testing.go:2101 +0x38
==================
2026/07/31 11:34:19 🔄 Rollback requested for 0 deployed server(s) (reason: hxc213 writer 2 iter 0)
2026/07/31 11:34:19 ❌ Rollback NOT completed: rollback NOT completed: real SSH rollback transport not wired (0/0 servers reverted)
==================
WARNING: DATA RACE
Read at 0x00c0002da040 by goroutine 74:
  runtime.growslice()
      /usr/lib/golang/src/runtime/slice.go:178 +0x0
  dev.helix.code/internal/deployment.(*ProductionDeployer).failDeployment()
      /home/milos/Factory/projects/tools_and_research/helix_code/helix_code/internal/deployment/production_deployer.go:1100 +0x30e
  dev.helix.code/internal/deployment.TestHXC213_StatusReadsUnderRLock_DoNotRaceWithConcurrentWriters.func1()
      /home/milos/Factory/projects/tools_and_research/helix_code/helix_code/internal/deployment/production_deployer_hxc213_race_test.go:104 +0xd0
  dev.helix.code/internal/deployment.TestHXC213_StatusReadsUnderRLock_DoNotRaceWithConcurrentWriters.gowrap1()
      /home/milos/Factory/projects/tools_and_research/helix_code/helix_code/internal/deployment/production_deployer_hxc213_race_test.go:106 +0x38

Previous write at 0x00c0002da040 by goroutine 75:
  dev.helix.code/internal/deployment.(*ProductionDeployer).failDeployment()
      /home/milos/Factory/projects/tools_and_research/helix_code/helix_code/internal/deployment/production_deployer.go:1100 +0x33c
  dev.helix.code/internal/deployment.TestHXC213_StatusReadsUnderRLock_DoNotRaceWithConcurrentWriters.func1()
      /home/milos/Factory/projects/tools_and_research/helix_code/helix_code/internal/deployment/production_deployer_hxc213_race_test.go:104 +0xd0
  dev.helix.code/internal/deployment.TestHXC213_StatusReadsUnderRLock_DoNotRaceWithConcurrentWriters.gowrap1()
      /home/milos/Factory/projects/tools_and_research/helix_code/helix_code/internal/deployment/production_deployer_hxc213_race_test.go:106 +0x38
2026/07/31 11:34:19 📢 Notification: rollback_not_completed - rollback NOT completed: real SSH rollback transport not wired (0/0 servers reverted)

Goroutine 74 (running) created at:
  dev.helix.code/internal/deployment.TestHXC213_StatusReadsUnderRLock_DoNotRaceWithConcurrentWriters()
      /home/milos/Factory/projects/tools_and_research/helix_code/helix_code/internal/deployment/production_deployer_hxc213_race_test.go:101 +0x43a
  testing.tRunner()
      /usr/lib/golang/src/testing/testing.go:2036 +0x21c
  testing.(*T).Run.gowrap1()
      /usr/lib/golang/src/testing/testing.go:2101 +0x38

Goroutine 75 (running) created at:
  dev.helix.code/internal/deployment.TestHXC213_StatusReadsUnderRLock_DoNotRaceWithConcurrentWriters()
      /home/milos/Factory/projects/tools_and_research/helix_code/helix_code/internal/deployment/production_deployer_hxc213_race_test.go:101 +0x43a
  testing.tRunner()
      /usr/lib/golang/src/testing/testing.go:2036 +0x21c
  testing.(*T).Run.gowrap1()
      /usr/lib/golang/src/testing/testing.go:2101 +0x38
==================
2026/07/31 11:34:19 📢 Notification: deployment_failed - Production deployment failed: hxc213 writer 2 iter 0
2026/07/31 11:34:19 
❌ PRODUCTION DEPLOYMENT FAILED
2026/07/31 11:34:19 📊 Failure Summary:
2026/07/31 11:34:19 
❌ PRODUCTION DEPLOYMENT FAILED
2026/07/31 11:34:19    Failed Phase: deployment
2026/07/31 11:34:19    Error: hxc213 writer 2 iter 1
2026/07/31 11:34:19 📊 Failure Summary:
2026/07/31 11:34:19    Duration: 5.324589ms
2026/07/31 11:34:19    Servers Deployed: 0
2026/07/31 11:34:19    Failed Phase: deployment
2026/07/31 11:34:19    Error: hxc213 writer 0 iter 0
2026/07/31 11:34:19    Duration: 5.324589ms
2026/07/31 11:34:19    Servers Deployed: 0
2026/07/31 11:34:19 🔄 Triggering automatic rollback...
2026/07/31 11:34:19    Failed Phase: deployment
2026/07/31 11:34:19    Error: hxc213 writer 1 iter 6
==================
WARNING: DATA RACE
Write at 0x00c0002a0060 by goroutine 74:
  dev.helix.code/internal/deployment.(*ProductionDeployer).triggerRollback()
      /home/milos/Factory/projects/tools_and_research/helix_code/helix_code/internal/deployment/production_deployer.go:1121 +0x12d
  dev.helix.code/internal/deployment.(*ProductionDeployer).failDeployment()
      /home/milos/Factory/projects/tools_and_research/helix_code/helix_code/internal/deployment/production_deployer.go:1112 +0xaf4
  dev.helix.code/internal/deployment.TestHXC213_StatusReadsUnderRLock_DoNotRaceWithConcurrentWriters.func1()
      /home/milos/Factory/projects/tools_and_research/helix_code/helix_code/internal/deployment/production_deployer_hxc213_race_test.go:104 +0xd0
2026/07/31 11:34:19    Duration: 5.324589ms
  dev.helix.code/internal/deployment.TestHXC213_StatusReadsUnderRLock_DoNotRaceWithConcurrentWriters.gowrap1()
      /home/milos/Factory/projects/tools_and_research/helix_code/helix_code/internal/deployment/production_deployer_hxc213_race_test.go:106 +0x38

Previous read at 0x00c0002a0060 by goroutine 78:
  dev.helix.code/internal/deployment.TestHXC213_StatusReadsUnderRLock_DoNotRaceWithConcurrentWriters.func2()
      /home/milos/Factory/projects/tools_and_research/helix_code/helix_code/internal/deployment/production_deployer_hxc213_race_test.go:116 +0xd8

Goroutine 74 (running) created at:
  dev.helix.code/internal/deployment.TestHXC213_StatusReadsUnderRLock_DoNotRaceWithConcurrentWriters()
      /home/milos/Factory/projects/tools_and_research/helix_code/helix_code/internal/deployment/production_deployer_hxc213_race_test.go:101 +0x43a
2026/07/31 11:34:19    Servers Deployed: 0
2026/07/31 11:34:19 🔄 Triggering automatic rollback...
2026/07/31 11:34:19 🔄 Triggering automatic rollback...
  testing.tRunner()
      /usr/lib/golang/src/testing/testing.go:2036 +0x21c
  testing.(*T).Run.gowrap1()
      /usr/lib/golang/src/testing/testing.go:2101 +0x38

Goroutine 78 (running) created at:
  dev.helix.code/internal/deployment.TestHXC213_StatusReadsUnderRLock_DoNotRaceWithConcurrentWriters()
      /home/milos/Factory/projects/tools_and_research/helix_code/helix_code/internal/deployment/production_deployer_hxc213_race_test.go:112 +0x5a5
  testing.tRunner()
      /usr/lib/golang/src/testing/testing.go:2036 +0x21c
  testing.(*T).Run.gowrap1()
      /usr/lib/golang/src/testing/testing.go:2101 +0x38
==================
2026/07/31 11:34:19 🔄 Rollback requested for 0 deployed server(s) (reason: hxc213 writer 0 iter 0)
==================
WARNING: DATA RACE
Write at 0x00c0002a0268 by goroutine 75:
2026/07/31 11:34:19 ❌ Rollback NOT completed: rollback NOT completed: real SSH rollback transport not wired (0/0 servers reverted)
  dev.helix.code/internal/deployment.(*ProductionDeployer).triggerRollback()
      /home/milos/Factory/projects/tools_and_research/helix_code/helix_code/internal/deployment/production_deployer.go:1120 +0xbb
  dev.helix.code/internal/deployment.(*ProductionDeployer).failDeployment()
      /home/milos/Factory/projects/tools_and_research/helix_code/helix_code/internal/deployment/production_deployer.go:1112 +0xaf4
  dev.helix.code/internal/deployment.TestHXC213_StatusReadsUnderRLock_DoNotRaceWithConcurrentWriters.func1()
      /home/milos/Factory/projects/tools_and_research/helix_code/helix_code/internal/deployment/production_deployer_hxc213_race_test.go:104 +0xd0
  dev.helix.code/internal/deployment.TestHXC213_StatusReadsUnderRLock_DoNotRaceWithConcurrentWriters.gowrap1()
      /home/milos/Factory/projects/tools_and_research/helix_code/helix_code/internal/deployment/production_deployer_hxc213_race_test.go:106 +0x38

Previous write at 0x00c0002a0268 by goroutine 76:
  dev.helix.code/internal/deployment.(*ProductionDeployer).triggerRollback()
      /home/milos/Factory/projects/tools_and_research/helix_code/helix_code/internal/deployment/production_deployer.go:1120 +0xbb
  dev.helix.code/internal/deployment.(*ProductionDeployer).failDeployment()
      /home/milos/Factory/projects/tools_and_research/helix_code/helix_code/internal/deployment/production_deployer.go:1112 +0xaf4
  dev.helix.code/internal/deployment.TestHXC213_StatusReadsUnderRLock_DoNotRaceWithConcurrentWriters.func1()
      /home/milos/Factory/projects/tools_and_research/helix_code/helix_code/internal/deployment/production_deployer_hxc213_race_test.go:104 +0xd0
  dev.helix.code/internal/deployment.TestHXC213_StatusReadsUnderRLock_DoNotRaceWithConcurrentWriters.gowrap1()
      /home/milos/Factory/projects/tools_and_research/helix_code/helix_code/internal/deployment/production_deployer_hxc213_race_test.go:106 +0x38

Goroutine 75 (running) created at:
  dev.helix.code/internal/deployment.TestHXC213_StatusReadsUnderRLock_DoNotRaceWithConcurrentWriters()
      /home/milos/Factory/projects/tools_and_research/helix_code/helix_code/internal/deployment/production_deployer_hxc213_race_test.go:101 +0x43a
  testing.tRunner()
      /usr/lib/golang/src/testing/testing.go:2036 +0x21c
  testing.(*T).Run.gowrap1()
      /usr/lib/golang/src/testing/testing.go:2101 +0x38

Goroutine 76 (running) created at:
  dev.helix.code/internal/deployment.TestHXC213_StatusReadsUnderRLock_DoNotRaceWithConcurrentWriters()
      /home/milos/Factory/projects/tools_and_research/helix_code/helix_code/internal/deployment/production_deployer_hxc213_race_test.go:101 +0x43a
  testing.tRunner()
      /usr/lib/golang/src/testing/testing.go:2036 +0x21c
  testing.(*T).Run.gowrap1()
      /usr/lib/golang/src/testing/testing.go:2101 +0x38
==================
==================
WARNING: DATA RACE
Write at 0x00c0000326f8 by goroutine 75:
  dev.helix.code/internal/deployment.(*ProductionDeployer).triggerRollback()
      /home/milos/Factory/projects/tools_and_research/helix_code/helix_code/internal/deployment/production_deployer.go:1140 +0x1a4
  dev.helix.code/internal/deployment.(*ProductionDeployer).failDeployment()
      /home/milos/Factory/projects/tools_and_research/helix_code/helix_code/internal/deployment/production_deployer.go:1112 +0xaf4
  dev.helix.code/internal/deployment.TestHXC213_StatusReadsUnderRLock_DoNotRaceWithConcurrentWriters.func1()
      /home/milos/Factory/projects/tools_and_research/helix_code/helix_code/internal/deployment/production_deployer_hxc213_race_test.go:104 +0xd0
  dev.helix.code/internal/deployment.TestHXC213_StatusReadsUnderRLock_DoNotRaceWithConcurrentWriters.gowrap1()
      /home/milos/Factory/projects/tools_and_research/helix_code/helix_code/internal/deployment/production_deployer_hxc213_race_test.go:106 +0x38

Previous write at 0x00c0000326f8 by goroutine 74:
  dev.helix.code/internal/deployment.(*ProductionDeployer).triggerRollback()
      /home/milos/Factory/projects/tools_and_research/helix_code/helix_code/internal/deployment/production_deployer.go:1140 +0x1a4
  dev.helix.code/internal/deployment.(*ProductionDeployer).failDeployment()
      /home/milos/Factory/projects/tools_and_research/helix_code/helix_code/internal/deployment/production_deployer.go:1112 +0xaf4
  dev.helix.code/internal/deployment.TestHXC213_StatusReadsUnderRLock_DoNotRaceWithConcurrentWriters.func1()
      /home/milos/Factory/projects/tools_and_research/helix_code/helix_code/internal/deployment/production_deployer_hxc213_race_test.go:104 +0xd0
  dev.helix.code/internal/deployment.TestHXC213_StatusReadsUnderRLock_DoNotRaceWithConcurrentWriters.gowrap1()
      /home/milos/Factory/projects/tools_and_research/helix_code/helix_code/internal/deployment/production_deployer_hxc213_race_test.go:106 +0x38

Goroutine 75 (running) created at:
  dev.helix.code/internal/deployment.TestHXC213_StatusReadsUnderRLock_DoNotRaceWithConcurrentWriters()
      /home/milos/Factory/projects/tools_and_research/helix_code/helix_code/internal/deployment/production_deployer_hxc213_race_test.go:101 +0x43a
  testing.tRunner()
      /usr/lib/golang/src/testing/testing.go:2036 +0x21c
  testing.(*T).Run.gowrap1()
      /usr/lib/golang/src/testing/testing.go:2101 +0x38

Goroutine 74 (running) created at:
  dev.helix.code/internal/deployment.TestHXC213_StatusReadsUnderRLock_DoNotRaceWithConcurrentWriters()
      /home/milos/Factory/projects/tools_and_research/helix_code/helix_code/internal/deployment/production_deployer_hxc213_race_test.go:101 +0x43a
  testing.tRunner()
      /usr/lib/golang/src/testing/testing.go:2036 +0x21c
  testing.(*T).Run.gowrap1()
      /usr/lib/golang/src/testing/testing.go:2101 +0x38
==================
==================
WARNING: DATA RACE
Write at 0x00c0000326e8 by goroutine 75:
  dev.helix.code/internal/deployment.(*ProductionDeployer).triggerRollback()
      /home/milos/Factory/projects/tools_and_research/helix_code/helix_code/internal/deployment/production_deployer.go:1141 +0x1f8
  dev.helix.code/internal/deployment.(*ProductionDeployer).failDeployment()
      /home/milos/Factory/projects/tools_and_research/helix_code/helix_code/internal/deployment/production_deployer.go:1112 +0xaf4
  dev.helix.code/internal/deployment.TestHXC213_StatusReadsUnderRLock_DoNotRaceWithConcurrentWriters.func1()
      /home/milos/Factory/projects/tools_and_research/helix_code/helix_code/internal/deployment/production_deployer_hxc213_race_test.go:104 +0xd0
  dev.helix.code/internal/deployment.TestHXC213_StatusReadsUnderRLock_DoNotRaceWithConcurrentWriters.gowrap1()
      /home/milos/Factory/projects/tools_and_research/helix_code/helix_code/internal/deployment/production_deployer_hxc213_race_test.go:106 +0x38

Previous write at 0x00c0000326e8 by goroutine 74:
  dev.helix.code/internal/deployment.(*ProductionDeployer).triggerRollback()
      /home/milos/Factory/projects/tools_and_research/helix_code/helix_code/internal/deployment/production_deployer.go:1141 +0x1f8
  dev.helix.code/internal/deployment.(*ProductionDeployer).failDeployment()
      /home/milos/Factory/projects/tools_and_research/helix_code/helix_code/internal/deployment/production_deployer.go:1112 +0xaf4
  dev.helix.code/internal/deployment.TestHXC213_StatusReadsUnderRLock_DoNotRaceWithConcurrentWriters.func1()
      /home/milos/Factory/projects/tools_and_research/helix_code/helix_code/internal/deployment/production_deployer_hxc213_race_test.go:104 +0xd0
  dev.helix.code/internal/deployment.TestHXC213_StatusReadsUnderRLock_DoNotRaceWithConcurrentWriters.gowrap1()
      /home/milos/Factory/projects/tools_and_research/helix_code/helix_code/internal/deployment/production_deployer_hxc213_race_test.go:106 +0x38

Goroutine 75 (running) created at:
  dev.helix.code/internal/deployment.TestHXC213_StatusReadsUnderRLock_DoNotRaceWithConcurrentWriters()
      /home/milos/Factory/projects/tools_and_research/helix_code/helix_code/internal/deployment/production_deployer_hxc213_race_test.go:101 +0x43a
  testing.tRunner()
      /usr/lib/golang/src/testing/testing.go:2036 +0x21c
  testing.(*T).Run.gowrap1()
      /usr/lib/golang/src/testing/testing.go:2101 +0x38

Goroutine 74 (running) created at:
  dev.helix.code/internal/deployment.TestHXC213_StatusReadsUnderRLock_DoNotRaceWithConcurrentWriters()
      /home/milos/Factory/projects/tools_and_research/helix_code/helix_code/internal/deployment/production_deployer_hxc213_race_test.go:101 +0x43a
  testing.tRunner()
      /usr/lib/golang/src/testing/testing.go:2036 +0x21c
  testing.(*T).Run.gowrap1()
      /usr/lib/golang/src/testing/testing.go:2101 +0x38
==================
2026/07/31 11:34:19 🔄 Rollback requested for 0 deployed server(s) (reason: hxc213 writer 1 iter 6)
2026/07/31 11:34:19 ❌ Rollback NOT completed: rollback NOT completed: real SSH rollback transport not wired (0/0 servers reverted)
2026/07/31 11:34:19 🔄 Rollback requested for 0 deployed server(s) (reason: hxc213 writer 2 iter 1)
2026/07/31 11:34:19 ❌ Rollback NOT completed: rollback NOT completed: real SSH rollback transport not wired (0/0 servers reverted)
2026/07/31 11:34:19 📢 Notification: rollback_not_completed - rollback NOT completed: real SSH rollback transport not wired (0/0 servers reverted)
2026/07/31 11:34:19 📢 Notification: deployment_failed - Production deployment failed: hxc213 writer 0 iter 0
2026/07/31 11:34:19 
❌ PRODUCTION DEPLOYMENT FAILED
2026/07/31 11:34:19 📊 Failure Summary:
2026/07/31 11:34:19    Failed Phase: deployment
2026/07/31 11:34:19    Error: hxc213 writer 0 iter 1
2026/07/31 11:34:19    Duration: 94.389821ms
2026/07/31 11:34:19    Servers Deployed: 0
2026/07/31 11:34:19 🔄 Triggering automatic rollback...
2026/07/31 11:34:19 🔄 Rollback requested for 0 deployed server(s) (reason: hxc213 writer 0 iter 1)
2026/07/31 11:34:19 ❌ Rollback NOT completed: rollback NOT completed: real SSH rollback transport not wired (0/0 servers reverted)
2026/07/31 11:34:19 📢 Notification: rollback_not_completed - rollback NOT completed: real SSH rollback transport not wired (0/0 servers reverted)
2026/07/31 11:34:19 📢 Notification: rollback_not_completed - rollback NOT completed: real SSH rollback transport not wired (0/0 servers reverted)
2026/07/31 11:34:19 📢 Notification: rollback_not_completed - rollback NOT completed: real SSH rollback transport not wired (0/0 servers reverted)
2026/07/31 11:34:19 📢 Notification: deployment_failed - Production deployment failed: hxc213 writer 0 iter 1
2026/07/31 11:34:19 📢 Notification: deployment_failed - Production deployment failed: hxc213 writer 2 iter 1
2026/07/31 11:34:19 
❌ PRODUCTION DEPLOYMENT FAILED
2026/07/31 11:34:19 
❌ PRODUCTION DEPLOYMENT FAILED
2026/07/31 11:34:19 📊 Failure Summary:
2026/07/31 11:34:19    Failed Phase: deployment
2026/07/31 11:34:19    Error: hxc213 writer 2 iter 2
2026/07/31 11:34:19    Duration: 95.207407ms
2026/07/31 11:34:19    Servers Deployed: 0
2026/07/31 11:34:19 🔄 Triggering automatic rollback...
2026/07/31 11:34:19 📊 Failure Summary:
2026/07/31 11:34:19    Failed Phase: deployment
2026/07/31 11:34:19    Error: hxc213 writer 0 iter 2
2026/07/31 11:34:19    Duration: 95.207407ms
2026/07/31 11:34:19    Servers Deployed: 0
2026/07/31 11:34:19 🔄 Triggering automatic rollback...
2026/07/31 11:34:19 📢 Notification: deployment_failed - Production deployment failed: hxc213 writer 1 iter 6
2026/07/31 11:34:19 🔄 Rollback requested for 0 deployed server(s) (reason: hxc213 writer 0 iter 2)
2026/07/31 11:34:19 ❌ Rollback NOT completed: rollback NOT completed: real SSH rollback transport not wired (0/0 servers reverted)
2026/07/31 11:34:19 📢 Notification: rollback_not_completed - rollback NOT completed: real SSH rollback transport not wired (0/0 servers reverted)
2026/07/31 11:34:19 📢 Notification: deployment_failed - Production deployment failed: hxc213 writer 0 iter 2
2026/07/31 11:34:19 
❌ PRODUCTION DEPLOYMENT FAILED
2026/07/31 11:34:19 📊 Failure Summary:
2026/07/31 11:34:19    Failed Phase: deployment
2026/07/31 11:34:19    Error: hxc213 writer 0 iter 3
2026/07/31 11:34:19    Duration: 95.99677ms
2026/07/31 11:34:19    Servers Deployed: 0
2026/07/31 11:34:19 🔄 Triggering automatic rollback...
2026/07/31 11:34:19 🔄 Rollback requested for 0 deployed server(s) (reason: hxc213 writer 0 iter 3)
2026/07/31 11:34:19 ❌ Rollback NOT completed: rollback NOT completed: real SSH rollback transport not wired (0/0 servers reverted)
2026/07/31 11:34:19 📢 Notification: rollback_not_completed - rollback NOT completed: real SSH rollback transport not wired (0/0 servers reverted)
2026/07/31 11:34:19 📢 Notification: deployment_failed - Production deployment failed: hxc213 writer 0 iter 3
2026/07/31 11:34:19 
❌ PRODUCTION DEPLOYMENT FAILED
2026/07/31 11:34:19 📊 Failure Summary:
2026/07/31 11:34:19    Failed Phase: deployment
2026/07/31 11:34:19    Error: hxc213 writer 0 iter 4
2026/07/31 11:34:19    Duration: 96.093577ms
2026/07/31 11:34:19    Servers Deployed: 0
2026/07/31 11:34:19 🔄 Triggering automatic rollback...
2026/07/31 11:34:19 🔄 Rollback requested for 0 deployed server(s) (reason: hxc213 writer 0 iter 4)
2026/07/31 11:34:19 ❌ Rollback NOT completed: rollback NOT completed: real SSH rollback transport not wired (0/0 servers reverted)
2026/07/31 11:34:19 📢 Notification: rollback_not_completed - rollback NOT completed: real SSH rollback transport not wired (0/0 servers reverted)
2026/07/31 11:34:19 📢 Notification: deployment_failed - Production deployment failed: hxc213 writer 0 iter 4
2026/07/31 11:34:19 
❌ PRODUCTION DEPLOYMENT FAILED
2026/07/31 11:34:19 📊 Failure Summary:
2026/07/31 11:34:19    Failed Phase: deployment
2026/07/31 11:34:19    Error: hxc213 writer 0 iter 5
2026/07/31 11:34:19    Duration: 96.211875ms
2026/07/31 11:34:19    Servers Deployed: 0
2026/07/31 11:34:19 🔄 Triggering automatic rollback...
2026/07/31 11:34:19 🔄 Rollback requested for 0 deployed server(s) (reason: hxc213 writer 0 iter 5)
2026/07/31 11:34:19 ❌ Rollback NOT completed: rollback NOT completed: real SSH rollback transport not wired (0/0 servers reverted)
2026/07/31 11:34:19 📢 Notification: rollback_not_completed - rollback NOT completed: real SSH rollback transport not wired (0/0 servers reverted)
2026/07/31 11:34:19 📢 Notification: deployment_failed - Production deployment failed: hxc213 writer 0 iter 5
2026/07/31 11:34:19 
❌ PRODUCTION DEPLOYMENT FAILED
2026/07/31 11:34:19 📊 Failure Summary:
2026/07/31 11:34:19    Failed Phase: deployment
2026/07/31 11:34:19    Error: hxc213 writer 0 iter 6
2026/07/31 11:34:19    Duration: 96.328462ms
2026/07/31 11:34:19    Servers Deployed: 0
2026/07/31 11:34:19 🔄 Triggering automatic rollback...
2026/07/31 11:34:19 🔄 Rollback requested for 0 deployed server(s) (reason: hxc213 writer 0 iter 6)
2026/07/31 11:34:19 ❌ Rollback NOT completed: rollback NOT completed: real SSH rollback transport not wired (0/0 servers reverted)
2026/07/31 11:34:19 📢 Notification: rollback_not_completed - rollback NOT completed: real SSH rollback transport not wired (0/0 servers reverted)
2026/07/31 11:34:19 📢 Notification: deployment_failed - Production deployment failed: hxc213 writer 0 iter 6
2026/07/31 11:34:19 
❌ PRODUCTION DEPLOYMENT FAILED
2026/07/31 11:34:19 📊 Failure Summary:
2026/07/31 11:34:19    Failed Phase: deployment
2026/07/31 11:34:19    Error: hxc213 writer 0 iter 7
2026/07/31 11:34:19    Duration: 96.44011ms
2026/07/31 11:34:19    Servers Deployed: 0
2026/07/31 11:34:19 🔄 Triggering automatic rollback...
2026/07/31 11:34:19 🔄 Rollback requested for 0 deployed server(s) (reason: hxc213 writer 0 iter 7)
2026/07/31 11:34:19 ❌ Rollback NOT completed: rollback NOT completed: real SSH rollback transport not wired (0/0 servers reverted)
2026/07/31 11:34:19 📢 Notification: rollback_not_completed - rollback NOT completed: real SSH rollback transport not wired (0/0 servers reverted)
2026/07/31 11:34:19 📢 Notification: deployment_failed - Production deployment failed: hxc213 writer 0 iter 7
2026/07/31 11:34:19 
❌ PRODUCTION DEPLOYMENT FAILED
2026/07/31 11:34:19 📊 Failure Summary:
2026/07/31 11:34:19    Failed Phase: deployment
2026/07/31 11:34:19    Error: hxc213 writer 0 iter 8
2026/07/31 11:34:19    Duration: 96.55885ms
2026/07/31 11:34:19    Servers Deployed: 0
2026/07/31 11:34:19 🔄 Triggering automatic rollback...
2026/07/31 11:34:19 🔄 Rollback requested for 0 deployed server(s) (reason: hxc213 writer 0 iter 8)
2026/07/31 11:34:19 ❌ Rollback NOT completed: rollback NOT completed: real SSH rollback transport not wired (0/0 servers reverted)
2026/07/31 11:34:19 📢 Notification: rollback_not_completed - rollback NOT completed: real SSH rollback transport not wired (0/0 servers reverted)
2026/07/31 11:34:19 📢 Notification: deployment_failed - Production deployment failed: hxc213 writer 0 iter 8
2026/07/31 11:34:19 
❌ PRODUCTION DEPLOYMENT FAILED
2026/07/31 11:34:19 📊 Failure Summary:
2026/07/31 11:34:19    Failed Phase: deployment
2026/07/31 11:34:19    Error: hxc213 writer 0 iter 9
2026/07/31 11:34:19    Duration: 96.655827ms
2026/07/31 11:34:19    Servers Deployed: 0
2026/07/31 11:34:19 🔄 Triggering automatic rollback...
2026/07/31 11:34:19 🔄 Rollback requested for 0 deployed server(s) (reason: hxc213 writer 0 iter 9)
2026/07/31 11:34:19 ❌ Rollback NOT completed: rollback NOT completed: real SSH rollback transport not wired (0/0 servers reverted)
2026/07/31 11:34:19 📢 Notification: rollback_not_completed - rollback NOT completed: real SSH rollback transport not wired (0/0 servers reverted)
2026/07/31 11:34:19 📢 Notification: deployment_failed - Production deployment failed: hxc213 writer 0 iter 9
2026/07/31 11:34:19 
❌ PRODUCTION DEPLOYMENT FAILED
2026/07/31 11:34:19 📊 Failure Summary:
2026/07/31 11:34:19    Failed Phase: deployment
2026/07/31 11:34:19    Error: hxc213 writer 0 iter 10
2026/07/31 11:34:19    Duration: 96.761056ms
2026/07/31 11:34:19    Servers Deployed: 0
2026/07/31 11:34:19 🔄 Triggering automatic rollback...
2026/07/31 11:34:19 🔄 Rollback requested for 0 deployed server(s) (reason: hxc213 writer 0 iter 10)
2026/07/31 11:34:19 ❌ Rollback NOT completed: rollback NOT completed: real SSH rollback transport not wired (0/0 servers reverted)
2026/07/31 11:34:19 📢 Notification: rollback_not_completed - rollback NOT completed: real SSH rollback transport not wired (0/0 servers reverted)
2026/07/31 11:34:19 📢 Notification: deployment_failed - Production deployment failed: hxc213 writer 0 iter 10
2026/07/31 11:34:19 
❌ PRODUCTION DEPLOYMENT FAILED
2026/07/31 11:34:19 📊 Failure Summary:
2026/07/31 11:34:19    Failed Phase: deployment
2026/07/31 11:34:19    Error: hxc213 writer 0 iter 11
2026/07/31 11:34:19    Duration: 96.875989ms
2026/07/31 11:34:19    Servers Deployed: 0
2026/07/31 11:34:19 🔄 Rollback requested for 0 deployed server(s) (reason: hxc213 writer 2 iter 2)
2026/07/31 11:34:19 ❌ Rollback NOT completed: rollback NOT completed: real SSH rollback transport not wired (0/0 servers reverted)
2026/07/31 11:34:19 📢 Notification: rollback_not_completed - rollback NOT completed: real SSH rollback transport not wired (0/0 servers reverted)
2026/07/31 11:34:19 📢 Notification: deployment_failed - Production deployment failed: hxc213 writer 2 iter 2
2026/07/31 11:34:19 
❌ PRODUCTION DEPLOYMENT FAILED
2026/07/31 11:34:19 📊 Failure Summary:
2026/07/31 11:34:19    Failed Phase: deployment
==================
2026/07/31 11:34:19    Error: hxc213 writer 2 iter 3
WARNING: DATA RACE
Write at 0x00c0002a0060 by goroutine 75:
2026/07/31 11:34:19    Duration: 97.1078ms
  dev.helix.code/internal/deployment.(*ProductionDeployer).failDeployment()
      /home/milos/Factory/projects/tools_and_research/helix_code/helix_code/internal/deployment/production_deployer.go:1099 +0x270
  dev.helix.code/internal/deployment.TestHXC213_StatusReadsUnderRLock_DoNotRaceWithConcurrentWriters.func1()
      /home/milos/Factory/projects/tools_and_research/helix_code/helix_code/internal/deployment/production_deployer_hxc213_race_test.go:104 +0xd0
  dev.helix.code/internal/deployment.TestHXC213_StatusReadsUnderRLock_DoNotRaceWithConcurrentWriters.gowrap1()
      /home/milos/Factory/projects/tools_and_research/helix_code/helix_code/internal/deployment/production_deployer_hxc213_race_test.go:106 +0x38

Previous write at 0x00c0002a0060 by 2026/07/31 11:34:19    Servers Deployed: 0
goroutine 74:
  dev.helix.code/internal/deployment.(*ProductionDeployer).failDeployment()
      /home/milos/Factory/projects/tools_and_research/helix_code/helix_code/internal/deployment/production_deployer.go:1099 +0x270
  dev.helix.code/internal/deployment.TestHXC213_StatusReadsUnderRLock_DoNotRaceWithConcurrentWriters.func1()
      /home/milos/Factory/projects/tools_and_research/helix_code/helix_code/internal/deployment/production_deployer_hxc213_race_test.go:104 +0xd0
2026/07/31 11:34:19 🔄 Triggering automatic rollback...
  dev.helix.code/internal/deployment.TestHXC213_StatusReadsUnderRLock_DoNotRaceWithConcurrentWriters.gowrap1()
      /home/milos/Factory/projects/tools_and_research/helix_code/helix_code/internal/deployment/production_deployer_hxc213_race_test.go:106 +0x38

Goroutine 75 (running) created at:
  dev.helix.code/internal/deployment.TestHXC213_StatusReadsUnderRLock_DoNotRaceWithConcurrentWriters()
      /home/milos/Factory/projects/tools_and_research/helix_code/helix_code/internal/deployment/production_deployer_hxc213_race_test.go:101 +0x43a
  testing.tRunner()
      /usr/lib/golang/src/testing/testing.go:2036 +0x21c
  testing.(*T).Run.gowrap1()
      /usr/lib/golang/src/testing/testing.go:2101 +0x38
2026/07/31 11:34:19 🔄 Rollback requested for 0 deployed server(s) (reason: hxc213 writer 2 iter 3)

Goroutine 74 (running) created at:
  dev.helix.code/internal/deployment.TestHXC213_StatusReadsUnderRLock_DoNotRaceWithConcurrentWriters()
      /home/milos/Factory/projects/tools_and_research/helix_code/helix_code/internal/deployment/production_deployer_hxc213_race_test.go:101 +0x43a
  testing.tRunner()
      /usr/lib/golang/src/testing/testing.go:2036 +0x21c
  testing.(*T).Run.gowrap1()
      /usr/lib/golang/src/testing/testing.go:2101 +0x38
==================
2026/07/31 11:34:19 ❌ Rollback NOT completed: rollback NOT completed: real SSH rollback transport not wired (0/0 servers reverted)
2026/07/31 11:34:19 📢 Notification: rollback_not_completed - rollback NOT completed: real SSH rollback transport not wired (0/0 servers reverted)
2026/07/31 11:34:19 📢 Notification: deployment_failed - Production deployment failed: hxc213 writer 2 iter 3
2026/07/31 11:34:19 
❌ PRODUCTION DEPLOYMENT FAILED
2026/07/31 11:34:19 📊 Failure Summary:
2026/07/31 11:34:19    Failed Phase: deployment
2026/07/31 11:34:19    Error: hxc213 writer 2 iter 4
2026/07/31 11:34:19    Duration: 97.256795ms
2026/07/31 11:34:19    Servers Deployed: 0
2026/07/31 11:34:19 🔄 Triggering automatic rollback...
2026/07/31 11:34:19 🔄 Rollback requested for 0 deployed server(s) (reason: hxc213 writer 2 iter 4)
2026/07/31 11:34:19 ❌ Rollback NOT completed: rollback NOT completed: real SSH rollback transport not wired (0/0 servers reverted)
==================
WARNING: DATA RACE
Read at 0x00c0002a0088 by goroutine 75:
  dev.helix.code/internal/deployment.(*ProductionDeployer).failDeployment()
      /home/milos/Factory/projects/tools_and_research/helix_code/helix_code/internal/deployment/production_deployer.go:1100 +0x2cc
  dev.helix.code/internal/deployment.TestHXC213_StatusReadsUnderRLock_DoNotRaceWithConcurrentWriters.func1()
      /home/milos/Factory/projects/tools_and_research/helix_code/helix_code/internal/deployment/production_deployer_hxc213_race_test.go:104 +0xd0
  dev.helix.code/internal/deployment.TestHXC213_StatusReadsUnderRLock_DoNotRaceWithConcurrentWriters.gowrap1()
      /home/milos/Factory/projects/tools_and_research/helix_code/helix_code/internal/deployment/production_deployer_hxc213_race_test.go:106 +0x38

Previous write at 0x00c0002a0088 by goroutine 74:
  dev.helix.code/internal/deployment.(*ProductionDeployer).failDeployment()
      /home/milos/Factory/projects/tools_and_research/helix_code/helix_code/internal/deployment/production_deployer.go:1100 +0x3b3
  dev.helix.code/internal/deployment.TestHXC213_StatusReadsUnderRLock_DoNotRaceWithConcurrentWriters.func1()
      /home/milos/Factory/projects/tools_and_research/helix_code/helix_code/internal/deployment/production_deployer_hxc213_race_test.go:104 +0xd0
  dev.helix.code/internal/deployment.TestHXC213_StatusReadsUnderRLock_DoNotRaceWithConcurrentWriters.gowrap1()
      /home/milos/Factory/projects/tools_and_research/helix_code/helix_code/internal/deployment/production_deployer_hxc213_race_test.go:106 +0x38

Goroutine 75 (running) created at:
  dev.helix.code/internal/deployment.TestHXC213_StatusReadsUnderRLock_DoNotRaceWithConcurrentWriters()
      /home/milos/Factory/projects/tools_and_research/helix_code/helix_code/internal/deployment/production_deployer_hxc213_race_test.go:101 +0x43a
  testing.tRunner()
      /usr/lib/golang/src/testing/testing.go:2036 +0x21c
  testing.(*T).Run.gowrap1()
      /usr/lib/golang/src/testing/testing.go:2101 +0x38

Goroutine 74 (running) created at:
  dev.helix.code/internal/deployment.TestHXC213_StatusReadsUnderRLock_DoNotRaceWithConcurrentWriters()
      /home/milos/Factory/projects/tools_and_research/helix_code/helix_code/internal/deployment/production_deployer_hxc213_race_test.go:101 +0x43a
  testing.tRunner()
      /usr/lib/golang/src/testing/testing.go:2036 +0x21c
  testing.(*T).Run.gowrap1()
      /usr/lib/golang/src/testing/testing.go:2101 +0x38
==================
2026/07/31 11:34:19 🔄 Triggering automatic rollback...
2026/07/31 11:34:19 🔄 Rollback requested for 0 deployed server(s) (reason: hxc213 writer 0 iter 11)
2026/07/31 11:34:19 ❌ Rollback NOT completed: rollback NOT completed: real SSH rollback transport not wired (0/0 servers reverted)
2026/07/31 11:34:19 📢 Notification: rollback_not_completed - rollback NOT completed: real SSH rollback transport not wired (0/0 servers reverted)
2026/07/31 11:34:19 📢 Notification: deployment_failed - Production deployment failed: hxc213 writer 0 iter 11
==================
WARNING: DATA RACE
Write at 0x00c000002180 by goroutine 74:
  dev.helix.code/internal/deployment.(*ProductionDeployer).failDeployment()
      /home/milos/Factory/projects/tools_and_research/helix_code/helix_code/internal/deployment/production_deployer.go:1100 +0x33c
  dev.helix.code/internal/deployment.TestHXC213_StatusReadsUnderRLock_DoNotRaceWithConcurrentWriters.func1()
      /home/milos/Factory/projects/tools_and_research/helix_code/helix_code/internal/deployment/production_deployer_hxc213_race_test.go:104 +0xd0
  dev.helix.code/internal/deployment.TestHXC213_StatusReadsUnderRLock_DoNotRaceWithConcurrentWriters.gowrap1()
      /home/milos/Factory/projects/tools_and_research/helix_code/helix_code/internal/deployment/production_deployer_hxc213_race_test.go:106 +0x38

Previous write at 0x00c000002180 by goroutine 75:
  dev.helix.code/internal/deployment.(*ProductionDeployer).failDeployment()
      /home/milos/Factory/projects/tools_and_research/helix_code/helix_code/internal/deployment/production_deployer.go:1100 +0x33c
  dev.helix.code/internal/deployment.TestHXC213_StatusReadsUnderRLock_DoNotRaceWithConcurrentWriters.func1()
      /home/milos/Factory/projects/tools_and_research/helix_code/helix_code/internal/deployment/production_deployer_hxc213_race_test.go:104 +0xd0
  dev.helix.code/internal/deployment.TestHXC213_StatusReadsUnderRLock_DoNotRaceWithConcurrentWriters.gowrap1()
      /home/milos/Factory/projects/tools_and_research/helix_code/helix_code/internal/deployment/production_deployer_hxc213_race_test.go:106 +0x38

Goroutine 74 (running) created at:
  dev.helix.code/internal/deployment.TestHXC213_StatusReadsUnderRLock_DoNotRaceWithConcurrentWriters()
      /home/milos/Factory/projects/tools_and_research/helix_code/helix_code/internal/deployment/production_deployer_hxc213_race_test.go:101 +0x43a
  testing.tRunner()
      /usr/lib/golang/src/testing/testing.go:2036 +0x21c
  testing.(*T).Run.gowrap1()
      /usr/lib/golang/src/testing/testing.go:2101 +0x38

Goroutine 75 (running) created at:
  dev.helix.code/internal/deployment.TestHXC213_StatusReadsUnderRLock_DoNotRaceWithConcurrentWriters()
      /home/milos/Factory/projects/tools_and_research/helix_code/helix_code/internal/deployment/production_deployer_hxc213_race_test.go:101 +0x43a
  testing.tRunner()
      /usr/lib/golang/src/testing/testing.go:2036 +0x21c
  testing.(*T).Run.gowrap1()
      /usr/lib/golang/src/testing/testing.go:2101 +0x38
==================
2026/07/31 11:34:19 
❌ PRODUCTION DEPLOYMENT FAILED
2026/07/31 11:34:19 📊 Failure Summary:
2026/07/31 11:34:19    Failed Phase: deployment
2026/07/31 11:34:19    Error: hxc213 writer 0 iter 12
2026/07/31 11:34:19    Duration: 97.542487ms
2026/07/31 11:34:19    Servers Deployed: 0
2026/07/31 11:34:19 🔄 Triggering automatic rollback...
2026/07/31 11:34:19 🔄 Rollback requested for 0 deployed server(s) (reason: hxc213 writer 0 iter 12)
2026/07/31 11:34:19 ❌ Rollback NOT completed: rollback NOT completed: real SSH rollback transport not wired (0/0 servers reverted)
2026/07/31 11:34:19 📢 Notification: rollback_not_completed - rollback NOT completed: real SSH rollback transport not wired (0/0 servers reverted)
2026/07/31 11:34:19 📢 Notification: deployment_failed - Production deployment failed: hxc213 writer 0 iter 12
2026/07/31 11:34:19 
❌ PRODUCTION DEPLOYMENT FAILED
2026/07/31 11:34:19 📊 Failure Summary:
2026/07/31 11:34:19    Failed Phase: deployment
2026/07/31 11:34:19    Error: hxc213 writer 0 iter 13
2026/07/31 11:34:19    Duration: 98.003574ms
2026/07/31 11:34:19    Servers Deployed: 0
2026/07/31 11:34:19 🔄 Triggering automatic rollback...
2026/07/31 11:34:19 🔄 Rollback requested for 0 deployed server(s) (reason: hxc213 writer 0 iter 13)
2026/07/31 11:34:19 ❌ Rollback NOT completed: rollback NOT completed: real SSH rollback transport not wired (0/0 servers reverted)
2026/07/31 11:34:19 📢 Notification: rollback_not_completed - rollback NOT completed: real SSH rollback transport not wired (0/0 servers reverted)
2026/07/31 11:34:19 📢 Notification: deployment_failed - Production deployment failed: hxc213 writer 0 iter 13
2026/07/31 11:34:19 
❌ PRODUCTION DEPLOYMENT FAILED
2026/07/31 11:34:19 📊 Failure Summary:
2026/07/31 11:34:19    Failed Phase: deployment
2026/07/31 11:34:19    Error: hxc213 writer 0 iter 14
2026/07/31 11:34:19    Duration: 98.115042ms
2026/07/31 11:34:19    Servers Deployed: 0
2026/07/31 11:34:19 🔄 Triggering automatic rollback...
2026/07/31 11:34:19 🔄 Rollback requested for 0 deployed server(s) (reason: hxc213 writer 0 iter 14)
2026/07/31 11:34:19 ❌ Rollback NOT completed: rollback NOT completed: real SSH rollback transport not wired (0/0 servers reverted)
2026/07/31 11:34:19 📢 Notification: rollback_not_completed - rollback NOT completed: real SSH rollback transport not wired (0/0 servers reverted)
2026/07/31 11:34:19 📢 Notification: deployment_failed - Production deployment failed: hxc213 writer 0 iter 14
2026/07/31 11:34:19 
❌ PRODUCTION DEPLOYMENT FAILED
2026/07/31 11:34:19 📊 Failure Summary:
==================
WARNING: DATA RACE
Write at 0x00c0002a0088 by goroutine 75:
  dev.helix.code/internal/deployment.(*ProductionDeployer).failDeployment()
      /home/milos/Factory/projects/tools_and_research/helix_code/helix_code/internal/deployment/production_deployer.go:1100 +0x3b3
  dev.helix.code/internal/deployment.TestHXC213_StatusReadsUnderRLock_DoNotRaceWithConcurrentWriters.func1()
      /home/milos/Factory/projects/tools_and_research/helix_code/helix_code/internal/deployment/production_deployer_hxc213_race_test.go:104 +0xd0
  dev.helix.code/internal/deployment.TestHXC213_StatusReadsUnderRLock_DoNotRaceWithConcurrentWriters.gowrap1()
      /home/milos/Factory/projects/tools_and_research/helix_code/helix_code/internal/deployment/production_deployer_hxc213_race_test.go:106 +0x38

Previous write at 0x00c0002a0088 by goroutine 76:
  dev.helix.code/internal/deployment.(*ProductionDeployer).failDeployment()
      /home/milos/Factory/projects/tools_and_research/helix_code/helix_code/internal/deployment/production_deployer.go:1100 +0x3b3
  dev.helix.code/internal/deployment.TestHXC213_StatusReadsUnderRLock_DoNotRaceWithConcurrentWriters.func1()
      /home/milos/Factory/projects/tools_and_research/helix_code/helix_code/internal/deployment/production_deployer_hxc213_race_test.go:104 +0xd0
  dev.helix.code/internal/deployment.TestHXC213_StatusReadsUnderRLock_DoNotRaceWithConcurrentWriters.gowrap1()
      /home/milos/Factory/projects/tools_and_research/helix_code/helix_code/internal/deployment/production_deployer_hxc213_race_test.go:106 +0x38

Goroutine 75 (running) created at:
  dev.helix.code/internal/deployment.TestHXC213_StatusReadsUnderRLock_DoNotRaceWithConcurrentWriters()
      /home/milos/Factory/projects/tools_and_research/helix_code/helix_code/internal/deployment/production_deployer_hxc213_race_test.go:101 +0x43a
  testing.tRunner()
      /usr/lib/golang/src/testing/testing.go:2036 +0x21c
  testing.(*T).Run.gowrap1()
      /usr/lib/golang/src/testing/testing.go:2101 +0x38

Goroutine 76 (running) created at:
  dev.helix.code/internal/deployment.TestHXC213_StatusReadsUnderRLock_DoNotRaceWithConcurrentWriters()
      /home/milos/Factory/projects/tools_and_research/helix_code/helix_code/internal/deployment/production_deployer_hxc213_race_test.go:101 +0x43a
  testing.tRunner()
      /usr/lib/golang/src/testing/testing.go:2036 +0x21c
  testing.(*T).Run.gowrap1()
      /usr/lib/golang/src/testing/testing.go:2101 +0x38
==================
2026/07/31 11:34:19    Failed Phase: deployment
2026/07/31 11:34:19 📢 Notification: rollback_not_completed - rollback NOT completed: real SSH rollback transport not wired (0/0 servers reverted)
2026/07/31 11:34:19 
❌ PRODUCTION DEPLOYMENT FAILED
2026/07/31 11:34:19 📊 Failure Summary:
2026/07/31 11:34:19 📢 Notification: deployment_failed - Production deployment failed: hxc213 writer 2 iter 4
2026/07/31 11:34:19    Failed Phase: deployment
2026/07/31 11:34:19    Error: hxc213 writer 1 iter 7
2026/07/31 11:34:19    Error: hxc213 writer 0 iter 15
2026/07/31 11:34:19    Duration: 98.468537ms
2026/07/31 11:34:19    Servers Deployed: 0
2026/07/31 11:34:19 🔄 Triggering automatic rollback...
==================
WARNING: DATA RACE
Read at 0x00c0002a0058 by goroutine 75:
  dev.helix.code/internal/deployment.(*ProductionDeployer).failDeployment()
      /home/milos/Factory/projects/tools_and_research/helix_code/helix_code/internal/deployment/production_deployer.go:1106 +0x7b6
  dev.helix.code/internal/deployment.TestHXC213_StatusReadsUnderRLock_DoNotRaceWithConcurrentWriters.func1()
      /home/milos/Factory/projects/tools_and_research/helix_code/helix_code/internal/deployment/production_deployer_hxc213_race_test.go:104 +0xd0
  dev.helix.code/internal/deployment.TestHXC213_StatusReadsUnderRLock_DoNotRaceWithConcurrentWriters.gowrap1()
      /home/milos/Factory/projects/tools_and_research/helix_code/helix_code/internal/deployment/production_deployer_hxc213_race_test.go:106 +0x38

Previous write at 0x00c0002a0058 by goroutine 76:
  dev.helix.code/internal/deployment.(*ProductionDeployer).failDeployment()
      /home/milos/Factory/projects/tools_and_research/helix_code/helix_code/internal/deployment/production_deployer.go:1097 +0x1d7
  dev.helix.code/internal/deployment.TestHXC213_StatusReadsUnderRLock_DoNotRaceWithConcurrentWriters.func1()
      /home/milos/Factory/projects/tools_and_research/helix_code/helix_code/internal/deployment/production_deployer_hxc213_race_test.go:104 +0xd0
  dev.helix.code/internal/deployment.TestHXC213_StatusReadsUnderRLock_DoNotRaceWithConcurrentWriters.gowrap1()
      /home/milos/Factory/projects/tools_and_research/helix_code/helix_code/internal/deployment/production_deployer_hxc213_race_test.go:106 +0x38

Goroutine 75 (running) created at:
  dev.helix.code/internal/deployment.TestHXC213_StatusReadsUnderRLock_DoNotRaceWithConcurrentWriters()
      /home/milos/Factory/projects/tools_and_research/helix_code/helix_code/internal/deployment/production_deployer_hxc213_race_test.go:101 +0x43a
  testing.tRunner()
      /usr/lib/golang/src/testing/testing.go:2036 +0x21c
  testing.(*T).Run.gowrap1()
      /usr/lib/golang/src/testing/testing.go:2101 +0x38

Goroutine 76 (running) created at:
  dev.helix.code/internal/deployment.TestHXC213_StatusReadsUnderRLock_DoNotRaceWithConcurrentWriters()
      /home/milos/Factory/projects/tools_and_research/helix_code/helix_code/internal/deployment/production_deployer_hxc213_race_test.go:101 +0x43a
  testing.tRunner()
      /usr/lib/golang/src/testing/testing.go:2036 +0x21c
  testing.(*T).Run.gowrap1()
      /usr/lib/golang/src/testing/testing.go:2101 +0x38
==================
2026/07/31 11:34:19    Duration: 98.468537ms
2026/07/31 11:34:19    Servers Deployed: 0
2026/07/31 11:34:19 🔄 Triggering automatic rollback...
2026/07/31 11:34:19 
❌ PRODUCTION DEPLOYMENT FAILED
2026/07/31 11:34:19 📊 Failure Summary:
2026/07/31 11:34:19    Failed Phase: deployment
2026/07/31 11:34:19    Error: hxc213 writer 2 iter 5
2026/07/31 11:34:19    Duration: 98.468537ms
2026/07/31 11:34:19    Servers Deployed: 0
2026/07/31 11:34:19 🔄 Triggering automatic rollback...
==================
WARNING: DATA RACE
Write at 0x00c0002a0260 by goroutine 75:
  dev.helix.code/internal/deployment.(*ProductionDeployer).triggerRollback()
      /home/milos/Factory/projects/tools_and_research/helix_code/helix_code/internal/deployment/production_deployer.go:1119 +0x84
  dev.helix.code/internal/deployment.(*ProductionDeployer).failDeployment()
      /home/milos/Factory/projects/tools_and_research/helix_code/helix_code/internal/deployment/production_deployer.go:1112 +0xaf4
  dev.helix.code/internal/deployment.TestHXC213_StatusReadsUnderRLock_DoNotRaceWithConcurrentWriters.func1()
      /home/milos/Factory/projects/tools_and_research/helix_code/helix_code/internal/deployment/production_deployer_hxc213_race_test.go:104 +0xd0
  dev.helix.code/internal/deployment.TestHXC213_StatusReadsUnderRLock_DoNotRaceWithConcurrentWriters.gowrap1()
      /home/milos/Factory/projects/tools_and_research/helix_code/helix_code/internal/deployment/production_deployer_hxc213_race_test.go:106 +0x38

Previous write at 0x00c0002a0260 by goroutine 74:
  dev.helix.code/internal/deployment.(*ProductionDeployer).triggerRollback()
      /home/milos/Factory/projects/tools_and_research/helix_code/helix_code/internal/deployment/production_deployer.go:1119 +0x84
  dev.helix.code/internal/deployment.(*ProductionDeployer).failDeployment()
      /home/milos/Factory/projects/tools_and_research/helix_code/helix_code/internal/deployment/production_deployer.go:1112 +0xaf4
  dev.helix.code/internal/deployment.TestHXC213_StatusReadsUnderRLock_DoNotRaceWithConcurrentWriters.func1()
      /home/milos/Factory/projects/tools_and_research/helix_code/helix_code/internal/deployment/production_deployer_hxc213_race_test.go:104 +0xd0
  dev.helix.code/internal/deployment.TestHXC213_StatusReadsUnderRLock_DoNotRaceWithConcurrentWriters.gowrap1()
      /home/milos/Factory/projects/tools_and_research/helix_code/helix_code/internal/deployment/production_deployer_hxc213_race_test.go:106 +0x38

Goroutine 75 (running) created at:
  dev.helix.code/internal/deployment.TestHXC213_StatusReadsUnderRLock_DoNotRaceWithConcurrentWriters()
      /home/milos/Factory/projects/tools_and_research/helix_code/helix_code/internal/deployment/production_deployer_hxc213_race_test.go:101 +0x43a
  testing.tRunner()
      /usr/lib/golang/src/testing/testing.go:2036 +0x21c
  testing.(*T).Run.gowrap1()
      /usr/lib/golang/src/testing/testing.go:2101 +0x38

Goroutine 74 (running) created at:
  dev.helix.code/internal/deployment.TestHXC213_StatusReadsUnderRLock_DoNotRaceWithConcurrentWriters()
      /home/milos/Factory/projects/tools_and_research/helix_code/helix_code/internal/deployment/production_deployer_hxc213_race_test.go:101 +0x43a
  testing.tRunner()
      /usr/lib/golang/src/testing/testing.go:2036 +0x21c
  testing.(*T).Run.gowrap1()
      /usr/lib/golang/src/testing/testing.go:2101 +0x38
==================
2026/07/31 11:34:19 🔄 Rollback requested for 0 deployed server(s) (reason: hxc213 writer 1 iter 7)
2026/07/31 11:34:19 ❌ Rollback NOT completed: rollback NOT completed: real SSH rollback transport not wired (0/0 servers reverted)
2026/07/31 11:34:19 📢 Notification: rollback_not_completed - rollback NOT completed: real SSH rollback transport not wired (0/0 servers reverted)
2026/07/31 11:34:19 📢 Notification: deployment_failed - Production deployment failed: hxc213 writer 1 iter 7
2026/07/31 11:34:19 
❌ PRODUCTION DEPLOYMENT FAILED
2026/07/31 11:34:19 📊 Failure Summary:
2026/07/31 11:34:19    Failed Phase: deployment
2026/07/31 11:34:19    Error: hxc213 writer 1 iter 8
2026/07/31 11:34:19    Duration: 99.600168ms
2026/07/31 11:34:19    Servers Deployed: 0
2026/07/31 11:34:19 🔄 Triggering automatic rollback...
2026/07/31 11:34:19 🔄 Rollback requested for 0 deployed server(s) (reason: hxc213 writer 1 iter 8)
2026/07/31 11:34:19 ❌ Rollback NOT completed: rollback NOT completed: real SSH rollback transport not wired (0/0 servers reverted)
2026/07/31 11:34:19 📢 Notification: rollback_not_completed - rollback NOT completed: real SSH rollback transport not wired (0/0 servers reverted)
2026/07/31 11:34:19 📢 Notification: deployment_failed - Production deployment failed: hxc213 writer 1 iter 8
2026/07/31 11:34:19 
❌ PRODUCTION DEPLOYMENT FAILED
2026/07/31 11:34:19 📊 Failure Summary:
2026/07/31 11:34:19    Failed Phase: deployment
2026/07/31 11:34:19    Error: hxc213 writer 1 iter 9
2026/07/31 11:34:19    Duration: 99.813741ms
2026/07/31 11:34:19    Servers Deployed: 0
2026/07/31 11:34:19 🔄 Triggering automatic rollback...
2026/07/31 11:34:19 🔄 Rollback requested for 0 deployed server(s) (reason: hxc213 writer 1 iter 9)
2026/07/31 11:34:19 ❌ Rollback NOT completed: rollback NOT completed: real SSH rollback transport not wired (0/0 servers reverted)
2026/07/31 11:34:19 📢 Notification: rollback_not_completed - rollback NOT completed: real SSH rollback transport not wired (0/0 servers reverted)
2026/07/31 11:34:19 📢 Notification: deployment_failed - Production deployment failed: hxc213 writer 1 iter 9
2026/07/31 11:34:19 
❌ PRODUCTION DEPLOYMENT FAILED
2026/07/31 11:34:19 📊 Failure Summary:
2026/07/31 11:34:19    Failed Phase: deployment
2026/07/31 11:34:19    Error: hxc213 writer 1 iter 10
2026/07/31 11:34:19    Duration: 99.92585ms
2026/07/31 11:34:19    Servers Deployed: 0
2026/07/31 11:34:19 🔄 Triggering automatic rollback...
2026/07/31 11:34:19 🔄 Rollback requested for 0 deployed server(s) (reason: hxc213 writer 1 iter 10)
2026/07/31 11:34:19 ❌ Rollback NOT completed: rollback NOT completed: real SSH rollback transport not wired (0/0 servers reverted)
2026/07/31 11:34:19 📢 Notification: rollback_not_completed - rollback NOT completed: real SSH rollback transport not wired (0/0 servers reverted)
2026/07/31 11:34:19 📢 Notification: deployment_failed - Production deployment failed: hxc213 writer 1 iter 10
2026/07/31 11:34:19 
❌ PRODUCTION DEPLOYMENT FAILED
2026/07/31 11:34:19 📊 Failure Summary:
2026/07/31 11:34:19    Failed Phase: deployment
2026/07/31 11:34:19    Error: hxc213 writer 1 iter 11
2026/07/31 11:34:19    Duration: 100.041886ms
2026/07/31 11:34:19    Servers Deployed: 0
2026/07/31 11:34:19 🔄 Triggering automatic rollback...
2026/07/31 11:34:19 🔄 Rollback requested for 0 deployed server(s) (reason: hxc213 writer 1 iter 11)
2026/07/31 11:34:19 🔄 Rollback requested for 0 deployed server(s) (reason: hxc213 writer 0 iter 15)
2026/07/31 11:34:19 ❌ Rollback NOT completed: rollback NOT completed: real SSH rollback transport not wired (0/0 servers reverted)
2026/07/31 11:34:19 📢 Notification: rollback_not_completed - rollback NOT completed: real SSH rollback transport not wired (0/0 servers reverted)
2026/07/31 11:34:19 📢 Notification: deployment_failed - Production deployment failed: hxc213 writer 0 iter 15
2026/07/31 11:34:19 
❌ PRODUCTION DEPLOYMENT FAILED
2026/07/31 11:34:19 📊 Failure Summary:
2026/07/31 11:34:19    Failed Phase: deployment
2026/07/31 11:34:19    Error: hxc213 writer 0 iter 16
2026/07/31 11:34:19    Duration: 100.479848ms
2026/07/31 11:34:19    Servers Deployed: 0
2026/07/31 11:34:19 🔄 Triggering automatic rollback...
2026/07/31 11:34:19 🔄 Rollback requested for 0 deployed server(s) (reason: hxc213 writer 0 iter 16)
2026/07/31 11:34:19 ❌ Rollback NOT completed: rollback NOT completed: real SSH rollback transport not wired (0/0 servers reverted)
2026/07/31 11:34:19 📢 Notification: rollback_not_completed - rollback NOT completed: real SSH rollback transport not wired (0/0 servers reverted)
2026/07/31 11:34:19 📢 Notification: deployment_failed - Production deployment failed: hxc213 writer 0 iter 16
2026/07/31 11:34:19 
❌ PRODUCTION DEPLOYMENT FAILED
2026/07/31 11:34:19 📊 Failure Summary:
2026/07/31 11:34:19    Failed Phase: deployment
2026/07/31 11:34:19    Error: hxc213 writer 0 iter 17
2026/07/31 11:34:19    Duration: 100.590245ms
2026/07/31 11:34:19    Servers Deployed: 0
2026/07/31 11:34:19 🔄 Triggering automatic rollback...
2026/07/31 11:34:19 🔄 Rollback requested for 0 deployed server(s) (reason: hxc213 writer 0 iter 17)
2026/07/31 11:34:19 ❌ Rollback NOT completed: rollback NOT completed: real SSH rollback transport not wired (0/0 servers reverted)
2026/07/31 11:34:19 📢 Notification: rollback_not_completed - rollback NOT completed: real SSH rollback transport not wired (0/0 servers reverted)
2026/07/31 11:34:19 📢 Notification: deployment_failed - Production deployment failed: hxc213 writer 0 iter 17
==================
WARNING: DATA RACE
Write at 0x00c0002a0060 by goroutine 76:
  dev.helix.code/internal/deployment.(*ProductionDeployer).triggerRollback()
      /home/milos/Factory/projects/tools_and_research/helix_code/helix_code/internal/deployment/production_deployer.go:1121 +0x12d
  dev.helix.code/internal/deployment.(*ProductionDeployer).failDeployment()
      /home/milos/Factory/projects/tools_and_research/helix_code/helix_code/internal/deployment/production_deployer.go:1112 +0xaf4
  dev.helix.code/internal/deployment.TestHXC213_StatusReadsUnderRLock_DoNotRaceWithConcurrentWriters.func1()
      /home/milos/Factory/projects/tools_and_research/helix_code/helix_code/internal/deployment/production_deployer_hxc213_race_test.go:104 +0xd0
  dev.helix.code/internal/deployment.TestHXC213_StatusReadsUnderRLock_DoNotRaceWithConcurrentWriters.gowrap1()
      /home/milos/Factory/projects/tools_and_research/helix_code/helix_code/internal/deployment/production_deployer_hxc213_race_test.go:106 +0x38

Previous write at 0x00c0002a0060 by goroutine 75:
  dev.helix.code/internal/deployment.(*ProductionDeployer).triggerRollback()
      /home/milos/Factory/projects/tools_and_research/helix_code/helix_code/internal/deployment/production_deployer.go:1121 +0x12d
  dev.helix.code/internal/deployment.(*ProductionDeployer).failDeployment()
      /home/milos/Factory/projects/tools_and_research/helix_code/helix_code/internal/deployment/production_deployer.go:1112 +0xaf4
  dev.helix.code/internal/deployment.TestHXC213_StatusReadsUnderRLock_DoNotRaceWithConcurrentWriters.func1()
      /home/milos/Factory/projects/tools_and_research/helix_code/helix_code/internal/deployment/production_deployer_hxc213_race_test.go:104 +0xd0
  dev.helix.code/internal/deployment.TestHXC213_StatusReadsUnderRLock_DoNotRaceWithConcurrentWriters.gowrap1()
      /home/milos/Factory/projects/tools_and_research/helix_code/helix_code/internal/deployment/production_deployer_hxc213_race_test.go:106 +0x38

Goroutine 76 (running) created at:
  dev.helix.code/internal/deployment.TestHXC213_StatusReadsUnderRLock_DoNotRaceWithConcurrentWriters()
      /home/milos/Factory/projects/tools_and_research/helix_code/helix_code/internal/deployment/production_deployer_hxc213_race_test.go:101 +0x43a
  testing.tRunner()
      /usr/lib/golang/src/testing/testing.go:2036 +0x21c
  testing.(*T).Run.gowrap1()
      /usr/lib/golang/src/testing/testing.go:2101 +0x38

Goroutine 75 (running) created at:
  dev.helix.code/internal/deployment.TestHXC213_StatusReadsUnderRLock_DoNotRaceWithConcurrentWriters()
      /home/milos/Factory/projects/tools_and_research/helix_code/helix_code/internal/deployment/production_deployer_hxc213_race_test.go:101 +0x43a
  testing.tRunner()
      /usr/lib/golang/src/testing/testing.go:2036 +0x21c
  testing.(*T).Run.gowrap1()
      /usr/lib/golang/src/testing/testing.go:2101 +0x38
==================
2026/07/31 11:34:19 ❌ Rollback NOT completed: rollback NOT completed: real SSH rollback transport not wired (0/0 servers reverted)
2026/07/31 11:34:19 🔄 Rollback requested for 0 deployed server(s) (reason: hxc213 writer 2 iter 5)
2026/07/31 11:34:19 📢 Notification: rollback_not_completed - rollback NOT completed: real SSH rollback transport not wired (0/0 servers reverted)
2026/07/31 11:34:19 📢 Notification: deployment_failed - Production deployment failed: hxc213 writer 1 iter 11
2026/07/31 11:34:19 ❌ Rollback NOT completed: rollback NOT completed: real SSH rollback transport not wired (0/0 servers reverted)
2026/07/31 11:34:19 📢 Notification: rollback_not_completed - rollback NOT completed: real SSH rollback transport not wired (0/0 servers reverted)
2026/07/31 11:34:19 📢 Notification: deployment_failed - Production deployment failed: hxc213 writer 2 iter 5
==================
WARNING: DATA RACE
Write at 0x00c0002a0058 by goroutine 76:
  dev.helix.code/internal/deployment.(*ProductionDeployer).failDeployment()
      /home/milos/Factory/projects/tools_and_research/helix_code/helix_code/internal/deployment/production_deployer.go:1097 +0x1d7
  dev.helix.code/internal/deployment.TestHXC213_StatusReadsUnderRLock_DoNotRaceWithConcurrentWriters.func1()
      /home/milos/Factory/projects/tools_and_research/helix_code/helix_code/internal/deployment/production_deployer_hxc213_race_test.go:104 +0xd0
  dev.helix.code/internal/deployment.TestHXC213_StatusReadsUnderRLock_DoNotRaceWithConcurrentWriters.gowrap1()
      /home/milos/Factory/projects/tools_and_research/helix_code/helix_code/internal/deployment/production_deployer_hxc213_race_test.go:106 +0x38

Previous write at 0x00c0002a0058 by goroutine 75:
  dev.helix.code/internal/deployment.(*ProductionDeployer).failDeployment()
      /home/milos/Factory/projects/tools_and_research/helix_code/helix_code/internal/deployment/production_deployer.go:1097 +0x1d7
  dev.helix.code/internal/deployment.TestHXC213_StatusReadsUnderRLock_DoNotRaceWithConcurrentWriters.func1()
      /home/milos/Factory/projects/tools_and_research/helix_code/helix_code/internal/deployment/production_deployer_hxc213_race_test.go:104 +0xd0
  dev.helix.code/internal/deployment.TestHXC213_StatusReadsUnderRLock_DoNotRaceWithConcurrentWriters.gowrap1()
      /home/milos/Factory/projects/tools_and_research/helix_code/helix_code/internal/deployment/production_deployer_hxc213_race_test.go:106 +0x38

Goroutine 76 (running) created at:
  dev.helix.code/internal/deployment.TestHXC213_StatusReadsUnderRLock_DoNotRaceWithConcurrentWriters()
      /home/milos/Factory/projects/tools_and_research/helix_code/helix_code/internal/deployment/production_deployer_hxc213_race_test.go:101 +0x43a
  testing.tRunner()
      /usr/lib/golang/src/testing/testing.go:2036 +0x21c
  testing.(*T).Run.gowrap1()
      /usr/lib/golang/src/testing/testing.go:2101 +0x38

Goroutine 75 (running) created at:
  dev.helix.code/internal/deployment.TestHXC213_StatusReadsUnderRLock_DoNotRaceWithConcurrentWriters()
      /home/milos/Factory/projects/tools_and_research/helix_code/helix_code/internal/deployment/production_deployer_hxc213_race_test.go:101 +0x43a
  testing.tRunner()
      /usr/lib/golang/src/testing/testing.go:2036 +0x21c
  testing.(*T).Run.gowrap1()
      /usr/lib/golang/src/testing/testing.go:2101 +0x38
==================
2026/07/31 11:34:19 
❌ PRODUCTION DEPLOYMENT FAILED
2026/07/31 11:34:19 📊 Failure Summary:
2026/07/31 11:34:19    Failed Phase: deployment
2026/07/31 11:34:19    Error: hxc213 writer 2 iter 6
2026/07/31 11:34:19 
❌ PRODUCTION DEPLOYMENT FAILED
2026/07/31 11:34:19 📊 Failure Summary:
2026/07/31 11:34:19    Failed Phase: deployment
2026/07/31 11:34:19    Error: hxc213 writer 1 iter 12
2026/07/31 11:34:19    Duration: 101.401932ms
2026/07/31 11:34:19    Servers Deployed: 0
2026/07/31 11:34:19 🔄 Triggering automatic rollback...
2026/07/31 11:34:19    Duration: 101.401932ms
2026/07/31 11:34:19 🔄 Rollback requested for 0 deployed server(s) (reason: hxc213 writer 1 iter 12)
2026/07/31 11:34:19    Servers Deployed: 0
2026/07/31 11:34:19 ❌ Rollback NOT completed: rollback NOT completed: real SSH rollback transport not wired (0/0 servers reverted)
2026/07/31 11:34:19 🔄 Triggering automatic rollback...
2026/07/31 11:34:19 🔄 Rollback requested for 0 deployed server(s) (reason: hxc213 writer 2 iter 6)
2026/07/31 11:34:19 ❌ Rollback NOT completed: rollback NOT completed: real SSH rollback transport not wired (0/0 servers reverted)
==================
WARNING: DATA RACE
Write at 0x00c0002a0018 by goroutine 74:
  dev.helix.code/internal/deployment.(*ProductionDeployer).failDeployment()
      /home/milos/Factory/projects/tools_and_research/helix_code/helix_code/internal/deployment/production_deployer.go:1098 +0x214
  dev.helix.code/internal/deployment.TestHXC213_StatusReadsUnderRLock_DoNotRaceWithConcurrentWriters.func1()
      /home/milos/Factory/projects/tools_and_research/helix_code/helix_code/internal/deployment/production_deployer_hxc213_race_test.go:104 +0xd0
  dev.helix.code/internal/deployment.TestHXC213_StatusReadsUnderRLock_DoNotRaceWithConcurrentWriters.gowrap1()
      /home/milos/Factory/projects/tools_and_research/helix_code/helix_code/internal/deployment/production_deployer_hxc213_race_test.go:106 +0x38

Previous write at 0x00c0002a0018 by goroutine 75:
  dev.helix.code/internal/deployment.(*ProductionDeployer).failDeployment()
      /home/milos/Factory/projects/tools_and_research/helix_code/helix_code/internal/deployment/production_deployer.go:1098 +0x214
  dev.helix.code/internal/deployment.TestHXC213_StatusReadsUnderRLock_DoNotRaceWithConcurrentWriters.func1()
      /home/milos/Factory/projects/tools_and_research/helix_code/helix_code/internal/deployment/production_deployer_hxc213_race_test.go:104 +0xd0
  dev.helix.code/internal/deployment.TestHXC213_StatusReadsUnderRLock_DoNotRaceWithConcurrentWriters.gowrap1()
      /home/milos/Factory/projects/tools_and_research/helix_code/helix_code/internal/deployment/production_deployer_hxc213_race_test.go:106 +0x38

Goroutine 74 (running) created at:
  dev.helix.code/internal/deployment.TestHXC213_StatusReadsUnderRLock_DoNotRaceWithConcurrentWriters()
      /home/milos/Factory/projects/tools_and_research/helix_code/helix_code/internal/deployment/production_deployer_hxc213_race_test.go:101 +0x43a
  testing.tRunner()
      /usr/lib/golang/src/testing/testing.go:2036 +0x21c
  testing.(*T).Run.gowrap1()
      /usr/lib/golang/src/testing/testing.go:2101 +0x38

Goroutine 75 (running) created at:
  dev.helix.code/internal/deployment.TestHXC213_StatusReadsUnderRLock_DoNotRaceWithConcurrentWriters()
      /home/milos/Factory/projects/tools_and_research/helix_code/helix_code/internal/deployment/production_deployer_hxc213_race_test.go:101 +0x43a
  testing.tRunner()
      /usr/lib/golang/src/testing/testing.go:2036 +0x21c
  testing.(*T).Run.gowrap1()
      /usr/lib/golang/src/testing/testing.go:2101 +0x38
==================
2026/07/31 11:34:19 📢 Notification: rollback_not_completed - rollback NOT completed: real SSH rollback transport not wired (0/0 servers reverted)
2026/07/31 11:34:19 📢 Notification: deployment_failed - Production deployment failed: hxc213 writer 1 iter 12
2026/07/31 11:34:19 
❌ PRODUCTION DEPLOYMENT FAILED
2026/07/31 11:34:19 📊 Failure Summary:
2026/07/31 11:34:19    Failed Phase: deployment
2026/07/31 11:34:19 📢 Notification: rollback_not_completed - rollback NOT completed: real SSH rollback transport not wired (0/0 servers reverted)
2026/07/31 11:34:19 📢 Notification: deployment_failed - Production deployment failed: hxc213 writer 2 iter 6
2026/07/31 11:34:19    Error: hxc213 writer 1 iter 13
2026/07/31 11:34:19 
❌ PRODUCTION DEPLOYMENT FAILED
2026/07/31 11:34:19 📊 Failure Summary:
2026/07/31 11:34:19    Failed Phase: deployment
2026/07/31 11:34:19    Error: hxc213 writer 0 iter 18
2026/07/31 11:34:19    Duration: 103.16037ms
2026/07/31 11:34:19    Servers Deployed: 0
2026/07/31 11:34:19 🔄 Triggering automatic rollback...
2026/07/31 11:34:19 🔄 Rollback requested for 0 deployed server(s) (reason: hxc213 writer 0 iter 18)
2026/07/31 11:34:19 ❌ Rollback NOT completed: rollback NOT completed: real SSH rollback transport not wired (0/0 servers reverted)
2026/07/31 11:34:19 📢 Notification: rollback_not_completed - rollback NOT completed: real SSH rollback transport not wired (0/0 servers reverted)
2026/07/31 11:34:19 📢 Notification: deployment_failed - Production deployment failed: hxc213 writer 0 iter 18
2026/07/31 11:34:19 
❌ PRODUCTION DEPLOYMENT FAILED
2026/07/31 11:34:19 📊 Failure Summary:
2026/07/31 11:34:19 
❌ PRODUCTION DEPLOYMENT FAILED
2026/07/31 11:34:19    Failed Phase: deployment
2026/07/31 11:34:19    Error: hxc213 writer 0 iter 19
2026/07/31 11:34:19    Duration: 103.853618ms
2026/07/31 11:34:19    Servers Deployed: 0
2026/07/31 11:34:19 🔄 Triggering automatic rollback...
2026/07/31 11:34:19 🔄 Rollback requested for 0 deployed server(s) (reason: hxc213 writer 0 iter 19)
2026/07/31 11:34:19 ❌ Rollback NOT completed: rollback NOT completed: real SSH rollback transport not wired (0/0 servers reverted)
2026/07/31 11:34:19 📊 Failure Summary:
2026/07/31 11:34:19    Failed Phase: deployment
2026/07/31 11:34:19    Error: hxc213 writer 2 iter 7
2026/07/31 11:34:19 📢 Notification: rollback_not_completed - rollback NOT completed: real SSH rollback transport not wired (0/0 servers reverted)
2026/07/31 11:34:19    Duration: 103.853618ms
2026/07/31 11:34:19 📢 Notification: deployment_failed - Production deployment failed: hxc213 writer 0 iter 19
2026/07/31 11:34:19    Servers Deployed: 0
2026/07/31 11:34:19 
❌ PRODUCTION DEPLOYMENT FAILED
2026/07/31 11:34:19 📊 Failure Summary:
2026/07/31 11:34:19 🔄 Triggering automatic rollback...
2026/07/31 11:34:19    Failed Phase: deployment
2026/07/31 11:34:19 🔄 Rollback requested for 0 deployed server(s) (reason: hxc213 writer 2 iter 7)
2026/07/31 11:34:19    Error: hxc213 writer 0 iter 20
2026/07/31 11:34:19    Duration: 104.227923ms
2026/07/31 11:34:19    Servers Deployed: 0
2026/07/31 11:34:19 🔄 Triggering automatic rollback...
2026/07/31 11:34:19 🔄 Rollback requested for 0 deployed server(s) (reason: hxc213 writer 0 iter 20)
2026/07/31 11:34:19 ❌ Rollback NOT completed: rollback NOT completed: real SSH rollback transport not wired (0/0 servers reverted)
2026/07/31 11:34:19 📢 Notification: rollback_not_completed - rollback NOT completed: real SSH rollback transport not wired (0/0 servers reverted)
2026/07/31 11:34:19 📢 Notification: deployment_failed - Production deployment failed: hxc213 writer 0 iter 20
2026/07/31 11:34:19 
❌ PRODUCTION DEPLOYMENT FAILED
2026/07/31 11:34:19 📊 Failure Summary:
2026/07/31 11:34:19 ❌ Rollback NOT completed: rollback NOT completed: real SSH rollback transport not wired (0/0 servers reverted)
2026/07/31 11:34:19    Duration: 103.16037ms
2026/07/31 11:34:19    Servers Deployed: 0
2026/07/31 11:34:19 🔄 Triggering automatic rollback...
2026/07/31 11:34:19 📢 Notification: rollback_not_completed - rollback NOT completed: real SSH rollback transport not wired (0/0 servers reverted)
2026/07/31 11:34:19 🔄 Rollback requested for 0 deployed server(s) (reason: hxc213 writer 1 iter 13)
2026/07/31 11:34:19 📢 Notification: deployment_failed - Production deployment failed: hxc213 writer 2 iter 7
2026/07/31 11:34:19 ❌ Rollback NOT completed: rollback NOT completed: real SSH rollback transport not wired (0/0 servers reverted)
2026/07/31 11:34:19 
❌ PRODUCTION DEPLOYMENT FAILED
2026/07/31 11:34:19 📢 Notification: rollback_not_completed - rollback NOT completed: real SSH rollback transport not wired (0/0 servers reverted)
2026/07/31 11:34:19 📊 Failure Summary:
2026/07/31 11:34:19    Failed Phase: deployment
2026/07/31 11:34:19 📢 Notification: deployment_failed - Production deployment failed: hxc213 writer 1 iter 13
2026/07/31 11:34:19    Error: hxc213 writer 2 iter 8
2026/07/31 11:34:19    Duration: 104.467666ms
2026/07/31 11:34:19    Servers Deployed: 0
2026/07/31 11:34:19 🔄 Triggering automatic rollback...
2026/07/31 11:34:19 
❌ PRODUCTION DEPLOYMENT FAILED
2026/07/31 11:34:19 📊 Failure Summary:
2026/07/31 11:34:19    Failed Phase: deployment
2026/07/31 11:34:19    Error: hxc213 writer 1 iter 14
2026/07/31 11:34:19    Duration: 104.518723ms
2026/07/31 11:34:19    Servers Deployed: 0
2026/07/31 11:34:19 🔄 Triggering automatic rollback...
2026/07/31 11:34:19 🔄 Rollback requested for 0 deployed server(s) (reason: hxc213 writer 1 iter 14)
2026/07/31 11:34:19 ❌ Rollback NOT completed: rollback NOT completed: real SSH rollback transport not wired (0/0 servers reverted)
2026/07/31 11:34:19 📢 Notification: rollback_not_completed - rollback NOT completed: real SSH rollback transport not wired (0/0 servers reverted)
2026/07/31 11:34:19 📢 Notification: deployment_failed - Production deployment failed: hxc213 writer 1 iter 14
2026/07/31 11:34:19 
❌ PRODUCTION DEPLOYMENT FAILED
2026/07/31 11:34:19 📊 Failure Summary:
2026/07/31 11:34:19    Failed Phase: deployment
2026/07/31 11:34:19    Error: hxc213 writer 1 iter 15
2026/07/31 11:34:19    Duration: 105.597554ms
2026/07/31 11:34:19    Servers Deployed: 0
2026/07/31 11:34:19 🔄 Triggering automatic rollback...
2026/07/31 11:34:19 🔄 Rollback requested for 0 deployed server(s) (reason: hxc213 writer 1 iter 15)
2026/07/31 11:34:19 ❌ Rollback NOT completed: rollback NOT completed: real SSH rollback transport not wired (0/0 servers reverted)
2026/07/31 11:34:19 📢 Notification: rollback_not_completed - rollback NOT completed: real SSH rollback transport not wired (0/0 servers reverted)
2026/07/31 11:34:19 📢 Notification: deployment_failed - Production deployment failed: hxc213 writer 1 iter 15
2026/07/31 11:34:19 
❌ PRODUCTION DEPLOYMENT FAILED
2026/07/31 11:34:19 📊 Failure Summary:
2026/07/31 11:34:19    Failed Phase: deployment
2026/07/31 11:34:19    Error: hxc213 writer 1 iter 16
2026/07/31 11:34:19    Duration: 105.718987ms
2026/07/31 11:34:19    Servers Deployed: 0
2026/07/31 11:34:19 🔄 Triggering automatic rollback...
2026/07/31 11:34:19 🔄 Rollback requested for 0 deployed server(s) (reason: hxc213 writer 1 iter 16)
2026/07/31 11:34:19 ❌ Rollback NOT completed: rollback NOT completed: real SSH rollback transport not wired (0/0 servers reverted)
2026/07/31 11:34:19 📢 Notification: rollback_not_completed - rollback NOT completed: real SSH rollback transport not wired (0/0 servers reverted)
2026/07/31 11:34:19 📢 Notification: deployment_failed - Production deployment failed: hxc213 writer 1 iter 16
2026/07/31 11:34:19 
❌ PRODUCTION DEPLOYMENT FAILED
2026/07/31 11:34:19 📊 Failure Summary:
2026/07/31 11:34:19    Failed Phase: deployment
2026/07/31 11:34:19    Error: hxc213 writer 1 iter 17
2026/07/31 11:34:19    Duration: 105.830166ms
2026/07/31 11:34:19    Servers Deployed: 0
2026/07/31 11:34:19 🔄 Triggering automatic rollback...
2026/07/31 11:34:19 🔄 Rollback requested for 0 deployed server(s) (reason: hxc213 writer 1 iter 17)
2026/07/31 11:34:19 ❌ Rollback NOT completed: rollback NOT completed: real SSH rollback transport not wired (0/0 servers reverted)
2026/07/31 11:34:19 📢 Notification: rollback_not_completed - rollback NOT completed: real SSH rollback transport not wired (0/0 servers reverted)
2026/07/31 11:34:19 📢 Notification: deployment_failed - Production deployment failed: hxc213 writer 1 iter 17
2026/07/31 11:34:19 
❌ PRODUCTION DEPLOYMENT FAILED
2026/07/31 11:34:19 📊 Failure Summary:
2026/07/31 11:34:19    Failed Phase: deployment
2026/07/31 11:34:19    Error: hxc213 writer 1 iter 18
2026/07/31 11:34:19    Duration: 105.931068ms
2026/07/31 11:34:19    Servers Deployed: 0
2026/07/31 11:34:19 🔄 Triggering automatic rollback...
2026/07/31 11:34:19 🔄 Rollback requested for 0 deployed server(s) (reason: hxc213 writer 1 iter 18)
2026/07/31 11:34:19 ❌ Rollback NOT completed: rollback NOT completed: real SSH rollback transport not wired (0/0 servers reverted)
2026/07/31 11:34:19 📢 Notification: rollback_not_completed - rollback NOT completed: real SSH rollback transport not wired (0/0 servers reverted)
2026/07/31 11:34:19 📢 Notification: deployment_failed - Production deployment failed: hxc213 writer 1 iter 18
2026/07/31 11:34:19 
❌ PRODUCTION DEPLOYMENT FAILED
2026/07/31 11:34:19 📊 Failure Summary:
2026/07/31 11:34:19    Failed Phase: deployment
2026/07/31 11:34:19    Error: hxc213 writer 1 iter 19
2026/07/31 11:34:19    Duration: 106.041245ms
2026/07/31 11:34:19    Servers Deployed: 0
2026/07/31 11:34:19 🔄 Triggering automatic rollback...
2026/07/31 11:34:19 🔄 Rollback requested for 0 deployed server(s) (reason: hxc213 writer 1 iter 19)
2026/07/31 11:34:19 ❌ Rollback NOT completed: rollback NOT completed: real SSH rollback transport not wired (0/0 servers reverted)
2026/07/31 11:34:19 📢 Notification: rollback_not_completed - rollback NOT completed: real SSH rollback transport not wired (0/0 servers reverted)
2026/07/31 11:34:19 📢 Notification: deployment_failed - Production deployment failed: hxc213 writer 1 iter 19
2026/07/31 11:34:19 
❌ PRODUCTION DEPLOYMENT FAILED
2026/07/31 11:34:19 📊 Failure Summary:
2026/07/31 11:34:19    Failed Phase: deployment
2026/07/31 11:34:19    Error: hxc213 writer 1 iter 20
2026/07/31 11:34:19    Duration: 106.131361ms
2026/07/31 11:34:19    Servers Deployed: 0
2026/07/31 11:34:19 🔄 Triggering automatic rollback...
2026/07/31 11:34:19 🔄 Rollback requested for 0 deployed server(s) (reason: hxc213 writer 1 iter 20)
2026/07/31 11:34:19 ❌ Rollback NOT completed: rollback NOT completed: real SSH rollback transport not wired (0/0 servers reverted)
2026/07/31 11:34:19 📢 Notification: rollback_not_completed - rollback NOT completed: real SSH rollback transport not wired (0/0 servers reverted)
2026/07/31 11:34:19 📢 Notification: deployment_failed - Production deployment failed: hxc213 writer 1 iter 20
2026/07/31 11:34:19 
❌ PRODUCTION DEPLOYMENT FAILED
2026/07/31 11:34:19 📊 Failure Summary:
2026/07/31 11:34:19    Failed Phase: deployment
2026/07/31 11:34:19    Error: hxc213 writer 1 iter 21
2026/07/31 11:34:19    Duration: 106.242198ms
2026/07/31 11:34:19    Servers Deployed: 0
2026/07/31 11:34:19 🔄 Triggering automatic rollback...
2026/07/31 11:34:19 🔄 Rollback requested for 0 deployed server(s) (reason: hxc213 writer 1 iter 21)
2026/07/31 11:34:19 ❌ Rollback NOT completed: rollback NOT completed: real SSH rollback transport not wired (0/0 servers reverted)
2026/07/31 11:34:19 📢 Notification: rollback_not_completed - rollback NOT completed: real SSH rollback transport not wired (0/0 servers reverted)
2026/07/31 11:34:19 📢 Notification: deployment_failed - Production deployment failed: hxc213 writer 1 iter 21
2026/07/31 11:34:19 
❌ PRODUCTION DEPLOYMENT FAILED
2026/07/31 11:34:19 📊 Failure Summary:
2026/07/31 11:34:19    Failed Phase: deployment
2026/07/31 11:34:19    Error: hxc213 writer 1 iter 22
2026/07/31 11:34:19    Duration: 106.345244ms
2026/07/31 11:34:19    Servers Deployed: 0
2026/07/31 11:34:19 🔄 Triggering automatic rollback...
2026/07/31 11:34:19 🔄 Rollback requested for 0 deployed server(s) (reason: hxc213 writer 1 iter 22)
2026/07/31 11:34:19    Failed Phase: deployment
2026/07/31 11:34:19    Error: hxc213 writer 0 iter 21
2026/07/31 11:34:19    Duration: 106.345244ms
2026/07/31 11:34:19    Servers Deployed: 0
2026/07/31 11:34:19 🔄 Triggering automatic rollback...
2026/07/31 11:34:19 🔄 Rollback requested for 0 deployed server(s) (reason: hxc213 writer 0 iter 21)
2026/07/31 11:34:19 ❌ Rollback NOT completed: rollback NOT completed: real SSH rollback transport not wired (0/0 servers reverted)
2026/07/31 11:34:19 📢 Notification: rollback_not_completed - rollback NOT completed: real SSH rollback transport not wired (0/0 servers reverted)
2026/07/31 11:34:19 📢 Notification: deployment_failed - Production deployment failed: hxc213 writer 0 iter 21
2026/07/31 11:34:19 ❌ Rollback NOT completed: rollback NOT completed: real SSH rollback transport not wired (0/0 servers reverted)
2026/07/31 11:34:19 
❌ PRODUCTION DEPLOYMENT FAILED
2026/07/31 11:34:19 📢 Notification: rollback_not_completed - rollback NOT completed: real SSH rollback transport not wired (0/0 servers reverted)
2026/07/31 11:34:19 🔄 Rollback requested for 0 deployed server(s) (reason: hxc213 writer 2 iter 8)
2026/07/31 11:34:19 ❌ Rollback NOT completed: rollback NOT completed: real SSH rollback transport not wired (0/0 servers reverted)
2026/07/31 11:34:19 📢 Notification: rollback_not_completed - rollback NOT completed: real SSH rollback transport not wired (0/0 servers reverted)
2026/07/31 11:34:19 📢 Notification: deployment_failed - Production deployment failed: hxc213 writer 1 iter 22
2026/07/31 11:34:19 
❌ PRODUCTION DEPLOYMENT FAILED
2026/07/31 11:34:19 📊 Failure Summary:
2026/07/31 11:34:19    Failed Phase: deployment
2026/07/31 11:34:19    Error: hxc213 writer 1 iter 23
2026/07/31 11:34:19    Duration: 193.784869ms
2026/07/31 11:34:19    Servers Deployed: 0
2026/07/31 11:34:19 🔄 Triggering automatic rollback...
2026/07/31 11:34:19 🔄 Rollback requested for 0 deployed server(s) (reason: hxc213 writer 1 iter 23)
2026/07/31 11:34:19 ❌ Rollback NOT completed: rollback NOT completed: real SSH rollback transport not wired (0/0 servers reverted)
2026/07/31 11:34:19 📢 Notification: rollback_not_completed - rollback NOT completed: real SSH rollback transport not wired (0/0 servers reverted)
2026/07/31 11:34:19 📢 Notification: deployment_failed - Production deployment failed: hxc213 writer 1 iter 23
2026/07/31 11:34:19 
❌ PRODUCTION DEPLOYMENT FAILED
2026/07/31 11:34:19 📢 Notification: deployment_failed - Production deployment failed: hxc213 writer 2 iter 8
2026/07/31 11:34:19 📊 Failure Summary:
2026/07/31 11:34:19    Failed Phase: deployment
2026/07/31 11:34:19    Error: hxc213 writer 1 iter 24
2026/07/31 11:34:19    Duration: 194.138934ms
2026/07/31 11:34:19    Servers Deployed: 0
2026/07/31 11:34:19 🔄 Triggering automatic rollback...
2026/07/31 11:34:19 🔄 Rollback requested for 0 deployed server(s) (reason: hxc213 writer 1 iter 24)
2026/07/31 11:34:19 ❌ Rollback NOT completed: rollback NOT completed: real SSH rollback transport not wired (0/0 servers reverted)
2026/07/31 11:34:19 📢 Notification: rollback_not_completed - rollback NOT completed: real SSH rollback transport not wired (0/0 servers reverted)
2026/07/31 11:34:19 📢 Notification: deployment_failed - Production deployment failed: hxc213 writer 1 iter 24
2026/07/31 11:34:19 
❌ PRODUCTION DEPLOYMENT FAILED
2026/07/31 11:34:19 📊 Failure Summary:
2026/07/31 11:34:19    Failed Phase: deployment
2026/07/31 11:34:19    Error: hxc213 writer 1 iter 25
2026/07/31 11:34:19    Duration: 194.322231ms
2026/07/31 11:34:19    Servers Deployed: 0
2026/07/31 11:34:19 🔄 Triggering automatic rollback...
2026/07/31 11:34:19 🔄 Rollback requested for 0 deployed server(s) (reason: hxc213 writer 1 iter 25)
2026/07/31 11:34:19 ❌ Rollback NOT completed: rollback NOT completed: real SSH rollback transport not wired (0/0 servers reverted)
2026/07/31 11:34:19 📢 Notification: rollback_not_completed - rollback NOT completed: real SSH rollback transport not wired (0/0 servers reverted)
2026/07/31 11:34:19 📢 Notification: deployment_failed - Production deployment failed: hxc213 writer 1 iter 25
2026/07/31 11:34:19 
❌ PRODUCTION DEPLOYMENT FAILED
2026/07/31 11:34:19 📊 Failure Summary:
2026/07/31 11:34:19    Failed Phase: deployment
2026/07/31 11:34:19    Error: hxc213 writer 1 iter 26
2026/07/31 11:34:19    Duration: 194.438877ms
2026/07/31 11:34:19    Servers Deployed: 0
2026/07/31 11:34:19 🔄 Triggering automatic rollback...
2026/07/31 11:34:19 🔄 Rollback requested for 0 deployed server(s) (reason: hxc213 writer 1 iter 26)
2026/07/31 11:34:19 ❌ Rollback NOT completed: rollback NOT completed: real SSH rollback transport not wired (0/0 servers reverted)
2026/07/31 11:34:19 📢 Notification: rollback_not_completed - rollback NOT completed: real SSH rollback transport not wired (0/0 servers reverted)
2026/07/31 11:34:19 📢 Notification: deployment_failed - Production deployment failed: hxc213 writer 1 iter 26
2026/07/31 11:34:19 
❌ PRODUCTION DEPLOYMENT FAILED
2026/07/31 11:34:19 📊 Failure Summary:
2026/07/31 11:34:19    Failed Phase: deployment
2026/07/31 11:34:19    Error: hxc213 writer 1 iter 27
2026/07/31 11:34:19    Duration: 194.53973ms
2026/07/31 11:34:19    Servers Deployed: 0
2026/07/31 11:34:19 🔄 Triggering automatic rollback...
2026/07/31 11:34:19 🔄 Rollback requested for 0 deployed server(s) (reason: hxc213 writer 1 iter 27)
2026/07/31 11:34:19 ❌ Rollback NOT completed: rollback NOT completed: real SSH rollback transport not wired (0/0 servers reverted)
2026/07/31 11:34:19 📢 Notification: rollback_not_completed - rollback NOT completed: real SSH rollback transport not wired (0/0 servers reverted)
2026/07/31 11:34:19 📢 Notification: deployment_failed - Production deployment failed: hxc213 writer 1 iter 27
2026/07/31 11:34:19 📊 Failure Summary:
2026/07/31 11:34:19    Failed Phase: deployment
2026/07/31 11:34:19    Error: hxc213 writer 0 iter 22
2026/07/31 11:34:19    Duration: 194.53973ms
2026/07/31 11:34:19    Servers Deployed: 0
2026/07/31 11:34:19 🔄 Triggering automatic rollback...
2026/07/31 11:34:19 🔄 Rollback requested for 0 deployed server(s) (reason: hxc213 writer 0 iter 22)
2026/07/31 11:34:19 ❌ Rollback NOT completed: rollback NOT completed: real SSH rollback transport not wired (0/0 servers reverted)
2026/07/31 11:34:19 📢 Notification: rollback_not_completed - rollback NOT completed: real SSH rollback transport not wired (0/0 servers reverted)
2026/07/31 11:34:19 📢 Notification: deployment_failed - Production deployment failed: hxc213 writer 0 iter 22
2026/07/31 11:34:19 
❌ PRODUCTION DEPLOYMENT FAILED
2026/07/31 11:34:19 📊 Failure Summary:
2026/07/31 11:34:19    Failed Phase: deployment
2026/07/31 11:34:19    Error: hxc213 writer 0 iter 23
2026/07/31 11:34:19    Duration: 194.797279ms
2026/07/31 11:34:19    Servers Deployed: 0
2026/07/31 11:34:19 🔄 Triggering automatic rollback...
2026/07/31 11:34:19 🔄 Rollback requested for 0 deployed server(s) (reason: hxc213 writer 0 iter 23)
2026/07/31 11:34:19 ❌ Rollback NOT completed: rollback NOT completed: real SSH rollback transport not wired (0/0 servers reverted)
2026/07/31 11:34:19 📢 Notification: rollback_not_completed - rollback NOT completed: real SSH rollback transport not wired (0/0 servers reverted)
2026/07/31 11:34:19 📢 Notification: deployment_failed - Production deployment failed: hxc213 writer 0 iter 23
2026/07/31 11:34:19 
❌ PRODUCTION DEPLOYMENT FAILED
2026/07/31 11:34:19 📊 Failure Summary:
2026/07/31 11:34:19    Failed Phase: deployment
2026/07/31 11:34:19    Error: hxc213 writer 0 iter 24
2026/07/31 11:34:19    Duration: 194.893735ms
2026/07/31 11:34:19    Servers Deployed: 0
2026/07/31 11:34:19 🔄 Triggering automatic rollback...
2026/07/31 11:34:19 🔄 Rollback requested for 0 deployed server(s) (reason: hxc213 writer 0 iter 24)
2026/07/31 11:34:19 ❌ Rollback NOT completed: rollback NOT completed: real SSH rollback transport not wired (0/0 servers reverted)
2026/07/31 11:34:19 📢 Notification: rollback_not_completed - rollback NOT completed: real SSH rollback transport not wired (0/0 servers reverted)
2026/07/31 11:34:19 📢 Notification: deployment_failed - Production deployment failed: hxc213 writer 0 iter 24
2026/07/31 11:34:19 
❌ PRODUCTION DEPLOYMENT FAILED
2026/07/31 11:34:19 📊 Failure Summary:
2026/07/31 11:34:19    Failed Phase: deployment
2026/07/31 11:34:19    Error: hxc213 writer 0 iter 25
2026/07/31 11:34:19    Duration: 194.990552ms
2026/07/31 11:34:19    Servers Deployed: 0
2026/07/31 11:34:19 🔄 Triggering automatic rollback...
2026/07/31 11:34:19 🔄 Rollback requested for 0 deployed server(s) (reason: hxc213 writer 0 iter 25)
2026/07/31 11:34:19 ❌ Rollback NOT completed: rollback NOT completed: real SSH rollback transport not wired (0/0 servers reverted)
2026/07/31 11:34:19 📢 Notification: rollback_not_completed - rollback NOT completed: real SSH rollback transport not wired (0/0 servers reverted)
2026/07/31 11:34:19 📢 Notification: deployment_failed - Production deployment failed: hxc213 writer 0 iter 25
2026/07/31 11:34:19 
❌ PRODUCTION DEPLOYMENT FAILED
2026/07/31 11:34:19 📊 Failure Summary:
2026/07/31 11:34:19    Failed Phase: deployment
2026/07/31 11:34:19    Error: hxc213 writer 0 iter 26
2026/07/31 11:34:19    Duration: 195.078144ms
2026/07/31 11:34:19    Servers Deployed: 0
2026/07/31 11:34:19 🔄 Triggering automatic rollback...
2026/07/31 11:34:19 🔄 Rollback requested for 0 deployed server(s) (reason: hxc213 writer 0 iter 26)
2026/07/31 11:34:19 ❌ Rollback NOT completed: rollback NOT completed: real SSH rollback transport not wired (0/0 servers reverted)
2026/07/31 11:34:19 📢 Notification: rollback_not_completed - rollback NOT completed: real SSH rollback transport not wired (0/0 servers reverted)
2026/07/31 11:34:19 📢 Notification: deployment_failed - Production deployment failed: hxc213 writer 0 iter 26
2026/07/31 11:34:19 
❌ PRODUCTION DEPLOYMENT FAILED
2026/07/31 11:34:19 📊 Failure Summary:
2026/07/31 11:34:19    Failed Phase: deployment
2026/07/31 11:34:19    Error: hxc213 writer 0 iter 27
2026/07/31 11:34:19    Duration: 195.203604ms
2026/07/31 11:34:19    Servers Deployed: 0
2026/07/31 11:34:19 🔄 Triggering automatic rollback...
2026/07/31 11:34:19 🔄 Rollback requested for 0 deployed server(s) (reason: hxc213 writer 0 iter 27)
2026/07/31 11:34:19 ❌ Rollback NOT completed: rollback NOT completed: real SSH rollback transport not wired (0/0 servers reverted)
2026/07/31 11:34:19 📢 Notification: rollback_not_completed - rollback NOT completed: real SSH rollback transport not wired (0/0 servers reverted)
2026/07/31 11:34:19 📢 Notification: deployment_failed - Production deployment failed: hxc213 writer 0 iter 27
2026/07/31 11:34:19 
❌ PRODUCTION DEPLOYMENT FAILED
2026/07/31 11:34:19 📊 Failure Summary:
2026/07/31 11:34:19    Failed Phase: deployment
2026/07/31 11:34:19    Error: hxc213 writer 0 iter 28
2026/07/31 11:34:19    Duration: 196.08087ms
2026/07/31 11:34:19    Servers Deployed: 0
2026/07/31 11:34:19 🔄 Triggering automatic rollback...
2026/07/31 11:34:19 🔄 Rollback requested for 0 deployed server(s) (reason: hxc213 writer 0 iter 28)
2026/07/31 11:34:19 ❌ Rollback NOT completed: rollback NOT completed: real SSH rollback transport not wired (0/0 servers reverted)
2026/07/31 11:34:19 📢 Notification: rollback_not_completed - rollback NOT completed: real SSH rollback transport not wired (0/0 servers reverted)
2026/07/31 11:34:19 📢 Notification: deployment_failed - Production deployment failed: hxc213 writer 0 iter 28
2026/07/31 11:34:19 
❌ PRODUCTION DEPLOYMENT FAILED
2026/07/31 11:34:19 📊 Failure Summary:
2026/07/31 11:34:19 
❌ PRODUCTION DEPLOYMENT FAILED
2026/07/31 11:34:19    Failed Phase: deployment
2026/07/31 11:34:19    Error: hxc213 writer 0 iter 29
2026/07/31 11:34:19 📊 Failure Summary:
2026/07/31 11:34:19    Duration: 196.468226ms
2026/07/31 11:34:19    Failed Phase: deployment
2026/07/31 11:34:19    Error: hxc213 writer 2 iter 9
2026/07/31 11:34:19    Duration: 196.468226ms
2026/07/31 11:34:19    Servers Deployed: 0
2026/07/31 11:34:19 🔄 Triggering automatic rollback...
2026/07/31 11:34:19    Servers Deployed: 0
2026/07/31 11:34:19 🔄 Rollback requested for 0 deployed server(s) (reason: hxc213 writer 2 iter 9)
2026/07/31 11:34:19 🔄 Triggering automatic rollback...
2026/07/31 11:34:19 🔄 Rollback requested for 0 deployed server(s) (reason: hxc213 writer 0 iter 29)
2026/07/31 11:34:19 ❌ Rollback NOT completed: rollback NOT completed: real SSH rollback transport not wired (0/0 servers reverted)
2026/07/31 11:34:19 📢 Notification: rollback_not_completed - rollback NOT completed: real SSH rollback transport not wired (0/0 servers reverted)
2026/07/31 11:34:19 📢 Notification: deployment_failed - Production deployment failed: hxc213 writer 0 iter 29
2026/07/31 11:34:19 
❌ PRODUCTION DEPLOYMENT FAILED
2026/07/31 11:34:19 📊 Failure Summary:
2026/07/31 11:34:19 ❌ Rollback NOT completed: rollback NOT completed: real SSH rollback transport not wired (0/0 servers reverted)
2026/07/31 11:34:19 📢 Notification: rollback_not_completed - rollback NOT completed: real SSH rollback transport not wired (0/0 servers reverted)
2026/07/31 11:34:19 📢 Notification: deployment_failed - Production deployment failed: hxc213 writer 2 iter 9
2026/07/31 11:34:19 
❌ PRODUCTION DEPLOYMENT FAILED
2026/07/31 11:34:19 📊 Failure Summary:
2026/07/31 11:34:19    Failed Phase: deployment
2026/07/31 11:34:19    Error: hxc213 writer 2 iter 10
2026/07/31 11:34:19    Duration: 198.409069ms
2026/07/31 11:34:19    Servers Deployed: 0
2026/07/31 11:34:19 🔄 Triggering automatic rollback...
2026/07/31 11:34:19 🔄 Rollback requested for 0 deployed server(s) (reason: hxc213 writer 2 iter 10)
2026/07/31 11:34:19 ❌ Rollback NOT completed: rollback NOT completed: real SSH rollback transport not wired (0/0 servers reverted)
2026/07/31 11:34:19 📢 Notification: rollback_not_completed - rollback NOT completed: real SSH rollback transport not wired (0/0 servers reverted)
2026/07/31 11:34:19 📢 Notification: deployment_failed - Production deployment failed: hxc213 writer 2 iter 10
2026/07/31 11:34:19 
❌ PRODUCTION DEPLOYMENT FAILED
2026/07/31 11:34:19 📊 Failure Summary:
2026/07/31 11:34:19    Failed Phase: deployment
2026/07/31 11:34:19    Error: hxc213 writer 2 iter 11
2026/07/31 11:34:19    Duration: 203.635931ms
2026/07/31 11:34:19    Servers Deployed: 0
2026/07/31 11:34:19 🔄 Triggering automatic rollback...
2026/07/31 11:34:19 🔄 Rollback requested for 0 deployed server(s) (reason: hxc213 writer 2 iter 11)
2026/07/31 11:34:19 ❌ Rollback NOT completed: rollback NOT completed: real SSH rollback transport not wired (0/0 servers reverted)
2026/07/31 11:34:19 📢 Notification: rollback_not_completed - rollback NOT completed: real SSH rollback transport not wired (0/0 servers reverted)
2026/07/31 11:34:19 📢 Notification: deployment_failed - Production deployment failed: hxc213 writer 2 iter 11
2026/07/31 11:34:19 
❌ PRODUCTION DEPLOYMENT FAILED
2026/07/31 11:34:19 📊 Failure Summary:
2026/07/31 11:34:19    Failed Phase: deployment
2026/07/31 11:34:19    Error: hxc213 writer 2 iter 12
2026/07/31 11:34:19    Duration: 203.728881ms
2026/07/31 11:34:19    Servers Deployed: 0
2026/07/31 11:34:19 🔄 Triggering automatic rollback...
2026/07/31 11:34:19 🔄 Rollback requested for 0 deployed server(s) (reason: hxc213 writer 2 iter 12)
2026/07/31 11:34:19 ❌ Rollback NOT completed: rollback NOT completed: real SSH rollback transport not wired (0/0 servers reverted)
2026/07/31 11:34:19 📢 Notification: rollback_not_completed - rollback NOT completed: real SSH rollback transport not wired (0/0 servers reverted)
2026/07/31 11:34:19 📢 Notification: deployment_failed - Production deployment failed: hxc213 writer 2 iter 12
2026/07/31 11:34:19 
❌ PRODUCTION DEPLOYMENT FAILED
2026/07/31 11:34:19 📊 Failure Summary:
2026/07/31 11:34:19    Failed Phase: deployment
2026/07/31 11:34:19    Error: hxc213 writer 2 iter 13
2026/07/31 11:34:19    Duration: 203.810084ms
2026/07/31 11:34:19    Servers Deployed: 0
2026/07/31 11:34:19 🔄 Triggering automatic rollback...
2026/07/31 11:34:19 🔄 Rollback requested for 0 deployed server(s) (reason: hxc213 writer 2 iter 13)
2026/07/31 11:34:19 ❌ Rollback NOT completed: rollback NOT completed: real SSH rollback transport not wired (0/0 servers reverted)
2026/07/31 11:34:19 📢 Notification: rollback_not_completed - rollback NOT completed: real SSH rollback transport not wired (0/0 servers reverted)
2026/07/31 11:34:19 📢 Notification: deployment_failed - Production deployment failed: hxc213 writer 2 iter 13
2026/07/31 11:34:19 
❌ PRODUCTION DEPLOYMENT FAILED
2026/07/31 11:34:19 📊 Failure Summary:
2026/07/31 11:34:19    Failed Phase: deployment
2026/07/31 11:34:19    Error: hxc213 writer 2 iter 14
2026/07/31 11:34:19    Duration: 203.897476ms
2026/07/31 11:34:19    Servers Deployed: 0
2026/07/31 11:34:19 🔄 Triggering automatic rollback...
2026/07/31 11:34:19 🔄 Rollback requested for 0 deployed server(s) (reason: hxc213 writer 2 iter 14)
2026/07/31 11:34:19 ❌ Rollback NOT completed: rollback NOT completed: real SSH rollback transport not wired (0/0 servers reverted)
2026/07/31 11:34:19 📢 Notification: rollback_not_completed - rollback NOT completed: real SSH rollback transport not wired (0/0 servers reverted)
2026/07/31 11:34:19 📢 Notification: deployment_failed - Production deployment failed: hxc213 writer 2 iter 14
2026/07/31 11:34:19 
❌ PRODUCTION DEPLOYMENT FAILED
2026/07/31 11:34:19 📊 Failure Summary:
2026/07/31 11:34:19    Failed Phase: deployment
2026/07/31 11:34:19    Error: hxc213 writer 2 iter 15
2026/07/31 11:34:19    Duration: 203.971248ms
2026/07/31 11:34:19    Servers Deployed: 0
2026/07/31 11:34:19 🔄 Triggering automatic rollback...
2026/07/31 11:34:19 🔄 Rollback requested for 0 deployed server(s) (reason: hxc213 writer 2 iter 15)
2026/07/31 11:34:19 ❌ Rollback NOT completed: rollback NOT completed: real SSH rollback transport not wired (0/0 servers reverted)
2026/07/31 11:34:19 📢 Notification: rollback_not_completed - rollback NOT completed: real SSH rollback transport not wired (0/0 servers reverted)
2026/07/31 11:34:19 📢 Notification: deployment_failed - Production deployment failed: hxc213 writer 2 iter 15
2026/07/31 11:34:19 
❌ PRODUCTION DEPLOYMENT FAILED
2026/07/31 11:34:19 📊 Failure Summary:
2026/07/31 11:34:19    Failed Phase: deployment
2026/07/31 11:34:19    Error: hxc213 writer 2 iter 16
2026/07/31 11:34:19    Duration: 204.051019ms
2026/07/31 11:34:19    Servers Deployed: 0
2026/07/31 11:34:19 🔄 Triggering automatic rollback...
2026/07/31 11:34:19 🔄 Rollback requested for 0 deployed server(s) (reason: hxc213 writer 2 iter 16)
2026/07/31 11:34:19 ❌ Rollback NOT completed: rollback NOT completed: real SSH rollback transport not wired (0/0 servers reverted)
2026/07/31 11:34:19 📢 Notification: rollback_not_completed - rollback NOT completed: real SSH rollback transport not wired (0/0 servers reverted)
2026/07/31 11:34:19 📢 Notification: deployment_failed - Production deployment failed: hxc213 writer 2 iter 16
2026/07/31 11:34:19 
❌ PRODUCTION DEPLOYMENT FAILED
2026/07/31 11:34:19 📊 Failure Summary:
2026/07/31 11:34:19    Failed Phase: deployment
2026/07/31 11:34:19    Error: hxc213 writer 2 iter 17
2026/07/31 11:34:19    Duration: 204.138401ms
2026/07/31 11:34:19    Servers Deployed: 0
2026/07/31 11:34:19 🔄 Triggering automatic rollback...
2026/07/31 11:34:19 🔄 Rollback requested for 0 deployed server(s) (reason: hxc213 writer 2 iter 17)
2026/07/31 11:34:19 ❌ Rollback NOT completed: rollback NOT completed: real SSH rollback transport not wired (0/0 servers reverted)
2026/07/31 11:34:19 📢 Notification: rollback_not_completed - rollback NOT completed: real SSH rollback transport not wired (0/0 servers reverted)
2026/07/31 11:34:19 📢 Notification: deployment_failed - Production deployment failed: hxc213 writer 2 iter 17
2026/07/31 11:34:19 
❌ PRODUCTION DEPLOYMENT FAILED
2026/07/31 11:34:19 📊 Failure Summary:
2026/07/31 11:34:19    Failed Phase: deployment
2026/07/31 11:34:19    Error: hxc213 writer 2 iter 18
2026/07/31 11:34:19    Duration: 204.21721ms
2026/07/31 11:34:19    Servers Deployed: 0
2026/07/31 11:34:19 🔄 Triggering automatic rollback...
2026/07/31 11:34:19 🔄 Rollback requested for 0 deployed server(s) (reason: hxc213 writer 2 iter 18)
2026/07/31 11:34:19 ❌ Rollback NOT completed: rollback NOT completed: real SSH rollback transport not wired (0/0 servers reverted)
2026/07/31 11:34:19 📢 Notification: rollback_not_completed - rollback NOT completed: real SSH rollback transport not wired (0/0 servers reverted)
2026/07/31 11:34:19 📢 Notification: deployment_failed - Production deployment failed: hxc213 writer 2 iter 18
2026/07/31 11:34:19 
❌ PRODUCTION DEPLOYMENT FAILED
2026/07/31 11:34:19 📊 Failure Summary:
2026/07/31 11:34:19    Failed Phase: deployment
2026/07/31 11:34:19    Error: hxc213 writer 2 iter 19
2026/07/31 11:34:19    Duration: 204.306094ms
2026/07/31 11:34:19    Servers Deployed: 0
2026/07/31 11:34:19 🔄 Triggering automatic rollback...
2026/07/31 11:34:19 🔄 Rollback requested for 0 deployed server(s) (reason: hxc213 writer 2 iter 19)
2026/07/31 11:34:19 ❌ Rollback NOT completed: rollback NOT completed: real SSH rollback transport not wired (0/0 servers reverted)
2026/07/31 11:34:19 📢 Notification: rollback_not_completed - rollback NOT completed: real SSH rollback transport not wired (0/0 servers reverted)
2026/07/31 11:34:19    Failed Phase: deployment
2026/07/31 11:34:19 
❌ PRODUCTION DEPLOYMENT FAILED
2026/07/31 11:34:19 📊 Failure Summary:
2026/07/31 11:34:19    Failed Phase: deployment
2026/07/31 11:34:19    Error: hxc213 writer 1 iter 28
2026/07/31 11:34:19 📢 Notification: deployment_failed - Production deployment failed: hxc213 writer 2 iter 19
2026/07/31 11:34:19    Error: hxc213 writer 0 iter 30
2026/07/31 11:34:19 
❌ PRODUCTION DEPLOYMENT FAILED
2026/07/31 11:34:19 📊 Failure Summary:
2026/07/31 11:34:19    Failed Phase: deployment
2026/07/31 11:34:19    Error: hxc213 writer 2 iter 20
2026/07/31 11:34:19    Duration: 207.539232ms
2026/07/31 11:34:19    Servers Deployed: 0
2026/07/31 11:34:19 🔄 Triggering automatic rollback...
2026/07/31 11:34:19 🔄 Rollback requested for 0 deployed server(s) (reason: hxc213 writer 2 iter 20)
2026/07/31 11:34:19 ❌ Rollback NOT completed: rollback NOT completed: real SSH rollback transport not wired (0/0 servers reverted)
2026/07/31 11:34:19 📢 Notification: rollback_not_completed - rollback NOT completed: real SSH rollback transport not wired (0/0 servers reverted)
2026/07/31 11:34:19 📢 Notification: deployment_failed - Production deployment failed: hxc213 writer 2 iter 20
2026/07/31 11:34:19 
❌ PRODUCTION DEPLOYMENT FAILED
2026/07/31 11:34:19 📊 Failure Summary:
2026/07/31 11:34:19    Failed Phase: deployment
2026/07/31 11:34:19    Error: hxc213 writer 2 iter 21
2026/07/31 11:34:19    Duration: 207.806756ms
2026/07/31 11:34:19    Servers Deployed: 0
2026/07/31 11:34:19 🔄 Triggering automatic rollback...
2026/07/31 11:34:19 🔄 Rollback requested for 0 deployed server(s) (reason: hxc213 writer 2 iter 21)
2026/07/31 11:34:19 ❌ Rollback NOT completed: rollback NOT completed: real SSH rollback transport not wired (0/0 servers reverted)
2026/07/31 11:34:19 📢 Notification: rollback_not_completed - rollback NOT completed: real SSH rollback transport not wired (0/0 servers reverted)
2026/07/31 11:34:19 📢 Notification: deployment_failed - Production deployment failed: hxc213 writer 2 iter 21
2026/07/31 11:34:19 
❌ PRODUCTION DEPLOYMENT FAILED
2026/07/31 11:34:19 📊 Failure Summary:
2026/07/31 11:34:19    Failed Phase: deployment
2026/07/31 11:34:19    Error: hxc213 writer 2 iter 22
2026/07/31 11:34:19    Duration: 207.873177ms
2026/07/31 11:34:19    Servers Deployed: 0
2026/07/31 11:34:19 🔄 Triggering automatic rollback...
2026/07/31 11:34:19 🔄 Rollback requested for 0 deployed server(s) (reason: hxc213 writer 2 iter 22)
2026/07/31 11:34:19 ❌ Rollback NOT completed: rollback NOT completed: real SSH rollback transport not wired (0/0 servers reverted)
2026/07/31 11:34:19 📢 Notification: rollback_not_completed - rollback NOT completed: real SSH rollback transport not wired (0/0 servers reverted)
2026/07/31 11:34:19 📢 Notification: deployment_failed - Production deployment failed: hxc213 writer 2 iter 22
2026/07/31 11:34:19 
❌ PRODUCTION DEPLOYMENT FAILED
2026/07/31 11:34:19 📊 Failure Summary:
2026/07/31 11:34:19    Failed Phase: deployment
2026/07/31 11:34:19    Error: hxc213 writer 2 iter 23
2026/07/31 11:34:19    Duration: 207.940438ms
2026/07/31 11:34:19    Servers Deployed: 0
2026/07/31 11:34:19 🔄 Triggering automatic rollback...
2026/07/31 11:34:19 🔄 Rollback requested for 0 deployed server(s) (reason: hxc213 writer 2 iter 23)
2026/07/31 11:34:19 ❌ Rollback NOT completed: rollback NOT completed: real SSH rollback transport not wired (0/0 servers reverted)
2026/07/31 11:34:19 📢 Notification: rollback_not_completed - rollback NOT completed: real SSH rollback transport not wired (0/0 servers reverted)
2026/07/31 11:34:19 📢 Notification: deployment_failed - Production deployment failed: hxc213 writer 2 iter 23
2026/07/31 11:34:19 
❌ PRODUCTION DEPLOYMENT FAILED
2026/07/31 11:34:19 📊 Failure Summary:
2026/07/31 11:34:19    Failed Phase: deployment
2026/07/31 11:34:19    Error: hxc213 writer 2 iter 24
2026/07/31 11:34:19    Duration: 208.004715ms
2026/07/31 11:34:19    Servers Deployed: 0
2026/07/31 11:34:19 🔄 Triggering automatic rollback...
2026/07/31 11:34:19 🔄 Rollback requested for 0 deployed server(s) (reason: hxc213 writer 2 iter 24)
2026/07/31 11:34:19 ❌ Rollback NOT completed: rollback NOT completed: real SSH rollback transport not wired (0/0 servers reverted)
2026/07/31 11:34:19 📢 Notification: rollback_not_completed - rollback NOT completed: real SSH rollback transport not wired (0/0 servers reverted)
2026/07/31 11:34:19 📢 Notification: deployment_failed - Production deployment failed: hxc213 writer 2 iter 24
2026/07/31 11:34:19 
❌ PRODUCTION DEPLOYMENT FAILED
2026/07/31 11:34:19 📊 Failure Summary:
2026/07/31 11:34:19    Failed Phase: deployment
2026/07/31 11:34:19    Error: hxc213 writer 2 iter 25
2026/07/31 11:34:19    Duration: 208.068482ms
2026/07/31 11:34:19    Servers Deployed: 0
2026/07/31 11:34:19 🔄 Triggering automatic rollback...
2026/07/31 11:34:19 🔄 Rollback requested for 0 deployed server(s) (reason: hxc213 writer 2 iter 25)
2026/07/31 11:34:19 ❌ Rollback NOT completed: rollback NOT completed: real SSH rollback transport not wired (0/0 servers reverted)
2026/07/31 11:34:19 📢 Notification: rollback_not_completed - rollback NOT completed: real SSH rollback transport not wired (0/0 servers reverted)
2026/07/31 11:34:19 📢 Notification: deployment_failed - Production deployment failed: hxc213 writer 2 iter 25
2026/07/31 11:34:19 
❌ PRODUCTION DEPLOYMENT FAILED
2026/07/31 11:34:19 📊 Failure Summary:
2026/07/31 11:34:19    Failed Phase: deployment
2026/07/31 11:34:19    Error: hxc213 writer 2 iter 26
2026/07/31 11:34:19    Duration: 208.120791ms
2026/07/31 11:34:19    Servers Deployed: 0
2026/07/31 11:34:19 🔄 Triggering automatic rollback...
2026/07/31 11:34:19 🔄 Rollback requested for 0 deployed server(s) (reason: hxc213 writer 2 iter 26)
2026/07/31 11:34:19 ❌ Rollback NOT completed: rollback NOT completed: real SSH rollback transport not wired (0/0 servers reverted)
2026/07/31 11:34:19 📢 Notification: rollback_not_completed - rollback NOT completed: real SSH rollback transport not wired (0/0 servers reverted)
2026/07/31 11:34:19 📢 Notification: deployment_failed - Production deployment failed: hxc213 writer 2 iter 26
2026/07/31 11:34:19 
❌ PRODUCTION DEPLOYMENT FAILED
2026/07/31 11:34:19 📊 Failure Summary:
2026/07/31 11:34:19    Failed Phase: deployment
2026/07/31 11:34:19    Error: hxc213 writer 2 iter 27
2026/07/31 11:34:19    Duration: 208.184207ms
2026/07/31 11:34:19    Servers Deployed: 0
2026/07/31 11:34:19 🔄 Triggering automatic rollback...
2026/07/31 11:34:19 🔄 Rollback requested for 0 deployed server(s) (reason: hxc213 writer 2 iter 27)
2026/07/31 11:34:19 ❌ Rollback NOT completed: rollback NOT completed: real SSH rollback transport not wired (0/0 servers reverted)
2026/07/31 11:34:19 📢 Notification: rollback_not_completed - rollback NOT completed: real SSH rollback transport not wired (0/0 servers reverted)
2026/07/31 11:34:19 📢 Notification: deployment_failed - Production deployment failed: hxc213 writer 2 iter 27
2026/07/31 11:34:19 
❌ PRODUCTION DEPLOYMENT FAILED
2026/07/31 11:34:19 📊 Failure Summary:
2026/07/31 11:34:19    Failed Phase: deployment
2026/07/31 11:34:19    Error: hxc213 writer 2 iter 28
2026/07/31 11:34:19    Duration: 208.240392ms
2026/07/31 11:34:19    Servers Deployed: 0
2026/07/31 11:34:19 🔄 Triggering automatic rollback...
2026/07/31 11:34:19 🔄 Rollback requested for 0 deployed server(s) (reason: hxc213 writer 2 iter 28)
2026/07/31 11:34:19 ❌ Rollback NOT completed: rollback NOT completed: real SSH rollback transport not wired (0/0 servers reverted)
2026/07/31 11:34:19 📢 Notification: rollback_not_completed - rollback NOT completed: real SSH rollback transport not wired (0/0 servers reverted)
2026/07/31 11:34:19 📢 Notification: deployment_failed - Production deployment failed: hxc213 writer 2 iter 28
2026/07/31 11:34:19 
❌ PRODUCTION DEPLOYMENT FAILED
2026/07/31 11:34:19 📊 Failure Summary:
2026/07/31 11:34:19    Failed Phase: deployment
2026/07/31 11:34:19    Error: hxc213 writer 2 iter 29
2026/07/31 11:34:19    Duration: 208.294493ms
2026/07/31 11:34:19    Servers Deployed: 0
2026/07/31 11:34:19 🔄 Triggering automatic rollback...
2026/07/31 11:34:19 🔄 Rollback requested for 0 deployed server(s) (reason: hxc213 writer 2 iter 29)
2026/07/31 11:34:19 ❌ Rollback NOT completed: rollback NOT completed: real SSH rollback transport not wired (0/0 servers reverted)
2026/07/31 11:34:19 📢 Notification: rollback_not_completed - rollback NOT completed: real SSH rollback transport not wired (0/0 servers reverted)
2026/07/31 11:34:19 📢 Notification: deployment_failed - Production deployment failed: hxc213 writer 2 iter 29
2026/07/31 11:34:19 
❌ PRODUCTION DEPLOYMENT FAILED
2026/07/31 11:34:19 📊 Failure Summary:
2026/07/31 11:34:19    Failed Phase: deployment
2026/07/31 11:34:19    Error: hxc213 writer 2 iter 30
2026/07/31 11:34:19    Duration: 295.668869ms
2026/07/31 11:34:19    Servers Deployed: 0
2026/07/31 11:34:19 🔄 Triggering automatic rollback...
2026/07/31 11:34:19 🔄 Rollback requested for 0 deployed server(s) (reason: hxc213 writer 2 iter 30)
2026/07/31 11:34:19 ❌ Rollback NOT completed: rollback NOT completed: real SSH rollback transport not wired (0/0 servers reverted)
2026/07/31 11:34:19 📢 Notification: rollback_not_completed - rollback NOT completed: real SSH rollback transport not wired (0/0 servers reverted)
2026/07/31 11:34:19 📢 Notification: deployment_failed - Production deployment failed: hxc213 writer 2 iter 30
2026/07/31 11:34:19 
❌ PRODUCTION DEPLOYMENT FAILED
2026/07/31 11:34:19 📊 Failure Summary:
2026/07/31 11:34:19    Failed Phase: deployment
2026/07/31 11:34:19    Error: hxc213 writer 2 iter 31
2026/07/31 11:34:19    Duration: 295.76832ms
2026/07/31 11:34:19    Servers Deployed: 0
2026/07/31 11:34:19 🔄 Triggering automatic rollback...
2026/07/31 11:34:19 🔄 Rollback requested for 0 deployed server(s) (reason: hxc213 writer 2 iter 31)
2026/07/31 11:34:19 ❌ Rollback NOT completed: rollback NOT completed: real SSH rollback transport not wired (0/0 servers reverted)
2026/07/31 11:34:19 📢 Notification: rollback_not_completed - rollback NOT completed: real SSH rollback transport not wired (0/0 servers reverted)
2026/07/31 11:34:19 📢 Notification: deployment_failed - Production deployment failed: hxc213 writer 2 iter 31
2026/07/31 11:34:19 
❌ PRODUCTION DEPLOYMENT FAILED
2026/07/31 11:34:19 📊 Failure Summary:
2026/07/31 11:34:19    Failed Phase: deployment
2026/07/31 11:34:19    Error: hxc213 writer 2 iter 32
2026/07/31 11:34:19    Duration: 295.856263ms
2026/07/31 11:34:19    Servers Deployed: 0
2026/07/31 11:34:19 🔄 Triggering automatic rollback...
2026/07/31 11:34:19 🔄 Rollback requested for 0 deployed server(s) (reason: hxc213 writer 2 iter 32)
2026/07/31 11:34:19 ❌ Rollback NOT completed: rollback NOT completed: real SSH rollback transport not wired (0/0 servers reverted)
2026/07/31 11:34:19 📢 Notification: rollback_not_completed - rollback NOT completed: real SSH rollback transport not wired (0/0 servers reverted)
2026/07/31 11:34:19 📢 Notification: deployment_failed - Production deployment failed: hxc213 writer 2 iter 32
2026/07/31 11:34:19 
❌ PRODUCTION DEPLOYMENT FAILED
2026/07/31 11:34:19 📊 Failure Summary:
2026/07/31 11:34:19    Failed Phase: deployment
2026/07/31 11:34:19    Error: hxc213 writer 2 iter 33
2026/07/31 11:34:19    Duration: 295.948432ms
2026/07/31 11:34:19    Servers Deployed: 0
2026/07/31 11:34:19 🔄 Triggering automatic rollback...
2026/07/31 11:34:19 🔄 Rollback requested for 0 deployed server(s) (reason: hxc213 writer 2 iter 33)
2026/07/31 11:34:19 ❌ Rollback NOT completed: rollback NOT completed: real SSH rollback transport not wired (0/0 servers reverted)
2026/07/31 11:34:19 📢 Notification: rollback_not_completed - rollback NOT completed: real SSH rollback transport not wired (0/0 servers reverted)
2026/07/31 11:34:19 📢 Notification: deployment_failed - Production deployment failed: hxc213 writer 2 iter 33
2026/07/31 11:34:19 
❌ PRODUCTION DEPLOYMENT FAILED
2026/07/31 11:34:19 📊 Failure Summary:
2026/07/31 11:34:19    Failed Phase: deployment
2026/07/31 11:34:19    Error: hxc213 writer 2 iter 34
2026/07/31 11:34:19    Duration: 296.031718ms
2026/07/31 11:34:19    Servers Deployed: 0
2026/07/31 11:34:19 🔄 Triggering automatic rollback...
2026/07/31 11:34:19 🔄 Rollback requested for 0 deployed server(s) (reason: hxc213 writer 2 iter 34)
2026/07/31 11:34:19 ❌ Rollback NOT completed: rollback NOT completed: real SSH rollback transport not wired (0/0 servers reverted)
2026/07/31 11:34:19 📢 Notification: rollback_not_completed - rollback NOT completed: real SSH rollback transport not wired (0/0 servers reverted)
2026/07/31 11:34:19 📢 Notification: deployment_failed - Production deployment failed: hxc213 writer 2 iter 34
2026/07/31 11:34:19 
❌ PRODUCTION DEPLOYMENT FAILED
2026/07/31 11:34:19 📊 Failure Summary:
2026/07/31 11:34:19    Failed Phase: deployment
2026/07/31 11:34:19    Error: hxc213 writer 2 iter 35
2026/07/31 11:34:19    Duration: 296.113321ms
2026/07/31 11:34:19    Servers Deployed: 0
2026/07/31 11:34:19 🔄 Triggering automatic rollback...
2026/07/31 11:34:19 🔄 Rollback requested for 0 deployed server(s) (reason: hxc213 writer 2 iter 35)
2026/07/31 11:34:19 ❌ Rollback NOT completed: rollback NOT completed: real SSH rollback transport not wired (0/0 servers reverted)
2026/07/31 11:34:19 📢 Notification: rollback_not_completed - rollback NOT completed: real SSH rollback transport not wired (0/0 servers reverted)
2026/07/31 11:34:19 📢 Notification: deployment_failed - Production deployment failed: hxc213 writer 2 iter 35
2026/07/31 11:34:19 
❌ PRODUCTION DEPLOYMENT FAILED
2026/07/31 11:34:19 📊 Failure Summary:
2026/07/31 11:34:19    Failed Phase: deployment
2026/07/31 11:34:19    Error: hxc213 writer 2 iter 36
2026/07/31 11:34:19    Duration: 296.208255ms
2026/07/31 11:34:19    Servers Deployed: 0
2026/07/31 11:34:19 🔄 Triggering automatic rollback...
2026/07/31 11:34:19 🔄 Rollback requested for 0 deployed server(s) (reason: hxc213 writer 2 iter 36)
2026/07/31 11:34:19 ❌ Rollback NOT completed: rollback NOT completed: real SSH rollback transport not wired (0/0 servers reverted)
2026/07/31 11:34:19 📢 Notification: rollback_not_completed - rollback NOT completed: real SSH rollback transport not wired (0/0 servers reverted)
2026/07/31 11:34:19 📢 Notification: deployment_failed - Production deployment failed: hxc213 writer 2 iter 36
2026/07/31 11:34:19 
❌ PRODUCTION DEPLOYMENT FAILED
2026/07/31 11:34:19 📊 Failure Summary:
2026/07/31 11:34:19    Failed Phase: deployment
2026/07/31 11:34:19    Error: hxc213 writer 2 iter 37
2026/07/31 11:34:19    Duration: 296.306543ms
2026/07/31 11:34:19    Servers Deployed: 0
2026/07/31 11:34:19 🔄 Triggering automatic rollback...
2026/07/31 11:34:19 🔄 Rollback requested for 0 deployed server(s) (reason: hxc213 writer 2 iter 37)
2026/07/31 11:34:19 ❌ Rollback NOT completed: rollback NOT completed: real SSH rollback transport not wired (0/0 servers reverted)
2026/07/31 11:34:19 📢 Notification: rollback_not_completed - rollback NOT completed: real SSH rollback transport not wired (0/0 servers reverted)
2026/07/31 11:34:19 📢 Notification: deployment_failed - Production deployment failed: hxc213 writer 2 iter 37
2026/07/31 11:34:19 
❌ PRODUCTION DEPLOYMENT FAILED
2026/07/31 11:34:19 📊 Failure Summary:
2026/07/31 11:34:19    Failed Phase: deployment
2026/07/31 11:34:19    Error: hxc213 writer 2 iter 38
2026/07/31 11:34:19    Duration: 296.402048ms
2026/07/31 11:34:19    Servers Deployed: 0
2026/07/31 11:34:19 🔄 Triggering automatic rollback...
2026/07/31 11:34:19 🔄 Rollback requested for 0 deployed server(s) (reason: hxc213 writer 2 iter 38)
2026/07/31 11:34:19 ❌ Rollback NOT completed: rollback NOT completed: real SSH rollback transport not wired (0/0 servers reverted)
2026/07/31 11:34:19    Duration: 204.306094ms
2026/07/31 11:34:19    Duration: 204.306094ms
2026/07/31 11:34:19    Servers Deployed: 0
2026/07/31 11:34:19 🔄 Triggering automatic rollback...
2026/07/31 11:34:19 🔄 Rollback requested for 0 deployed server(s) (reason: hxc213 writer 1 iter 28)
2026/07/31 11:34:19 ❌ Rollback NOT completed: rollback NOT completed: real SSH rollback transport not wired (0/0 servers reverted)
2026/07/31 11:34:19 📢 Notification: rollback_not_completed - rollback NOT completed: real SSH rollback transport not wired (0/0 servers reverted)
2026/07/31 11:34:19 📢 Notification: deployment_failed - Production deployment failed: hxc213 writer 1 iter 28
2026/07/31 11:34:19 
❌ PRODUCTION DEPLOYMENT FAILED
2026/07/31 11:34:19 📊 Failure Summary:
2026/07/31 11:34:19    Failed Phase: deployment
2026/07/31 11:34:19    Error: hxc213 writer 1 iter 29
2026/07/31 11:34:19    Duration: 296.705847ms
2026/07/31 11:34:19    Servers Deployed: 0
2026/07/31 11:34:19 🔄 Triggering automatic rollback...
2026/07/31 11:34:19 🔄 Rollback requested for 0 deployed server(s) (reason: hxc213 writer 1 iter 29)
2026/07/31 11:34:19 ❌ Rollback NOT completed: rollback NOT completed: real SSH rollback transport not wired (0/0 servers reverted)
2026/07/31 11:34:19 📢 Notification: rollback_not_completed - rollback NOT completed: real SSH rollback transport not wired (0/0 servers reverted)
2026/07/31 11:34:19 📢 Notification: deployment_failed - Production deployment failed: hxc213 writer 1 iter 29
2026/07/31 11:34:19 
❌ PRODUCTION DEPLOYMENT FAILED
2026/07/31 11:34:19 📊 Failure Summary:
2026/07/31 11:34:19    Failed Phase: deployment
2026/07/31 11:34:19    Error: hxc213 writer 1 iter 30
2026/07/31 11:34:19    Duration: 296.827311ms
2026/07/31 11:34:19    Servers Deployed: 0
2026/07/31 11:34:19 🔄 Triggering automatic rollback...
2026/07/31 11:34:19 🔄 Rollback requested for 0 deployed server(s) (reason: hxc213 writer 1 iter 30)
2026/07/31 11:34:19 ❌ Rollback NOT completed: rollback NOT completed: real SSH rollback transport not wired (0/0 servers reverted)
2026/07/31 11:34:19 📢 Notification: rollback_not_completed - rollback NOT completed: real SSH rollback transport not wired (0/0 servers reverted)
2026/07/31 11:34:19 📢 Notification: deployment_failed - Production deployment failed: hxc213 writer 1 iter 30
2026/07/31 11:34:19 
❌ PRODUCTION DEPLOYMENT FAILED
2026/07/31 11:34:19 📊 Failure Summary:
2026/07/31 11:34:19    Failed Phase: deployment
2026/07/31 11:34:19    Error: hxc213 writer 1 iter 31
2026/07/31 11:34:19    Duration: 296.927953ms
2026/07/31 11:34:19    Servers Deployed: 0
2026/07/31 11:34:19 🔄 Triggering automatic rollback...
2026/07/31 11:34:19 🔄 Rollback requested for 0 deployed server(s) (reason: hxc213 writer 1 iter 31)
2026/07/31 11:34:19 ❌ Rollback NOT completed: rollback NOT completed: real SSH rollback transport not wired (0/0 servers reverted)
2026/07/31 11:34:19 📢 Notification: rollback_not_completed - rollback NOT completed: real SSH rollback transport not wired (0/0 servers reverted)
2026/07/31 11:34:19 📢 Notification: deployment_failed - Production deployment failed: hxc213 writer 1 iter 31
2026/07/31 11:34:19 
❌ PRODUCTION DEPLOYMENT FAILED
2026/07/31 11:34:19 📊 Failure Summary:
2026/07/31 11:34:19    Failed Phase: deployment
2026/07/31 11:34:19    Error: hxc213 writer 1 iter 32
2026/07/31 11:34:19    Duration: 297.032471ms
2026/07/31 11:34:19    Servers Deployed: 0
2026/07/31 11:34:19 🔄 Triggering automatic rollback...
2026/07/31 11:34:19 🔄 Rollback requested for 0 deployed server(s) (reason: hxc213 writer 1 iter 32)
2026/07/31 11:34:19 ❌ Rollback NOT completed: rollback NOT completed: real SSH rollback transport not wired (0/0 servers reverted)
2026/07/31 11:34:19 📢 Notification: rollback_not_completed - rollback NOT completed: real SSH rollback transport not wired (0/0 servers reverted)
2026/07/31 11:34:19 📢 Notification: deployment_failed - Production deployment failed: hxc213 writer 1 iter 32
2026/07/31 11:34:19 
❌ PRODUCTION DEPLOYMENT FAILED
2026/07/31 11:34:19 📊 Failure Summary:
2026/07/31 11:34:19    Failed Phase: deployment
2026/07/31 11:34:19    Error: hxc213 writer 1 iter 33
2026/07/31 11:34:19    Duration: 297.120153ms
2026/07/31 11:34:19    Servers Deployed: 0
2026/07/31 11:34:19 🔄 Triggering automatic rollback...
2026/07/31 11:34:19 🔄 Rollback requested for 0 deployed server(s) (reason: hxc213 writer 1 iter 33)
2026/07/31 11:34:19 ❌ Rollback NOT completed: rollback NOT completed: real SSH rollback transport not wired (0/0 servers reverted)
2026/07/31 11:34:19 📢 Notification: rollback_not_completed - rollback NOT completed: real SSH rollback transport not wired (0/0 servers reverted)
2026/07/31 11:34:19 📢 Notification: deployment_failed - Production deployment failed: hxc213 writer 1 iter 33
2026/07/31 11:34:19 
❌ PRODUCTION DEPLOYMENT FAILED
2026/07/31 11:34:19 📊 Failure Summary:
2026/07/31 11:34:19    Failed Phase: deployment
2026/07/31 11:34:19    Error: hxc213 writer 1 iter 34
2026/07/31 11:34:19    Duration: 297.219744ms
2026/07/31 11:34:19    Servers Deployed: 0
2026/07/31 11:34:19 🔄 Triggering automatic rollback...
2026/07/31 11:34:19 🔄 Rollback requested for 0 deployed server(s) (reason: hxc213 writer 1 iter 34)
2026/07/31 11:34:19 ❌ Rollback NOT completed: rollback NOT completed: real SSH rollback transport not wired (0/0 servers reverted)
2026/07/31 11:34:19 📢 Notification: rollback_not_completed - rollback NOT completed: real SSH rollback transport not wired (0/0 servers reverted)
2026/07/31 11:34:19 📢 Notification: deployment_failed - Production deployment failed: hxc213 writer 1 iter 34
2026/07/31 11:34:19 
❌ PRODUCTION DEPLOYMENT FAILED
2026/07/31 11:34:19 📊 Failure Summary:
2026/07/31 11:34:19    Failed Phase: deployment
2026/07/31 11:34:19    Error: hxc213 writer 1 iter 35
2026/07/31 11:34:19    Duration: 297.299264ms
2026/07/31 11:34:19    Servers Deployed: 0
2026/07/31 11:34:19 🔄 Triggering automatic rollback...
2026/07/31 11:34:19 🔄 Rollback requested for 0 deployed server(s) (reason: hxc213 writer 1 iter 35)
2026/07/31 11:34:19 ❌ Rollback NOT completed: rollback NOT completed: real SSH rollback transport not wired (0/0 servers reverted)
2026/07/31 11:34:19 📢 Notification: rollback_not_completed - rollback NOT completed: real SSH rollback transport not wired (0/0 servers reverted)
2026/07/31 11:34:19 📢 Notification: deployment_failed - Production deployment failed: hxc213 writer 1 iter 35
2026/07/31 11:34:19 
❌ PRODUCTION DEPLOYMENT FAILED
2026/07/31 11:34:19 📊 Failure Summary:
2026/07/31 11:34:19    Failed Phase: deployment
2026/07/31 11:34:19    Error: hxc213 writer 1 iter 36
2026/07/31 11:34:19    Duration: 297.396241ms
2026/07/31 11:34:19    Servers Deployed: 0
2026/07/31 11:34:19 🔄 Triggering automatic rollback...
2026/07/31 11:34:19 🔄 Rollback requested for 0 deployed server(s) (reason: hxc213 writer 1 iter 36)
2026/07/31 11:34:19 ❌ Rollback NOT completed: rollback NOT completed: real SSH rollback transport not wired (0/0 servers reverted)
2026/07/31 11:34:19 📢 Notification: rollback_not_completed - rollback NOT completed: real SSH rollback transport not wired (0/0 servers reverted)
2026/07/31 11:34:19 📢 Notification: deployment_failed - Production deployment failed: hxc213 writer 1 iter 36
2026/07/31 11:34:19 
❌ PRODUCTION DEPLOYMENT FAILED
2026/07/31 11:34:19 📊 Failure Summary:
2026/07/31 11:34:19    Failed Phase: deployment
2026/07/31 11:34:19    Error: hxc213 writer 1 iter 37
2026/07/31 11:34:19    Duration: 297.487579ms
2026/07/31 11:34:19    Servers Deployed: 0
2026/07/31 11:34:19 🔄 Triggering automatic rollback...
2026/07/31 11:34:19 🔄 Rollback requested for 0 deployed server(s) (reason: hxc213 writer 1 iter 37)
2026/07/31 11:34:19 ❌ Rollback NOT completed: rollback NOT completed: real SSH rollback transport not wired (0/0 servers reverted)
2026/07/31 11:34:19 📢 Notification: rollback_not_completed - rollback NOT completed: real SSH rollback transport not wired (0/0 servers reverted)
2026/07/31 11:34:19 📢 Notification: deployment_failed - Production deployment failed: hxc213 writer 1 iter 37
2026/07/31 11:34:19 
❌ PRODUCTION DEPLOYMENT FAILED
2026/07/31 11:34:19 📊 Failure Summary:
2026/07/31 11:34:19    Failed Phase: deployment
2026/07/31 11:34:19    Error: hxc213 writer 1 iter 38
2026/07/31 11:34:19    Duration: 297.642052ms
2026/07/31 11:34:19    Servers Deployed: 0
2026/07/31 11:34:19 🔄 Triggering automatic rollback...
2026/07/31 11:34:19 🔄 Rollback requested for 0 deployed server(s) (reason: hxc213 writer 1 iter 38)
2026/07/31 11:34:19 ❌ Rollback NOT completed: rollback NOT completed: real SSH rollback transport not wired (0/0 servers reverted)
2026/07/31 11:34:19 📢 Notification: rollback_not_completed - rollback NOT completed: real SSH rollback transport not wired (0/0 servers reverted)
2026/07/31 11:34:19 📢 Notification: deployment_failed - Production deployment failed: hxc213 writer 1 iter 38
2026/07/31 11:34:19 
❌ PRODUCTION DEPLOYMENT FAILED
2026/07/31 11:34:19 📊 Failure Summary:
2026/07/31 11:34:19    Failed Phase: deployment
2026/07/31 11:34:19    Error: hxc213 writer 1 iter 39
2026/07/31 11:34:19    Duration: 297.736775ms
2026/07/31 11:34:19    Servers Deployed: 0
2026/07/31 11:34:19 🔄 Triggering automatic rollback...
2026/07/31 11:34:19 🔄 Rollback requested for 0 deployed server(s) (reason: hxc213 writer 1 iter 39)
2026/07/31 11:34:19 ❌ Rollback NOT completed: rollback NOT completed: real SSH rollback transport not wired (0/0 servers reverted)
2026/07/31 11:34:19 📢 Notification: rollback_not_completed - rollback NOT completed: real SSH rollback transport not wired (0/0 servers reverted)
2026/07/31 11:34:19 📢 Notification: deployment_failed - Production deployment failed: hxc213 writer 1 iter 39
2026/07/31 11:34:19 
❌ PRODUCTION DEPLOYMENT FAILED
2026/07/31 11:34:19 📊 Failure Summary:
2026/07/31 11:34:19    Failed Phase: deployment
2026/07/31 11:34:19    Error: hxc213 writer 1 iter 40
2026/07/31 11:34:19    Duration: 297.828053ms
2026/07/31 11:34:19    Servers Deployed: 0
2026/07/31 11:34:19 🔄 Triggering automatic rollback...
2026/07/31 11:34:19 🔄 Rollback requested for 0 deployed server(s) (reason: hxc213 writer 1 iter 40)
2026/07/31 11:34:19 ❌ Rollback NOT completed: rollback NOT completed: real SSH rollback transport not wired (0/0 servers reverted)
2026/07/31 11:34:19 📢 Notification: rollback_not_completed - rollback NOT completed: real SSH rollback transport not wired (0/0 servers reverted)
2026/07/31 11:34:19 📢 Notification: deployment_failed - Production deployment failed: hxc213 writer 1 iter 40
2026/07/31 11:34:19 
❌ PRODUCTION DEPLOYMENT FAILED
2026/07/31 11:34:19 📊 Failure Summary:
2026/07/31 11:34:19    Failed Phase: deployment
2026/07/31 11:34:19    Error: hxc213 writer 1 iter 41
2026/07/31 11:34:19    Duration: 297.915976ms
2026/07/31 11:34:19    Servers Deployed: 0
2026/07/31 11:34:19 🔄 Triggering automatic rollback...
2026/07/31 11:34:19 🔄 Rollback requested for 0 deployed server(s) (reason: hxc213 writer 1 iter 41)
2026/07/31 11:34:19 ❌ Rollback NOT completed: rollback NOT completed: real SSH rollback transport not wired (0/0 servers reverted)
2026/07/31 11:34:19 📢 Notification: rollback_not_completed - rollback NOT completed: real SSH rollback transport not wired (0/0 servers reverted)
2026/07/31 11:34:19 📢 Notification: deployment_failed - Production deployment failed: hxc213 writer 1 iter 41
2026/07/31 11:34:19 
❌ PRODUCTION DEPLOYMENT FAILED
2026/07/31 11:34:19 📊 Failure Summary:
2026/07/31 11:34:19    Failed Phase: deployment
2026/07/31 11:34:19    Error: hxc213 writer 1 iter 42
2026/07/31 11:34:19    Duration: 298.007144ms
2026/07/31 11:34:19    Servers Deployed: 0
2026/07/31 11:34:19 🔄 Triggering automatic rollback...
2026/07/31 11:34:19 🔄 Rollback requested for 0 deployed server(s) (reason: hxc213 writer 1 iter 42)
2026/07/31 11:34:19 ❌ Rollback NOT completed: rollback NOT completed: real SSH rollback transport not wired (0/0 servers reverted)
2026/07/31 11:34:19 📢 Notification: rollback_not_completed - rollback NOT completed: real SSH rollback transport not wired (0/0 servers reverted)
2026/07/31 11:34:19 📢 Notification: deployment_failed - Production deployment failed: hxc213 writer 1 iter 42
2026/07/31 11:34:19 
❌ PRODUCTION DEPLOYMENT FAILED
2026/07/31 11:34:19 📊 Failure Summary:
2026/07/31 11:34:19    Failed Phase: deployment
2026/07/31 11:34:19    Error: hxc213 writer 1 iter 43
2026/07/31 11:34:19    Duration: 298.097671ms
2026/07/31 11:34:19    Servers Deployed: 0
2026/07/31 11:34:19 🔄 Triggering automatic rollback...
2026/07/31 11:34:19 🔄 Rollback requested for 0 deployed server(s) (reason: hxc213 writer 1 iter 43)
2026/07/31 11:34:19 ❌ Rollback NOT completed: rollback NOT completed: real SSH rollback transport not wired (0/0 servers reverted)
2026/07/31 11:34:19 📢 Notification: rollback_not_completed - rollback NOT completed: real SSH rollback transport not wired (0/0 servers reverted)
2026/07/31 11:34:19 📢 Notification: deployment_failed - Production deployment failed: hxc213 writer 1 iter 43
2026/07/31 11:34:19 
❌ PRODUCTION DEPLOYMENT FAILED
2026/07/31 11:34:19 📊 Failure Summary:
2026/07/31 11:34:19    Failed Phase: deployment
2026/07/31 11:34:19    Error: hxc213 writer 1 iter 44
2026/07/31 11:34:19    Duration: 298.199234ms
2026/07/31 11:34:19    Servers Deployed: 0
2026/07/31 11:34:19 🔄 Triggering automatic rollback...
2026/07/31 11:34:19 🔄 Rollback requested for 0 deployed server(s) (reason: hxc213 writer 1 iter 44)
2026/07/31 11:34:19 ❌ Rollback NOT completed: rollback NOT completed: real SSH rollback transport not wired (0/0 servers reverted)
2026/07/31 11:34:19 📢 Notification: rollback_not_completed - rollback NOT completed: real SSH rollback transport not wired (0/0 servers reverted)
2026/07/31 11:34:19 📢 Notification: deployment_failed - Production deployment failed: hxc213 writer 1 iter 44
2026/07/31 11:34:19 
❌ PRODUCTION DEPLOYMENT FAILED
2026/07/31 11:34:19 📊 Failure Summary:
2026/07/31 11:34:19    Failed Phase: deployment
2026/07/31 11:34:19    Error: hxc213 writer 1 iter 45
2026/07/31 11:34:19 📢 Notification: rollback_not_completed - rollback NOT completed: real SSH rollback transport not wired (0/0 servers reverted)
2026/07/31 11:34:19    Duration: 298.29526ms
2026/07/31 11:34:19 📢 Notification: deployment_failed - Production deployment failed: hxc213 writer 2 iter 38
2026/07/31 11:34:19    Servers Deployed: 0
2026/07/31 11:34:19 🔄 Triggering automatic rollback...
2026/07/31 11:34:19 
❌ PRODUCTION DEPLOYMENT FAILED
2026/07/31 11:34:19 🔄 Rollback requested for 0 deployed server(s) (reason: hxc213 writer 1 iter 45)
2026/07/31 11:34:19 📊 Failure Summary:
2026/07/31 11:34:19    Failed Phase: deployment
2026/07/31 11:34:19 ❌ Rollback NOT completed: rollback NOT completed: real SSH rollback transport not wired (0/0 servers reverted)
2026/07/31 11:34:19    Error: hxc213 writer 2 iter 39
2026/07/31 11:34:19 📢 Notification: rollback_not_completed - rollback NOT completed: real SSH rollback transport not wired (0/0 servers reverted)
2026/07/31 11:34:19    Duration: 298.340859ms
2026/07/31 11:34:19 📢 Notification: deployment_failed - Production deployment failed: hxc213 writer 1 iter 45
2026/07/31 11:34:19    Servers Deployed: 0
2026/07/31 11:34:19 🔄 Triggering automatic rollback...
2026/07/31 11:34:19 🔄 Rollback requested for 0 deployed server(s) (reason: hxc213 writer 2 iter 39)
2026/07/31 11:34:19 ❌ Rollback NOT completed: rollback NOT completed: real SSH rollback transport not wired (0/0 servers reverted)
2026/07/31 11:34:19 📢 Notification: rollback_not_completed - rollback NOT completed: real SSH rollback transport not wired (0/0 servers reverted)
2026/07/31 11:34:19 📢 Notification: deployment_failed - Production deployment failed: hxc213 writer 2 iter 39
2026/07/31 11:34:19 
❌ PRODUCTION DEPLOYMENT FAILED
2026/07/31 11:34:19 📊 Failure Summary:
2026/07/31 11:34:19    Failed Phase: deployment
2026/07/31 11:34:19    Error: hxc213 writer 2 iter 40
2026/07/31 11:34:19    Duration: 299.257594ms
2026/07/31 11:34:19    Servers Deployed: 0
2026/07/31 11:34:19 🔄 Triggering automatic rollback...
2026/07/31 11:34:19 🔄 Rollback requested for 0 deployed server(s) (reason: hxc213 writer 2 iter 40)
2026/07/31 11:34:19 ❌ Rollback NOT completed: rollback NOT completed: real SSH rollback transport not wired (0/0 servers reverted)
2026/07/31 11:34:19 📢 Notification: rollback_not_completed - rollback NOT completed: real SSH rollback transport not wired (0/0 servers reverted)
2026/07/31 11:34:19 📢 Notification: deployment_failed - Production deployment failed: hxc213 writer 2 iter 40
2026/07/31 11:34:19 
❌ PRODUCTION DEPLOYMENT FAILED
2026/07/31 11:34:19 📊 Failure Summary:
2026/07/31 11:34:19    Failed Phase: deployment
2026/07/31 11:34:19    Error: hxc213 writer 2 iter 41
2026/07/31 11:34:19    Duration: 300.782279ms
2026/07/31 11:34:19 
❌ PRODUCTION DEPLOYMENT FAILED
2026/07/31 11:34:19 📊 Failure Summary:
2026/07/31 11:34:19    Failed Phase: deployment
2026/07/31 11:34:19    Error: hxc213 writer 1 iter 46
2026/07/31 11:34:19    Duration: 300.782279ms
2026/07/31 11:34:19    Servers Deployed: 0
2026/07/31 11:34:19 🔄 Triggering automatic rollback...
2026/07/31 11:34:19 🔄 Rollback requested for 0 deployed server(s) (reason: hxc213 writer 2 iter 41)
2026/07/31 11:34:19 ❌ Rollback NOT completed: rollback NOT completed: real SSH rollback transport not wired (0/0 servers reverted)
2026/07/31 11:34:19 📢 Notification: rollback_not_completed - rollback NOT completed: real SSH rollback transport not wired (0/0 servers reverted)
2026/07/31 11:34:19 📢 Notification: deployment_failed - Production deployment failed: hxc213 writer 2 iter 41
2026/07/31 11:34:19 
❌ PRODUCTION DEPLOYMENT FAILED
2026/07/31 11:34:19 📊 Failure Summary:
2026/07/31 11:34:19    Failed Phase: deployment
2026/07/31 11:34:19    Error: hxc213 writer 2 iter 42
2026/07/31 11:34:19    Duration: 302.303199ms
2026/07/31 11:34:19    Servers Deployed: 0
2026/07/31 11:34:19 🔄 Triggering automatic rollback...
2026/07/31 11:34:19 🔄 Rollback requested for 0 deployed server(s) (reason: hxc213 writer 2 iter 42)
2026/07/31 11:34:19 ❌ Rollback NOT completed: rollback NOT completed: real SSH rollback transport not wired (0/0 servers reverted)
2026/07/31 11:34:19 📢 Notification: rollback_not_completed - rollback NOT completed: real SSH rollback transport not wired (0/0 servers reverted)
2026/07/31 11:34:19 📢 Notification: deployment_failed - Production deployment failed: hxc213 writer 2 iter 42
2026/07/31 11:34:19 
❌ PRODUCTION DEPLOYMENT FAILED
2026/07/31 11:34:19 📊 Failure Summary:
2026/07/31 11:34:19    Failed Phase: deployment
2026/07/31 11:34:19    Error: hxc213 writer 2 iter 43
2026/07/31 11:34:19    Duration: 302.544413ms
2026/07/31 11:34:19    Servers Deployed: 0
2026/07/31 11:34:19 🔄 Triggering automatic rollback...
2026/07/31 11:34:19 🔄 Rollback requested for 0 deployed server(s) (reason: hxc213 writer 2 iter 43)
2026/07/31 11:34:19 ❌ Rollback NOT completed: rollback NOT completed: real SSH rollback transport not wired (0/0 servers reverted)
2026/07/31 11:34:19 📢 Notification: rollback_not_completed - rollback NOT completed: real SSH rollback transport not wired (0/0 servers reverted)
2026/07/31 11:34:19 📢 Notification: deployment_failed - Production deployment failed: hxc213 writer 2 iter 43
2026/07/31 11:34:19 
❌ PRODUCTION DEPLOYMENT FAILED
2026/07/31 11:34:19 📊 Failure Summary:
2026/07/31 11:34:19    Failed Phase: deployment
2026/07/31 11:34:19    Error: hxc213 writer 2 iter 44
2026/07/31 11:34:19    Duration: 302.768702ms
2026/07/31 11:34:19    Servers Deployed: 0
2026/07/31 11:34:19 🔄 Triggering automatic rollback...
2026/07/31 11:34:19 🔄 Rollback requested for 0 deployed server(s) (reason: hxc213 writer 2 iter 44)
2026/07/31 11:34:19 ❌ Rollback NOT completed: rollback NOT completed: real SSH rollback transport not wired (0/0 servers reverted)
2026/07/31 11:34:19 📢 Notification: rollback_not_completed - rollback NOT completed: real SSH rollback transport not wired (0/0 servers reverted)
2026/07/31 11:34:19 📢 Notification: deployment_failed - Production deployment failed: hxc213 writer 2 iter 44
2026/07/31 11:34:19 
❌ PRODUCTION DEPLOYMENT FAILED
2026/07/31 11:34:19 📊 Failure Summary:
2026/07/31 11:34:19    Failed Phase: deployment
2026/07/31 11:34:19    Error: hxc213 writer 2 iter 45
2026/07/31 11:34:19    Duration: 302.971789ms
2026/07/31 11:34:19    Servers Deployed: 0
2026/07/31 11:34:19 🔄 Triggering automatic rollback...
2026/07/31 11:34:19 🔄 Rollback requested for 0 deployed server(s) (reason: hxc213 writer 2 iter 45)
2026/07/31 11:34:19 ❌ Rollback NOT completed: rollback NOT completed: real SSH rollback transport not wired (0/0 servers reverted)
2026/07/31 11:34:19 📢 Notification: rollback_not_completed - rollback NOT completed: real SSH rollback transport not wired (0/0 servers reverted)
2026/07/31 11:34:19 📢 Notification: deployment_failed - Production deployment failed: hxc213 writer 2 iter 45
2026/07/31 11:34:19 
❌ PRODUCTION DEPLOYMENT FAILED
2026/07/31 11:34:19 📊 Failure Summary:
2026/07/31 11:34:19    Failed Phase: deployment
2026/07/31 11:34:19    Error: hxc213 writer 2 iter 46
2026/07/31 11:34:19    Duration: 303.191892ms
2026/07/31 11:34:19    Servers Deployed: 0
2026/07/31 11:34:19 🔄 Triggering automatic rollback...
2026/07/31 11:34:19 🔄 Rollback requested for 0 deployed server(s) (reason: hxc213 writer 2 iter 46)
2026/07/31 11:34:19 ❌ Rollback NOT completed: rollback NOT completed: real SSH rollback transport not wired (0/0 servers reverted)
2026/07/31 11:34:19 📢 Notification: rollback_not_completed - rollback NOT completed: real SSH rollback transport not wired (0/0 servers reverted)
2026/07/31 11:34:19 📢 Notification: deployment_failed - Production deployment failed: hxc213 writer 2 iter 46
2026/07/31 11:34:19 
❌ PRODUCTION DEPLOYMENT FAILED
2026/07/31 11:34:19 📊 Failure Summary:
2026/07/31 11:34:19    Failed Phase: deployment
2026/07/31 11:34:19    Error: hxc213 writer 2 iter 47
2026/07/31 11:34:19    Duration: 303.436852ms
2026/07/31 11:34:19    Servers Deployed: 0
2026/07/31 11:34:19 🔄 Triggering automatic rollback...
2026/07/31 11:34:19 🔄 Rollback requested for 0 deployed server(s) (reason: hxc213 writer 2 iter 47)
2026/07/31 11:34:19 ❌ Rollback NOT completed: rollback NOT completed: real SSH rollback transport not wired (0/0 servers reverted)
2026/07/31 11:34:19 📢 Notification: rollback_not_completed - rollback NOT completed: real SSH rollback transport not wired (0/0 servers reverted)
2026/07/31 11:34:19 📢 Notification: deployment_failed - Production deployment failed: hxc213 writer 2 iter 47
2026/07/31 11:34:19 
❌ PRODUCTION DEPLOYMENT FAILED
2026/07/31 11:34:19 📊 Failure Summary:
2026/07/31 11:34:19    Failed Phase: deployment
2026/07/31 11:34:19    Error: hxc213 writer 2 iter 48
2026/07/31 11:34:19    Duration: 303.672589ms
2026/07/31 11:34:19    Servers Deployed: 0
2026/07/31 11:34:19 🔄 Triggering automatic rollback...
2026/07/31 11:34:19 🔄 Rollback requested for 0 deployed server(s) (reason: hxc213 writer 2 iter 48)
2026/07/31 11:34:19 ❌ Rollback NOT completed: rollback NOT completed: real SSH rollback transport not wired (0/0 servers reverted)
2026/07/31 11:34:19 📢 Notification: rollback_not_completed - rollback NOT completed: real SSH rollback transport not wired (0/0 servers reverted)
2026/07/31 11:34:19 📢 Notification: deployment_failed - Production deployment failed: hxc213 writer 2 iter 48
2026/07/31 11:34:19 
❌ PRODUCTION DEPLOYMENT FAILED
2026/07/31 11:34:19 📊 Failure Summary:
2026/07/31 11:34:19    Failed Phase: deployment
2026/07/31 11:34:19    Error: hxc213 writer 2 iter 49
2026/07/31 11:34:19    Duration: 303.874184ms
2026/07/31 11:34:19    Servers Deployed: 0
2026/07/31 11:34:19 🔄 Triggering automatic rollback...
2026/07/31 11:34:19 🔄 Rollback requested for 0 deployed server(s) (reason: hxc213 writer 2 iter 49)
2026/07/31 11:34:19 ❌ Rollback NOT completed: rollback NOT completed: real SSH rollback transport not wired (0/0 servers reverted)
2026/07/31 11:34:19 📢 Notification: rollback_not_completed - rollback NOT completed: real SSH rollback transport not wired (0/0 servers reverted)
2026/07/31 11:34:19 📢 Notification: deployment_failed - Production deployment failed: hxc213 writer 2 iter 49
2026/07/31 11:34:19 
❌ PRODUCTION DEPLOYMENT FAILED
2026/07/31 11:34:19 📊 Failure Summary:
2026/07/31 11:34:19    Failed Phase: deployment
2026/07/31 11:34:19    Error: hxc213 writer 2 iter 50
2026/07/31 11:34:19    Duration: 304.085062ms
2026/07/31 11:34:19    Servers Deployed: 0
2026/07/31 11:34:19 🔄 Triggering automatic rollback...
2026/07/31 11:34:19 🔄 Rollback requested for 0 deployed server(s) (reason: hxc213 writer 2 iter 50)
2026/07/31 11:34:19 ❌ Rollback NOT completed: rollback NOT completed: real SSH rollback transport not wired (0/0 servers reverted)
2026/07/31 11:34:19 📢 Notification: rollback_not_completed - rollback NOT completed: real SSH rollback transport not wired (0/0 servers reverted)
2026/07/31 11:34:19 📢 Notification: deployment_failed - Production deployment failed: hxc213 writer 2 iter 50
2026/07/31 11:34:19 
❌ PRODUCTION DEPLOYMENT FAILED
2026/07/31 11:34:19 📊 Failure Summary:
2026/07/31 11:34:19    Failed Phase: deployment
2026/07/31 11:34:19    Error: hxc213 writer 2 iter 51
2026/07/31 11:34:19    Duration: 304.278054ms
2026/07/31 11:34:19    Servers Deployed: 0
2026/07/31 11:34:19 🔄 Triggering automatic rollback...
2026/07/31 11:34:19 🔄 Rollback requested for 0 deployed server(s) (reason: hxc213 writer 2 iter 51)
2026/07/31 11:34:19 ❌ Rollback NOT completed: rollback NOT completed: real SSH rollback transport not wired (0/0 servers reverted)
2026/07/31 11:34:19 📢 Notification: rollback_not_completed - rollback NOT completed: real SSH rollback transport not wired (0/0 servers reverted)
2026/07/31 11:34:19 📢 Notification: deployment_failed - Production deployment failed: hxc213 writer 2 iter 51
2026/07/31 11:34:19 
❌ PRODUCTION DEPLOYMENT FAILED
2026/07/31 11:34:19 📊 Failure Summary:
2026/07/31 11:34:19    Failed Phase: deployment
2026/07/31 11:34:19    Error: hxc213 writer 2 iter 52
2026/07/31 11:34:19    Duration: 304.49345ms
2026/07/31 11:34:19    Servers Deployed: 0
2026/07/31 11:34:19 🔄 Triggering automatic rollback...
2026/07/31 11:34:19 🔄 Rollback requested for 0 deployed server(s) (reason: hxc213 writer 2 iter 52)
2026/07/31 11:34:19 ❌ Rollback NOT completed: rollback NOT completed: real SSH rollback transport not wired (0/0 servers reverted)
2026/07/31 11:34:19 📢 Notification: rollback_not_completed - rollback NOT completed: real SSH rollback transport not wired (0/0 servers reverted)
2026/07/31 11:34:19 📢 Notification: deployment_failed - Production deployment failed: hxc213 writer 2 iter 52
2026/07/31 11:34:19 
❌ PRODUCTION DEPLOYMENT FAILED
2026/07/31 11:34:19 📊 Failure Summary:
2026/07/31 11:34:19    Failed Phase: deployment
2026/07/31 11:34:19    Error: hxc213 writer 2 iter 53
2026/07/31 11:34:19    Duration: 304.575514ms
2026/07/31 11:34:19    Servers Deployed: 0
2026/07/31 11:34:19 🔄 Triggering automatic rollback...
2026/07/31 11:34:19 🔄 Rollback requested for 0 deployed server(s) (reason: hxc213 writer 2 iter 53)
2026/07/31 11:34:19 ❌ Rollback NOT completed: rollback NOT completed: real SSH rollback transport not wired (0/0 servers reverted)
2026/07/31 11:34:19 📢 Notification: rollback_not_completed - rollback NOT completed: real SSH rollback transport not wired (0/0 servers reverted)
2026/07/31 11:34:19 📢 Notification: deployment_failed - Production deployment failed: hxc213 writer 2 iter 53
2026/07/31 11:34:19 
❌ PRODUCTION DEPLOYMENT FAILED
2026/07/31 11:34:19 📊 Failure Summary:
2026/07/31 11:34:19    Failed Phase: deployment
2026/07/31 11:34:19    Error: hxc213 writer 2 iter 54
2026/07/31 11:34:19    Duration: 304.660412ms
2026/07/31 11:34:19    Servers Deployed: 0
2026/07/31 11:34:19 🔄 Triggering automatic rollback...
2026/07/31 11:34:19 🔄 Rollback requested for 0 deployed server(s) (reason: hxc213 writer 2 iter 54)
2026/07/31 11:34:19 ❌ Rollback NOT completed: rollback NOT completed: real SSH rollback transport not wired (0/0 servers reverted)
2026/07/31 11:34:19 📢 Notification: rollback_not_completed - rollback NOT completed: real SSH rollback transport not wired (0/0 servers reverted)
2026/07/31 11:34:19 📢 Notification: deployment_failed - Production deployment failed: hxc213 writer 2 iter 54
2026/07/31 11:34:19 
❌ PRODUCTION DEPLOYMENT FAILED
2026/07/31 11:34:19 📊 Failure Summary:
2026/07/31 11:34:19    Failed Phase: deployment
2026/07/31 11:34:19    Error: hxc213 writer 2 iter 55
2026/07/31 11:34:19    Duration: 304.744119ms
2026/07/31 11:34:19    Servers Deployed: 0
2026/07/31 11:34:19 🔄 Triggering automatic rollback...
2026/07/31 11:34:19 🔄 Rollback requested for 0 deployed server(s) (reason: hxc213 writer 2 iter 55)
2026/07/31 11:34:19 ❌ Rollback NOT completed: rollback NOT completed: real SSH rollback transport not wired (0/0 servers reverted)
2026/07/31 11:34:19 📢 Notification: rollback_not_completed - rollback NOT completed: real SSH rollback transport not wired (0/0 servers reverted)
2026/07/31 11:34:19 📢 Notification: deployment_failed - Production deployment failed: hxc213 writer 2 iter 55
2026/07/31 11:34:19 
❌ PRODUCTION DEPLOYMENT FAILED
2026/07/31 11:34:19 📊 Failure Summary:
2026/07/31 11:34:19    Failed Phase: deployment
2026/07/31 11:34:19    Error: hxc213 writer 2 iter 56
2026/07/31 11:34:19    Duration: 304.845382ms
2026/07/31 11:34:19    Servers Deployed: 0
2026/07/31 11:34:19 🔄 Triggering automatic rollback...
2026/07/31 11:34:19 🔄 Rollback requested for 0 deployed server(s) (reason: hxc213 writer 2 iter 56)
2026/07/31 11:34:19 ❌ Rollback NOT completed: rollback NOT completed: real SSH rollback transport not wired (0/0 servers reverted)
2026/07/31 11:34:19 📢 Notification: rollback_not_completed - rollback NOT completed: real SSH rollback transport not wired (0/0 servers reverted)
2026/07/31 11:34:19 📢 Notification: deployment_failed - Production deployment failed: hxc213 writer 2 iter 56
2026/07/31 11:34:19 
❌ PRODUCTION DEPLOYMENT FAILED
2026/07/31 11:34:19 📊 Failure Summary:
2026/07/31 11:34:19    Failed Phase: deployment
2026/07/31 11:34:19    Error: hxc213 writer 2 iter 57
2026/07/31 11:34:19    Duration: 304.935057ms
2026/07/31 11:34:19    Servers Deployed: 0
2026/07/31 11:34:19 🔄 Triggering automatic rollback...
2026/07/31 11:34:19 🔄 Rollback requested for 0 deployed server(s) (reason: hxc213 writer 2 iter 57)
2026/07/31 11:34:19 ❌ Rollback NOT completed: rollback NOT completed: real SSH rollback transport not wired (0/0 servers reverted)
2026/07/31 11:34:19 📢 Notification: rollback_not_completed - rollback NOT completed: real SSH rollback transport not wired (0/0 servers reverted)
2026/07/31 11:34:19 📢 Notification: deployment_failed - Production deployment failed: hxc213 writer 2 iter 57
2026/07/31 11:34:19 
❌ PRODUCTION DEPLOYMENT FAILED
2026/07/31 11:34:19 📊 Failure Summary:
2026/07/31 11:34:19    Failed Phase: deployment
2026/07/31 11:34:19    Error: hxc213 writer 2 iter 58
2026/07/31 11:34:19    Duration: 305.024162ms
2026/07/31 11:34:19    Servers Deployed: 0
2026/07/31 11:34:19 🔄 Triggering automatic rollback...
2026/07/31 11:34:19 🔄 Rollback requested for 0 deployed server(s) (reason: hxc213 writer 2 iter 58)
2026/07/31 11:34:19 ❌ Rollback NOT completed: rollback NOT completed: real SSH rollback transport not wired (0/0 servers reverted)
2026/07/31 11:34:19 📢 Notification: rollback_not_completed - rollback NOT completed: real SSH rollback transport not wired (0/0 servers reverted)
2026/07/31 11:34:19 📢 Notification: deployment_failed - Production deployment failed: hxc213 writer 2 iter 58
2026/07/31 11:34:19 
❌ PRODUCTION DEPLOYMENT FAILED
2026/07/31 11:34:19 📊 Failure Summary:
2026/07/31 11:34:19    Failed Phase: deployment
2026/07/31 11:34:19    Error: hxc213 writer 2 iter 59
2026/07/31 11:34:19    Duration: 305.110182ms
2026/07/31 11:34:19    Servers Deployed: 0
2026/07/31 11:34:19 🔄 Triggering automatic rollback...
2026/07/31 11:34:19 🔄 Rollback requested for 0 deployed server(s) (reason: hxc213 writer 2 iter 59)
2026/07/31 11:34:19 ❌ Rollback NOT completed: rollback NOT completed: real SSH rollback transport not wired (0/0 servers reverted)
2026/07/31 11:34:19 📢 Notification: rollback_not_completed - rollback NOT completed: real SSH rollback transport not wired (0/0 servers reverted)
2026/07/31 11:34:19 📢 Notification: deployment_failed - Production deployment failed: hxc213 writer 2 iter 59
2026/07/31 11:34:19 
❌ PRODUCTION DEPLOYMENT FAILED
2026/07/31 11:34:19 📊 Failure Summary:
2026/07/31 11:34:19    Failed Phase: deployment
2026/07/31 11:34:19    Error: hxc213 writer 2 iter 60
2026/07/31 11:34:19    Duration: 305.189842ms
2026/07/31 11:34:19    Servers Deployed: 0
2026/07/31 11:34:19 🔄 Triggering automatic rollback...
2026/07/31 11:34:19 🔄 Rollback requested for 0 deployed server(s) (reason: hxc213 writer 2 iter 60)
2026/07/31 11:34:19 ❌ Rollback NOT completed: rollback NOT completed: real SSH rollback transport not wired (0/0 servers reverted)
2026/07/31 11:34:19 📢 Notification: rollback_not_completed - rollback NOT completed: real SSH rollback transport not wired (0/0 servers reverted)
2026/07/31 11:34:19 📢 Notification: deployment_failed - Production deployment failed: hxc213 writer 2 iter 60
2026/07/31 11:34:19 
❌ PRODUCTION DEPLOYMENT FAILED
2026/07/31 11:34:19 📊 Failure Summary:
2026/07/31 11:34:19    Failed Phase: deployment
2026/07/31 11:34:19    Error: hxc213 writer 2 iter 61
2026/07/31 11:34:19    Duration: 305.27442ms
2026/07/31 11:34:19    Servers Deployed: 0
2026/07/31 11:34:19 🔄 Triggering automatic rollback...
2026/07/31 11:34:19 🔄 Rollback requested for 0 deployed server(s) (reason: hxc213 writer 2 iter 61)
2026/07/31 11:34:19 ❌ Rollback NOT completed: rollback NOT completed: real SSH rollback transport not wired (0/0 servers reverted)
2026/07/31 11:34:19    Servers Deployed: 0
2026/07/31 11:34:19    Servers Deployed: 0
2026/07/31 11:34:19 🔄 Triggering automatic rollback...
2026/07/31 11:34:19 🔄 Rollback requested for 0 deployed server(s) (reason: hxc213 writer 1 iter 46)
2026/07/31 11:34:19 ❌ Rollback NOT completed: rollback NOT completed: real SSH rollback transport not wired (0/0 servers reverted)
2026/07/31 11:34:19 📢 Notification: rollback_not_completed - rollback NOT completed: real SSH rollback transport not wired (0/0 servers reverted)
2026/07/31 11:34:19 📢 Notification: deployment_failed - Production deployment failed: hxc213 writer 1 iter 46
2026/07/31 11:34:19 
❌ PRODUCTION DEPLOYMENT FAILED
2026/07/31 11:34:19 📊 Failure Summary:
2026/07/31 11:34:19    Failed Phase: deployment
2026/07/31 11:34:19    Error: hxc213 writer 1 iter 47
2026/07/31 11:34:19    Duration: 394.487175ms
2026/07/31 11:34:19    Servers Deployed: 0
2026/07/31 11:34:19 🔄 Triggering automatic rollback...
2026/07/31 11:34:19 🔄 Rollback requested for 0 deployed server(s) (reason: hxc213 writer 1 iter 47)
2026/07/31 11:34:19 ❌ Rollback NOT completed: rollback NOT completed: real SSH rollback transport not wired (0/0 servers reverted)
2026/07/31 11:34:19 📢 Notification: rollback_not_completed - rollback NOT completed: real SSH rollback transport not wired (0/0 servers reverted)
2026/07/31 11:34:19 📢 Notification: deployment_failed - Production deployment failed: hxc213 writer 1 iter 47
2026/07/31 11:34:19 
❌ PRODUCTION DEPLOYMENT FAILED
2026/07/31 11:34:19 📊 Failure Summary:
2026/07/31 11:34:19    Failed Phase: deployment
2026/07/31 11:34:19    Error: hxc213 writer 1 iter 48
2026/07/31 11:34:19    Duration: 394.606005ms
2026/07/31 11:34:19    Servers Deployed: 0
2026/07/31 11:34:19 🔄 Triggering automatic rollback...
2026/07/31 11:34:19 🔄 Rollback requested for 0 deployed server(s) (reason: hxc213 writer 1 iter 48)
2026/07/31 11:34:19 ❌ Rollback NOT completed: rollback NOT completed: real SSH rollback transport not wired (0/0 servers reverted)
2026/07/31 11:34:19 📢 Notification: rollback_not_completed - rollback NOT completed: real SSH rollback transport not wired (0/0 servers reverted)
2026/07/31 11:34:19 📢 Notification: deployment_failed - Production deployment failed: hxc213 writer 1 iter 48
2026/07/31 11:34:19 
❌ PRODUCTION DEPLOYMENT FAILED
2026/07/31 11:34:19 📊 Failure Summary:
2026/07/31 11:34:19    Failed Phase: deployment
2026/07/31 11:34:19    Error: hxc213 writer 1 iter 49
2026/07/31 11:34:19    Duration: 394.698865ms
2026/07/31 11:34:19    Servers Deployed: 0
2026/07/31 11:34:19 🔄 Triggering automatic rollback...
2026/07/31 11:34:19 🔄 Rollback requested for 0 deployed server(s) (reason: hxc213 writer 1 iter 49)
2026/07/31 11:34:19 ❌ Rollback NOT completed: rollback NOT completed: real SSH rollback transport not wired (0/0 servers reverted)
2026/07/31 11:34:19 📢 Notification: rollback_not_completed - rollback NOT completed: real SSH rollback transport not wired (0/0 servers reverted)
2026/07/31 11:34:19 📢 Notification: deployment_failed - Production deployment failed: hxc213 writer 1 iter 49
2026/07/31 11:34:19 
❌ PRODUCTION DEPLOYMENT FAILED
2026/07/31 11:34:19 📊 Failure Summary:
2026/07/31 11:34:19    Failed Phase: deployment
2026/07/31 11:34:19    Error: hxc213 writer 1 iter 50
2026/07/31 11:34:19    Duration: 394.831446ms
2026/07/31 11:34:19    Servers Deployed: 0
2026/07/31 11:34:19 🔄 Triggering automatic rollback...
2026/07/31 11:34:19 🔄 Rollback requested for 0 deployed server(s) (reason: hxc213 writer 1 iter 50)
2026/07/31 11:34:19 ❌ Rollback NOT completed: rollback NOT completed: real SSH rollback transport not wired (0/0 servers reverted)
2026/07/31 11:34:19 📢 Notification: rollback_not_completed - rollback NOT completed: real SSH rollback transport not wired (0/0 servers reverted)
2026/07/31 11:34:19 📢 Notification: deployment_failed - Production deployment failed: hxc213 writer 1 iter 50
2026/07/31 11:34:19 
❌ PRODUCTION DEPLOYMENT FAILED
2026/07/31 11:34:19 📊 Failure Summary:
2026/07/31 11:34:19    Failed Phase: deployment
2026/07/31 11:34:19    Error: hxc213 writer 1 iter 51
2026/07/31 11:34:19    Duration: 394.935263ms
2026/07/31 11:34:19    Servers Deployed: 0
2026/07/31 11:34:19 🔄 Triggering automatic rollback...
2026/07/31 11:34:19 🔄 Rollback requested for 0 deployed server(s) (reason: hxc213 writer 1 iter 51)
2026/07/31 11:34:19 ❌ Rollback NOT completed: rollback NOT completed: real SSH rollback transport not wired (0/0 servers reverted)
2026/07/31 11:34:19 📢 Notification: rollback_not_completed - rollback NOT completed: real SSH rollback transport not wired (0/0 servers reverted)
2026/07/31 11:34:19 📢 Notification: deployment_failed - Production deployment failed: hxc213 writer 1 iter 51
2026/07/31 11:34:19 
❌ PRODUCTION DEPLOYMENT FAILED
2026/07/31 11:34:19 📊 Failure Summary:
2026/07/31 11:34:19    Failed Phase: deployment
2026/07/31 11:34:19    Error: hxc213 writer 1 iter 52
2026/07/31 11:34:19    Duration: 395.028383ms
2026/07/31 11:34:19    Servers Deployed: 0
2026/07/31 11:34:19 🔄 Triggering automatic rollback...
2026/07/31 11:34:19 🔄 Rollback requested for 0 deployed server(s) (reason: hxc213 writer 1 iter 52)
2026/07/31 11:34:19 ❌ Rollback NOT completed: rollback NOT completed: real SSH rollback transport not wired (0/0 servers reverted)
2026/07/31 11:34:19 📢 Notification: rollback_not_completed - rollback NOT completed: real SSH rollback transport not wired (0/0 servers reverted)
2026/07/31 11:34:19 📢 Notification: deployment_failed - Production deployment failed: hxc213 writer 1 iter 52
2026/07/31 11:34:19 
❌ PRODUCTION DEPLOYMENT FAILED
2026/07/31 11:34:19 📊 Failure Summary:
2026/07/31 11:34:19    Failed Phase: deployment
2026/07/31 11:34:19    Error: hxc213 writer 1 iter 53
2026/07/31 11:34:19    Duration: 395.098229ms
2026/07/31 11:34:19    Servers Deployed: 0
2026/07/31 11:34:19 🔄 Triggering automatic rollback...
2026/07/31 11:34:19 🔄 Rollback requested for 0 deployed server(s) (reason: hxc213 writer 1 iter 53)
2026/07/31 11:34:19 ❌ Rollback NOT completed: rollback NOT completed: real SSH rollback transport not wired (0/0 servers reverted)
2026/07/31 11:34:19 📢 Notification: rollback_not_completed - rollback NOT completed: real SSH rollback transport not wired (0/0 servers reverted)
2026/07/31 11:34:19 📢 Notification: deployment_failed - Production deployment failed: hxc213 writer 1 iter 53
2026/07/31 11:34:19 
❌ PRODUCTION DEPLOYMENT FAILED
2026/07/31 11:34:19 📊 Failure Summary:
2026/07/31 11:34:19    Failed Phase: deployment
2026/07/31 11:34:19    Error: hxc213 writer 1 iter 54
2026/07/31 11:34:19    Duration: 395.205341ms
2026/07/31 11:34:19    Servers Deployed: 0
2026/07/31 11:34:19 🔄 Triggering automatic rollback...
2026/07/31 11:34:19 🔄 Rollback requested for 0 deployed server(s) (reason: hxc213 writer 1 iter 54)
2026/07/31 11:34:19 ❌ Rollback NOT completed: rollback NOT completed: real SSH rollback transport not wired (0/0 servers reverted)
2026/07/31 11:34:19 📢 Notification: rollback_not_completed - rollback NOT completed: real SSH rollback transport not wired (0/0 servers reverted)
2026/07/31 11:34:19 📢 Notification: deployment_failed - Production deployment failed: hxc213 writer 1 iter 54
2026/07/31 11:34:19 
❌ PRODUCTION DEPLOYMENT FAILED
2026/07/31 11:34:19 📊 Failure Summary:
2026/07/31 11:34:19    Failed Phase: deployment
2026/07/31 11:34:19    Error: hxc213 writer 1 iter 55
2026/07/31 11:34:19    Duration: 395.326394ms
2026/07/31 11:34:19    Servers Deployed: 0
2026/07/31 11:34:19 🔄 Triggering automatic rollback...
2026/07/31 11:34:19 🔄 Rollback requested for 0 deployed server(s) (reason: hxc213 writer 1 iter 55)
2026/07/31 11:34:19 ❌ Rollback NOT completed: rollback NOT completed: real SSH rollback transport not wired (0/0 servers reverted)
2026/07/31 11:34:19 📢 Notification: rollback_not_completed - rollback NOT completed: real SSH rollback transport not wired (0/0 servers reverted)
2026/07/31 11:34:19 📢 Notification: deployment_failed - Production deployment failed: hxc213 writer 1 iter 55
2026/07/31 11:34:19 
❌ PRODUCTION DEPLOYMENT FAILED
2026/07/31 11:34:19 📊 Failure Summary:
2026/07/31 11:34:19    Failed Phase: deployment
2026/07/31 11:34:19    Error: hxc213 writer 1 iter 56
2026/07/31 11:34:19    Duration: 395.485735ms
2026/07/31 11:34:19    Servers Deployed: 0
2026/07/31 11:34:19 🔄 Triggering automatic rollback...
2026/07/31 11:34:19 🔄 Rollback requested for 0 deployed server(s) (reason: hxc213 writer 1 iter 56)
2026/07/31 11:34:19 ❌ Rollback NOT completed: rollback NOT completed: real SSH rollback transport not wired (0/0 servers reverted)
2026/07/31 11:34:19 📢 Notification: rollback_not_completed - rollback NOT completed: real SSH rollback transport not wired (0/0 servers reverted)
2026/07/31 11:34:19 📢 Notification: deployment_failed - Production deployment failed: hxc213 writer 1 iter 56
2026/07/31 11:34:19 
❌ PRODUCTION DEPLOYMENT FAILED
2026/07/31 11:34:19 📊 Failure Summary:
2026/07/31 11:34:19    Failed Phase: deployment
2026/07/31 11:34:19    Error: hxc213 writer 1 iter 57
2026/07/31 11:34:19    Duration: 395.70107ms
2026/07/31 11:34:19    Servers Deployed: 0
2026/07/31 11:34:19 🔄 Triggering automatic rollback...
2026/07/31 11:34:19 🔄 Rollback requested for 0 deployed server(s) (reason: hxc213 writer 1 iter 57)
2026/07/31 11:34:19 ❌ Rollback NOT completed: rollback NOT completed: real SSH rollback transport not wired (0/0 servers reverted)
2026/07/31 11:34:19 📢 Notification: rollback_not_completed - rollback NOT completed: real SSH rollback transport not wired (0/0 servers reverted)
2026/07/31 11:34:19 📢 Notification: deployment_failed - Production deployment failed: hxc213 writer 1 iter 57
2026/07/31 11:34:19 
❌ PRODUCTION DEPLOYMENT FAILED
2026/07/31 11:34:19 📊 Failure Summary:
2026/07/31 11:34:19    Failed Phase: deployment
2026/07/31 11:34:19    Error: hxc213 writer 1 iter 58
2026/07/31 11:34:19    Duration: 395.915835ms
2026/07/31 11:34:19    Servers Deployed: 0
2026/07/31 11:34:19 🔄 Triggering automatic rollback...
2026/07/31 11:34:19 🔄 Rollback requested for 0 deployed server(s) (reason: hxc213 writer 1 iter 58)
2026/07/31 11:34:19 ❌ Rollback NOT completed: rollback NOT completed: real SSH rollback transport not wired (0/0 servers reverted)
2026/07/31 11:34:19 📢 Notification: rollback_not_completed - rollback NOT completed: real SSH rollback transport not wired (0/0 servers reverted)
2026/07/31 11:34:19 📢 Notification: deployment_failed - Production deployment failed: hxc213 writer 1 iter 58
2026/07/31 11:34:19 
❌ PRODUCTION DEPLOYMENT FAILED
2026/07/31 11:34:19 📊 Failure Summary:
2026/07/31 11:34:19    Failed Phase: deployment
2026/07/31 11:34:19    Error: hxc213 writer 1 iter 59
2026/07/31 11:34:19    Duration: 396.126463ms
2026/07/31 11:34:19    Servers Deployed: 0
2026/07/31 11:34:19 🔄 Triggering automatic rollback...
2026/07/31 11:34:19 🔄 Rollback requested for 0 deployed server(s) (reason: hxc213 writer 1 iter 59)
2026/07/31 11:34:19 ❌ Rollback NOT completed: rollback NOT completed: real SSH rollback transport not wired (0/0 servers reverted)
2026/07/31 11:34:19 📢 Notification: rollback_not_completed - rollback NOT completed: real SSH rollback transport not wired (0/0 servers reverted)
2026/07/31 11:34:19 📢 Notification: deployment_failed - Production deployment failed: hxc213 writer 1 iter 59
2026/07/31 11:34:19 
❌ PRODUCTION DEPLOYMENT FAILED
2026/07/31 11:34:19 📊 Failure Summary:
2026/07/31 11:34:19    Failed Phase: deployment
2026/07/31 11:34:19    Error: hxc213 writer 1 iter 60
2026/07/31 11:34:19    Duration: 396.363131ms
2026/07/31 11:34:19    Servers Deployed: 0
2026/07/31 11:34:19 🔄 Triggering automatic rollback...
2026/07/31 11:34:19 🔄 Rollback requested for 0 deployed server(s) (reason: hxc213 writer 1 iter 60)
2026/07/31 11:34:19 ❌ Rollback NOT completed: rollback NOT completed: real SSH rollback transport not wired (0/0 servers reverted)
2026/07/31 11:34:19 📢 Notification: rollback_not_completed - rollback NOT completed: real SSH rollback transport not wired (0/0 servers reverted)
2026/07/31 11:34:19 📢 Notification: deployment_failed - Production deployment failed: hxc213 writer 1 iter 60
2026/07/31 11:34:19 
❌ PRODUCTION DEPLOYMENT FAILED
2026/07/31 11:34:19 📊 Failure Summary:
2026/07/31 11:34:19    Failed Phase: deployment
2026/07/31 11:34:19    Error: hxc213 writer 1 iter 61
2026/07/31 11:34:19    Duration: 396.595292ms
2026/07/31 11:34:19    Servers Deployed: 0
2026/07/31 11:34:19 🔄 Triggering automatic rollback...
2026/07/31 11:34:19 🔄 Rollback requested for 0 deployed server(s) (reason: hxc213 writer 1 iter 61)
2026/07/31 11:34:19 ❌ Rollback NOT completed: rollback NOT completed: real SSH rollback transport not wired (0/0 servers reverted)
2026/07/31 11:34:19 📢 Notification: rollback_not_completed - rollback NOT completed: real SSH rollback transport not wired (0/0 servers reverted)
2026/07/31 11:34:19 📢 Notification: deployment_failed - Production deployment failed: hxc213 writer 1 iter 61
2026/07/31 11:34:19 
❌ PRODUCTION DEPLOYMENT FAILED
2026/07/31 11:34:19 📊 Failure Summary:
2026/07/31 11:34:19    Failed Phase: deployment
2026/07/31 11:34:19    Error: hxc213 writer 1 iter 62
2026/07/31 11:34:19    Duration: 396.79225ms
2026/07/31 11:34:19    Servers Deployed: 0
2026/07/31 11:34:19 🔄 Triggering automatic rollback...
2026/07/31 11:34:19 🔄 Rollback requested for 0 deployed server(s) (reason: hxc213 writer 1 iter 62)
2026/07/31 11:34:19 ❌ Rollback NOT completed: rollback NOT completed: real SSH rollback transport not wired (0/0 servers reverted)
2026/07/31 11:34:19 📢 Notification: rollback_not_completed - rollback NOT completed: real SSH rollback transport not wired (0/0 servers reverted)
2026/07/31 11:34:19 📢 Notification: deployment_failed - Production deployment failed: hxc213 writer 1 iter 62
2026/07/31 11:34:19 
❌ PRODUCTION DEPLOYMENT FAILED
2026/07/31 11:34:19 📊 Failure Summary:
2026/07/31 11:34:19    Failed Phase: deployment
2026/07/31 11:34:19    Error: hxc213 writer 1 iter 63
2026/07/31 11:34:19    Duration: 397.020395ms
2026/07/31 11:34:19    Servers Deployed: 0
2026/07/31 11:34:19 🔄 Triggering automatic rollback...
2026/07/31 11:34:19 🔄 Rollback requested for 0 deployed server(s) (reason: hxc213 writer 1 iter 63)
2026/07/31 11:34:19 ❌ Rollback NOT completed: rollback NOT completed: real SSH rollback transport not wired (0/0 servers reverted)
2026/07/31 11:34:19 📢 Notification: rollback_not_completed - rollback NOT completed: real SSH rollback transport not wired (0/0 servers reverted)
2026/07/31 11:34:19 📢 Notification: deployment_failed - Production deployment failed: hxc213 writer 1 iter 63
2026/07/31 11:34:19 
❌ PRODUCTION DEPLOYMENT FAILED
2026/07/31 11:34:19 📊 Failure Summary:
2026/07/31 11:34:19    Failed Phase: deployment
2026/07/31 11:34:19    Error: hxc213 writer 1 iter 64
2026/07/31 11:34:19    Duration: 397.234679ms
2026/07/31 11:34:19    Servers Deployed: 0
2026/07/31 11:34:19 🔄 Triggering automatic rollback...
2026/07/31 11:34:19 🔄 Rollback requested for 0 deployed server(s) (reason: hxc213 writer 1 iter 64)
2026/07/31 11:34:19 ❌ Rollback NOT completed: rollback NOT completed: real SSH rollback transport not wired (0/0 servers reverted)
2026/07/31 11:34:19 📢 Notification: rollback_not_completed - rollback NOT completed: real SSH rollback transport not wired (0/0 servers reverted)
2026/07/31 11:34:19 📢 Notification: deployment_failed - Production deployment failed: hxc213 writer 1 iter 64
2026/07/31 11:34:19 
❌ PRODUCTION DEPLOYMENT FAILED
2026/07/31 11:34:19 📊 Failure Summary:
2026/07/31 11:34:19    Failed Phase: deployment
2026/07/31 11:34:19    Error: hxc213 writer 1 iter 65
2026/07/31 11:34:19 🔄 Triggering automatic rollback...
2026/07/31 11:34:19 🔄 Rollback requested for 0 deployed server(s) (reason: hxc213 writer 0 iter 30)
2026/07/31 11:34:19 ❌ Rollback NOT completed: rollback NOT completed: real SSH rollback transport not wired (0/0 servers reverted)
2026/07/31 11:34:19 📢 Notification: rollback_not_completed - rollback NOT completed: real SSH rollback transport not wired (0/0 servers reverted)
2026/07/31 11:34:19 📢 Notification: deployment_failed - Production deployment failed: hxc213 writer 0 iter 30
2026/07/31 11:34:19 
❌ PRODUCTION DEPLOYMENT FAILED
2026/07/31 11:34:19 📊 Failure Summary:
2026/07/31 11:34:19    Failed Phase: deployment
2026/07/31 11:34:19    Error: hxc213 writer 0 iter 31
2026/07/31 11:34:19    Duration: 397.677178ms
2026/07/31 11:34:19    Servers Deployed: 0
2026/07/31 11:34:19 🔄 Triggering automatic rollback...
2026/07/31 11:34:19 🔄 Rollback requested for 0 deployed server(s) (reason: hxc213 writer 0 iter 31)
2026/07/31 11:34:19 ❌ Rollback NOT completed: rollback NOT completed: real SSH rollback transport not wired (0/0 servers reverted)
2026/07/31 11:34:19 📢 Notification: rollback_not_completed - rollback NOT completed: real SSH rollback transport not wired (0/0 servers reverted)
2026/07/31 11:34:19 📢 Notification: deployment_failed - Production deployment failed: hxc213 writer 0 iter 31
2026/07/31 11:34:19 
❌ PRODUCTION DEPLOYMENT FAILED
2026/07/31 11:34:19 📊 Failure Summary:
2026/07/31 11:34:19    Failed Phase: deployment
2026/07/31 11:34:19    Error: hxc213 writer 0 iter 32
2026/07/31 11:34:19    Duration: 398.394172ms
2026/07/31 11:34:19    Servers Deployed: 0
2026/07/31 11:34:19 🔄 Triggering automatic rollback...
2026/07/31 11:34:19 🔄 Rollback requested for 0 deployed server(s) (reason: hxc213 writer 0 iter 32)
2026/07/31 11:34:19 ❌ Rollback NOT completed: rollback NOT completed: real SSH rollback transport not wired (0/0 servers reverted)
2026/07/31 11:34:19 📢 Notification: rollback_not_completed - rollback NOT completed: real SSH rollback transport not wired (0/0 servers reverted)
2026/07/31 11:34:19 📢 Notification: deployment_failed - Production deployment failed: hxc213 writer 0 iter 32
2026/07/31 11:34:19 
❌ PRODUCTION DEPLOYMENT FAILED
2026/07/31 11:34:19 📊 Failure Summary:
2026/07/31 11:34:19    Failed Phase: deployment
2026/07/31 11:34:19    Error: hxc213 writer 0 iter 33
2026/07/31 11:34:19    Duration: 398.509777ms
2026/07/31 11:34:19    Servers Deployed: 0
2026/07/31 11:34:19 🔄 Triggering automatic rollback...
2026/07/31 11:34:19 🔄 Rollback requested for 0 deployed server(s) (reason: hxc213 writer 0 iter 33)
2026/07/31 11:34:19 ❌ Rollback NOT completed: rollback NOT completed: real SSH rollback transport not wired (0/0 servers reverted)
2026/07/31 11:34:19 📢 Notification: rollback_not_completed - rollback NOT completed: real SSH rollback transport not wired (0/0 servers reverted)
2026/07/31 11:34:19 📢 Notification: deployment_failed - Production deployment failed: hxc213 writer 0 iter 33
2026/07/31 11:34:19 
❌ PRODUCTION DEPLOYMENT FAILED
2026/07/31 11:34:19 📊 Failure Summary:
2026/07/31 11:34:19    Failed Phase: deployment
2026/07/31 11:34:19    Error: hxc213 writer 0 iter 34
2026/07/31 11:34:19    Duration: 398.606453ms
2026/07/31 11:34:19    Servers Deployed: 0
2026/07/31 11:34:19 🔄 Triggering automatic rollback...
2026/07/31 11:34:19 🔄 Rollback requested for 0 deployed server(s) (reason: hxc213 writer 0 iter 34)
2026/07/31 11:34:19 ❌ Rollback NOT completed: rollback NOT completed: real SSH rollback transport not wired (0/0 servers reverted)
2026/07/31 11:34:19 📢 Notification: rollback_not_completed - rollback NOT completed: real SSH rollback transport not wired (0/0 servers reverted)
2026/07/31 11:34:19 📢 Notification: deployment_failed - Production deployment failed: hxc213 writer 0 iter 34
2026/07/31 11:34:19 
❌ PRODUCTION DEPLOYMENT FAILED
2026/07/31 11:34:19 📊 Failure Summary:
2026/07/31 11:34:19    Failed Phase: deployment
2026/07/31 11:34:19    Error: hxc213 writer 0 iter 35
2026/07/31 11:34:19    Duration: 398.6974ms
2026/07/31 11:34:19    Servers Deployed: 0
2026/07/31 11:34:19 🔄 Triggering automatic rollback...
2026/07/31 11:34:19 🔄 Rollback requested for 0 deployed server(s) (reason: hxc213 writer 0 iter 35)
2026/07/31 11:34:19 ❌ Rollback NOT completed: rollback NOT completed: real SSH rollback transport not wired (0/0 servers reverted)
2026/07/31 11:34:19 📢 Notification: rollback_not_completed - rollback NOT completed: real SSH rollback transport not wired (0/0 servers reverted)
2026/07/31 11:34:19 📢 Notification: deployment_failed - Production deployment failed: hxc213 writer 0 iter 35
2026/07/31 11:34:19 
❌ PRODUCTION DEPLOYMENT FAILED
2026/07/31 11:34:19 📊 Failure Summary:
2026/07/31 11:34:19    Failed Phase: deployment
2026/07/31 11:34:19    Error: hxc213 writer 0 iter 36
2026/07/31 11:34:19    Duration: 398.863992ms
2026/07/31 11:34:19    Servers Deployed: 0
2026/07/31 11:34:19 🔄 Triggering automatic rollback...
2026/07/31 11:34:19 🔄 Rollback requested for 0 deployed server(s) (reason: hxc213 writer 0 iter 36)
2026/07/31 11:34:19 ❌ Rollback NOT completed: rollback NOT completed: real SSH rollback transport not wired (0/0 servers reverted)
2026/07/31 11:34:19 📢 Notification: rollback_not_completed - rollback NOT completed: real SSH rollback transport not wired (0/0 servers reverted)
2026/07/31 11:34:19 📢 Notification: deployment_failed - Production deployment failed: hxc213 writer 0 iter 36
2026/07/31 11:34:19 
❌ PRODUCTION DEPLOYMENT FAILED
2026/07/31 11:34:19 📊 Failure Summary:
2026/07/31 11:34:19    Failed Phase: deployment
2026/07/31 11:34:19    Error: hxc213 writer 0 iter 37
2026/07/31 11:34:19    Duration: 398.972035ms
2026/07/31 11:34:19    Servers Deployed: 0
2026/07/31 11:34:19 🔄 Triggering automatic rollback...
2026/07/31 11:34:19 🔄 Rollback requested for 0 deployed server(s) (reason: hxc213 writer 0 iter 37)
2026/07/31 11:34:19 ❌ Rollback NOT completed: rollback NOT completed: real SSH rollback transport not wired (0/0 servers reverted)
2026/07/31 11:34:19 📢 Notification: rollback_not_completed - rollback NOT completed: real SSH rollback transport not wired (0/0 servers reverted)
2026/07/31 11:34:19 📢 Notification: deployment_failed - Production deployment failed: hxc213 writer 0 iter 37
2026/07/31 11:34:19 
❌ PRODUCTION DEPLOYMENT FAILED
2026/07/31 11:34:19 📊 Failure Summary:
2026/07/31 11:34:19    Failed Phase: deployment
2026/07/31 11:34:19    Error: hxc213 writer 0 iter 38
2026/07/31 11:34:19    Duration: 399.077895ms
2026/07/31 11:34:19    Servers Deployed: 0
2026/07/31 11:34:19 🔄 Triggering automatic rollback...
2026/07/31 11:34:19 🔄 Rollback requested for 0 deployed server(s) (reason: hxc213 writer 0 iter 38)
2026/07/31 11:34:19 ❌ Rollback NOT completed: rollback NOT completed: real SSH rollback transport not wired (0/0 servers reverted)
2026/07/31 11:34:19 📢 Notification: rollback_not_completed - rollback NOT completed: real SSH rollback transport not wired (0/0 servers reverted)
2026/07/31 11:34:19 📢 Notification: deployment_failed - Production deployment failed: hxc213 writer 0 iter 38
2026/07/31 11:34:19 
❌ PRODUCTION DEPLOYMENT FAILED
2026/07/31 11:34:19 📊 Failure Summary:
2026/07/31 11:34:19    Failed Phase: deployment
2026/07/31 11:34:19    Error: hxc213 writer 0 iter 39
2026/07/31 11:34:19    Duration: 399.158087ms
2026/07/31 11:34:19    Servers Deployed: 0
2026/07/31 11:34:19 🔄 Triggering automatic rollback...
2026/07/31 11:34:19 🔄 Rollback requested for 0 deployed server(s) (reason: hxc213 writer 0 iter 39)
2026/07/31 11:34:19 ❌ Rollback NOT completed: rollback NOT completed: real SSH rollback transport not wired (0/0 servers reverted)
2026/07/31 11:34:19 📢 Notification: rollback_not_completed - rollback NOT completed: real SSH rollback transport not wired (0/0 servers reverted)
2026/07/31 11:34:19 📢 Notification: deployment_failed - Production deployment failed: hxc213 writer 0 iter 39
2026/07/31 11:34:19 
❌ PRODUCTION DEPLOYMENT FAILED
2026/07/31 11:34:19 📢 Notification: rollback_not_completed - rollback NOT completed: real SSH rollback transport not wired (0/0 servers reverted)
2026/07/31 11:34:19    Duration: 397.46651ms
2026/07/31 11:34:19 📊 Failure Summary:
2026/07/31 11:34:19    Failed Phase: deployment
2026/07/31 11:34:19    Error: hxc213 writer 0 iter 40
2026/07/31 11:34:19    Duration: 399.251979ms
2026/07/31 11:34:19    Servers Deployed: 0
2026/07/31 11:34:19 🔄 Triggering automatic rollback...
2026/07/31 11:34:19 🔄 Rollback requested for 0 deployed server(s) (reason: hxc213 writer 0 iter 40)
2026/07/31 11:34:19 ❌ Rollback NOT completed: rollback NOT completed: real SSH rollback transport not wired (0/0 servers reverted)
2026/07/31 11:34:19 📢 Notification: rollback_not_completed - rollback NOT completed: real SSH rollback transport not wired (0/0 servers reverted)
2026/07/31 11:34:19 📢 Notification: deployment_failed - Production deployment failed: hxc213 writer 0 iter 40
2026/07/31 11:34:19 
❌ PRODUCTION DEPLOYMENT FAILED
2026/07/31 11:34:19 📊 Failure Summary:
2026/07/31 11:34:19    Failed Phase: deployment
2026/07/31 11:34:19    Error: hxc213 writer 0 iter 41
2026/07/31 11:34:19    Duration: 399.809191ms
2026/07/31 11:34:19    Servers Deployed: 0
2026/07/31 11:34:19 🔄 Triggering automatic rollback...
2026/07/31 11:34:19 🔄 Rollback requested for 0 deployed server(s) (reason: hxc213 writer 0 iter 41)
2026/07/31 11:34:19 ❌ Rollback NOT completed: rollback NOT completed: real SSH rollback transport not wired (0/0 servers reverted)
2026/07/31 11:34:19 📢 Notification: rollback_not_completed - rollback NOT completed: real SSH rollback transport not wired (0/0 servers reverted)
2026/07/31 11:34:19 📢 Notification: deployment_failed - Production deployment failed: hxc213 writer 0 iter 41
2026/07/31 11:34:19 
❌ PRODUCTION DEPLOYMENT FAILED
2026/07/31 11:34:19 📊 Failure Summary:
2026/07/31 11:34:19    Failed Phase: deployment
2026/07/31 11:34:19    Error: hxc213 writer 0 iter 42
2026/07/31 11:34:19    Duration: 399.896994ms
2026/07/31 11:34:19    Servers Deployed: 0
2026/07/31 11:34:19 🔄 Triggering automatic rollback...
2026/07/31 11:34:19 🔄 Rollback requested for 0 deployed server(s) (reason: hxc213 writer 0 iter 42)
2026/07/31 11:34:19 ❌ Rollback NOT completed: rollback NOT completed: real SSH rollback transport not wired (0/0 servers reverted)
2026/07/31 11:34:19 📢 Notification: rollback_not_completed - rollback NOT completed: real SSH rollback transport not wired (0/0 servers reverted)
2026/07/31 11:34:19 📢 Notification: deployment_failed - Production deployment failed: hxc213 writer 0 iter 42
2026/07/31 11:34:19 
❌ PRODUCTION DEPLOYMENT FAILED
2026/07/31 11:34:19 📊 Failure Summary:
2026/07/31 11:34:19    Failed Phase: deployment
2026/07/31 11:34:19    Error: hxc213 writer 0 iter 43
2026/07/31 11:34:19    Duration: 399.974821ms
2026/07/31 11:34:19    Servers Deployed: 0
2026/07/31 11:34:19 🔄 Triggering automatic rollback...
2026/07/31 11:34:19 🔄 Rollback requested for 0 deployed server(s) (reason: hxc213 writer 0 iter 43)
2026/07/31 11:34:19 ❌ Rollback NOT completed: rollback NOT completed: real SSH rollback transport not wired (0/0 servers reverted)
2026/07/31 11:34:19 📢 Notification: rollback_not_completed - rollback NOT completed: real SSH rollback transport not wired (0/0 servers reverted)
2026/07/31 11:34:19 📢 Notification: deployment_failed - Production deployment failed: hxc213 writer 0 iter 43
2026/07/31 11:34:19 
❌ PRODUCTION DEPLOYMENT FAILED
2026/07/31 11:34:19 📊 Failure Summary:
2026/07/31 11:34:19    Failed Phase: deployment
2026/07/31 11:34:19    Error: hxc213 writer 0 iter 44
2026/07/31 11:34:19    Duration: 400.072379ms
2026/07/31 11:34:19    Servers Deployed: 0
2026/07/31 11:34:19 🔄 Triggering automatic rollback...
2026/07/31 11:34:19 🔄 Rollback requested for 0 deployed server(s) (reason: hxc213 writer 0 iter 44)
2026/07/31 11:34:19 ❌ Rollback NOT completed: rollback NOT completed: real SSH rollback transport not wired (0/0 servers reverted)
2026/07/31 11:34:19 📢 Notification: rollback_not_completed - rollback NOT completed: real SSH rollback transport not wired (0/0 servers reverted)
2026/07/31 11:34:19 📢 Notification: deployment_failed - Production deployment failed: hxc213 writer 0 iter 44
2026/07/31 11:34:19 
❌ PRODUCTION DEPLOYMENT FAILED
2026/07/31 11:34:19 📊 Failure Summary:
2026/07/31 11:34:19    Failed Phase: deployment
2026/07/31 11:34:19    Error: hxc213 writer 0 iter 45
2026/07/31 11:34:19    Duration: 400.182656ms
2026/07/31 11:34:19    Servers Deployed: 0
2026/07/31 11:34:19 🔄 Triggering automatic rollback...
2026/07/31 11:34:19 🔄 Rollback requested for 0 deployed server(s) (reason: hxc213 writer 0 iter 45)
2026/07/31 11:34:19 ❌ Rollback NOT completed: rollback NOT completed: real SSH rollback transport not wired (0/0 servers reverted)
2026/07/31 11:34:19 📢 Notification: rollback_not_completed - rollback NOT completed: real SSH rollback transport not wired (0/0 servers reverted)
2026/07/31 11:34:19 📢 Notification: deployment_failed - Production deployment failed: hxc213 writer 0 iter 45
2026/07/31 11:34:19 
❌ PRODUCTION DEPLOYMENT FAILED
2026/07/31 11:34:19 📊 Failure Summary:
2026/07/31 11:34:19    Failed Phase: deployment
2026/07/31 11:34:19    Error: hxc213 writer 0 iter 46
2026/07/31 11:34:19    Duration: 400.276337ms
2026/07/31 11:34:19    Servers Deployed: 0
2026/07/31 11:34:19 🔄 Triggering automatic rollback...
2026/07/31 11:34:19 🔄 Rollback requested for 0 deployed server(s) (reason: hxc213 writer 0 iter 46)
2026/07/31 11:34:19 ❌ Rollback NOT completed: rollback NOT completed: real SSH rollback transport not wired (0/0 servers reverted)
2026/07/31 11:34:19 📢 Notification: rollback_not_completed - rollback NOT completed: real SSH rollback transport not wired (0/0 servers reverted)
2026/07/31 11:34:19 📢 Notification: deployment_failed - Production deployment failed: hxc213 writer 0 iter 46
2026/07/31 11:34:19 
❌ PRODUCTION DEPLOYMENT FAILED
2026/07/31 11:34:19 📊 Failure Summary:
2026/07/31 11:34:19    Failed Phase: deployment
2026/07/31 11:34:19    Error: hxc213 writer 0 iter 47
2026/07/31 11:34:19    Duration: 400.355006ms
2026/07/31 11:34:19    Servers Deployed: 0
2026/07/31 11:34:19 🔄 Triggering automatic rollback...
2026/07/31 11:34:19 🔄 Rollback requested for 0 deployed server(s) (reason: hxc213 writer 0 iter 47)
2026/07/31 11:34:19 ❌ Rollback NOT completed: rollback NOT completed: real SSH rollback transport not wired (0/0 servers reverted)
2026/07/31 11:34:19 📢 Notification: rollback_not_completed - rollback NOT completed: real SSH rollback transport not wired (0/0 servers reverted)
2026/07/31 11:34:19 📢 Notification: deployment_failed - Production deployment failed: hxc213 writer 0 iter 47
2026/07/31 11:34:19 
❌ PRODUCTION DEPLOYMENT FAILED
2026/07/31 11:34:19 📊 Failure Summary:
2026/07/31 11:34:19    Failed Phase: deployment
2026/07/31 11:34:19    Error: hxc213 writer 0 iter 48
2026/07/31 11:34:19    Duration: 400.453635ms
2026/07/31 11:34:19    Servers Deployed: 0
2026/07/31 11:34:19 🔄 Triggering automatic rollback...
2026/07/31 11:34:19 🔄 Rollback requested for 0 deployed server(s) (reason: hxc213 writer 0 iter 48)
2026/07/31 11:34:19 ❌ Rollback NOT completed: rollback NOT completed: real SSH rollback transport not wired (0/0 servers reverted)
2026/07/31 11:34:19 📢 Notification: rollback_not_completed - rollback NOT completed: real SSH rollback transport not wired (0/0 servers reverted)
2026/07/31 11:34:19 📢 Notification: deployment_failed - Production deployment failed: hxc213 writer 0 iter 48
2026/07/31 11:34:19 
❌ PRODUCTION DEPLOYMENT FAILED
2026/07/31 11:34:19 📊 Failure Summary:
2026/07/31 11:34:19    Failed Phase: deployment
2026/07/31 11:34:19    Error: hxc213 writer 0 iter 49
2026/07/31 11:34:19    Duration: 400.544302ms
2026/07/31 11:34:19    Servers Deployed: 0
2026/07/31 11:34:19 🔄 Triggering automatic rollback...
2026/07/31 11:34:19 🔄 Rollback requested for 0 deployed server(s) (reason: hxc213 writer 0 iter 49)
2026/07/31 11:34:19 ❌ Rollback NOT completed: rollback NOT completed: real SSH rollback transport not wired (0/0 servers reverted)
2026/07/31 11:34:19 📢 Notification: rollback_not_completed - rollback NOT completed: real SSH rollback transport not wired (0/0 servers reverted)
2026/07/31 11:34:19 📢 Notification: deployment_failed - Production deployment failed: hxc213 writer 0 iter 49
2026/07/31 11:34:19 
❌ PRODUCTION DEPLOYMENT FAILED
2026/07/31 11:34:19 📊 Failure Summary:
2026/07/31 11:34:19    Failed Phase: deployment
2026/07/31 11:34:19    Error: hxc213 writer 0 iter 50
2026/07/31 11:34:19    Duration: 403.380419ms
2026/07/31 11:34:19    Servers Deployed: 0
2026/07/31 11:34:19 🔄 Triggering automatic rollback...
2026/07/31 11:34:19 📢 Notification: deployment_failed - Production deployment failed: hxc213 writer 2 iter 61
2026/07/31 11:34:19 
❌ PRODUCTION DEPLOYMENT FAILED
2026/07/31 11:34:19 📊 Failure Summary:
2026/07/31 11:34:19    Failed Phase: deployment
2026/07/31 11:34:19    Error: hxc213 writer 2 iter 62
2026/07/31 11:34:19    Duration: 403.498508ms
2026/07/31 11:34:19    Servers Deployed: 0
2026/07/31 11:34:19 🔄 Triggering automatic rollback...
2026/07/31 11:34:19    Servers Deployed: 0
2026/07/31 11:34:19 🔄 Triggering automatic rollback...
2026/07/31 11:34:19 🔄 Rollback requested for 0 deployed server(s) (reason: hxc213 writer 2 iter 62)
2026/07/31 11:34:19 ❌ Rollback NOT completed: rollback NOT completed: real SSH rollback transport not wired (0/0 servers reverted)
2026/07/31 11:34:19 📢 Notification: rollback_not_completed - rollback NOT completed: real SSH rollback transport not wired (0/0 servers reverted)
2026/07/31 11:34:19 📢 Notification: deployment_failed - Production deployment failed: hxc213 writer 2 iter 62
2026/07/31 11:34:19 
❌ PRODUCTION DEPLOYMENT FAILED
2026/07/31 11:34:19 📊 Failure Summary:
2026/07/31 11:34:19    Failed Phase: deployment
2026/07/31 11:34:19    Error: hxc213 writer 2 iter 63
2026/07/31 11:34:19    Duration: 497.980379ms
2026/07/31 11:34:19    Servers Deployed: 0
2026/07/31 11:34:19 🔄 Triggering automatic rollback...
2026/07/31 11:34:19 🔄 Rollback requested for 0 deployed server(s) (reason: hxc213 writer 0 iter 50)
2026/07/31 11:34:19 ❌ Rollback NOT completed: rollback NOT completed: real SSH rollback transport not wired (0/0 servers reverted)
2026/07/31 11:34:19 📢 Notification: rollback_not_completed - rollback NOT completed: real SSH rollback transport not wired (0/0 servers reverted)
2026/07/31 11:34:19 📢 Notification: deployment_failed - Production deployment failed: hxc213 writer 0 iter 50
2026/07/31 11:34:19 
❌ PRODUCTION DEPLOYMENT FAILED
2026/07/31 11:34:19 📊 Failure Summary:
2026/07/31 11:34:19    Failed Phase: deployment
2026/07/31 11:34:19    Error: hxc213 writer 0 iter 51
2026/07/31 11:34:19    Duration: 499.183167ms
2026/07/31 11:34:19    Servers Deployed: 0
2026/07/31 11:34:19 🔄 Triggering automatic rollback...
2026/07/31 11:34:19 🔄 Rollback requested for 0 deployed server(s) (reason: hxc213 writer 1 iter 65)
2026/07/31 11:34:19 ❌ Rollback NOT completed: rollback NOT completed: real SSH rollback transport not wired (0/0 servers reverted)
2026/07/31 11:34:19 📢 Notification: rollback_not_completed - rollback NOT completed: real SSH rollback transport not wired (0/0 servers reverted)
2026/07/31 11:34:19 📢 Notification: deployment_failed - Production deployment failed: hxc213 writer 1 iter 65
2026/07/31 11:34:19 
❌ PRODUCTION DEPLOYMENT FAILED
2026/07/31 11:34:19 📊 Failure Summary:
2026/07/31 11:34:19    Failed Phase: deployment
2026/07/31 11:34:19    Error: hxc213 writer 1 iter 66
2026/07/31 11:34:19    Duration: 499.334506ms
2026/07/31 11:34:19    Servers Deployed: 0
2026/07/31 11:34:19 🔄 Triggering automatic rollback...
2026/07/31 11:34:19 🔄 Rollback requested for 0 deployed server(s) (reason: hxc213 writer 1 iter 66)
2026/07/31 11:34:19 ❌ Rollback NOT completed: rollback NOT completed: real SSH rollback transport not wired (0/0 servers reverted)
2026/07/31 11:34:19 📢 Notification: rollback_not_completed - rollback NOT completed: real SSH rollback transport not wired (0/0 servers reverted)
2026/07/31 11:34:19 📢 Notification: deployment_failed - Production deployment failed: hxc213 writer 1 iter 66
2026/07/31 11:34:19 
❌ PRODUCTION DEPLOYMENT FAILED
2026/07/31 11:34:19 📊 Failure Summary:
2026/07/31 11:34:19    Failed Phase: deployment
2026/07/31 11:34:19    Error: hxc213 writer 1 iter 67
2026/07/31 11:34:19    Duration: 501.241679ms
2026/07/31 11:34:19    Servers Deployed: 0
2026/07/31 11:34:19 🔄 Triggering automatic rollback...
2026/07/31 11:34:19 🔄 Rollback requested for 0 deployed server(s) (reason: hxc213 writer 1 iter 67)
2026/07/31 11:34:19 ❌ Rollback NOT completed: rollback NOT completed: real SSH rollback transport not wired (0/0 servers reverted)
2026/07/31 11:34:19 📢 Notification: rollback_not_completed - rollback NOT completed: real SSH rollback transport not wired (0/0 servers reverted)
2026/07/31 11:34:19 📢 Notification: deployment_failed - Production deployment failed: hxc213 writer 1 iter 67
2026/07/31 11:34:19 
❌ PRODUCTION DEPLOYMENT FAILED
2026/07/31 11:34:19 📊 Failure Summary:
2026/07/31 11:34:19    Failed Phase: deployment
2026/07/31 11:34:19    Error: hxc213 writer 1 iter 68
2026/07/31 11:34:19    Duration: 501.344835ms
2026/07/31 11:34:19    Servers Deployed: 0
2026/07/31 11:34:19 🔄 Triggering automatic rollback...
2026/07/31 11:34:19 🔄 Rollback requested for 0 deployed server(s) (reason: hxc213 writer 1 iter 68)
2026/07/31 11:34:19 ❌ Rollback NOT completed: rollback NOT completed: real SSH rollback transport not wired (0/0 servers reverted)
2026/07/31 11:34:19 📢 Notification: rollback_not_completed - rollback NOT completed: real SSH rollback transport not wired (0/0 servers reverted)
2026/07/31 11:34:19 📢 Notification: deployment_failed - Production deployment failed: hxc213 writer 1 iter 68
2026/07/31 11:34:19 
❌ PRODUCTION DEPLOYMENT FAILED
2026/07/31 11:34:19 📊 Failure Summary:
2026/07/31 11:34:19    Failed Phase: deployment
2026/07/31 11:34:19    Error: hxc213 writer 1 iter 69
2026/07/31 11:34:19    Duration: 501.466408ms
2026/07/31 11:34:19    Servers Deployed: 0
2026/07/31 11:34:19 🔄 Triggering automatic rollback...
2026/07/31 11:34:19 🔄 Rollback requested for 0 deployed server(s) (reason: hxc213 writer 1 iter 69)
2026/07/31 11:34:19 ❌ Rollback NOT completed: rollback NOT completed: real SSH rollback transport not wired (0/0 servers reverted)
2026/07/31 11:34:19 📢 Notification: rollback_not_completed - rollback NOT completed: real SSH rollback transport not wired (0/0 servers reverted)
2026/07/31 11:34:19 📢 Notification: deployment_failed - Production deployment failed: hxc213 writer 1 iter 69
2026/07/31 11:34:19 
❌ PRODUCTION DEPLOYMENT FAILED
2026/07/31 11:34:19 📊 Failure Summary:
2026/07/31 11:34:19    Failed Phase: deployment
2026/07/31 11:34:19    Error: hxc213 writer 1 iter 70
2026/07/31 11:34:19    Duration: 501.559549ms
2026/07/31 11:34:19    Servers Deployed: 0
2026/07/31 11:34:19 🔄 Triggering automatic rollback...
2026/07/31 11:34:19 🔄 Rollback requested for 0 deployed server(s) (reason: hxc213 writer 1 iter 70)
2026/07/31 11:34:19 ❌ Rollback NOT completed: rollback NOT completed: real SSH rollback transport not wired (0/0 servers reverted)
2026/07/31 11:34:19 📢 Notification: rollback_not_completed - rollback NOT completed: real SSH rollback transport not wired (0/0 servers reverted)
2026/07/31 11:34:19 📢 Notification: deployment_failed - Production deployment failed: hxc213 writer 1 iter 70
2026/07/31 11:34:19 
❌ PRODUCTION DEPLOYMENT FAILED
2026/07/31 11:34:19 📊 Failure Summary:
2026/07/31 11:34:19    Failed Phase: deployment
2026/07/31 11:34:19    Error: hxc213 writer 1 iter 71
2026/07/31 11:34:19    Duration: 501.655564ms
2026/07/31 11:34:19    Servers Deployed: 0
2026/07/31 11:34:19 🔄 Triggering automatic rollback...
2026/07/31 11:34:19 🔄 Rollback requested for 0 deployed server(s) (reason: hxc213 writer 1 iter 71)
2026/07/31 11:34:19 ❌ Rollback NOT completed: rollback NOT completed: real SSH rollback transport not wired (0/0 servers reverted)
2026/07/31 11:34:19 📢 Notification: rollback_not_completed - rollback NOT completed: real SSH rollback transport not wired (0/0 servers reverted)
2026/07/31 11:34:19 📢 Notification: deployment_failed - Production deployment failed: hxc213 writer 1 iter 71
2026/07/31 11:34:19 
❌ PRODUCTION DEPLOYMENT FAILED
2026/07/31 11:34:19 📊 Failure Summary:
2026/07/31 11:34:19    Failed Phase: deployment
2026/07/31 11:34:19    Error: hxc213 writer 1 iter 72
2026/07/31 11:34:19    Duration: 501.755656ms
2026/07/31 11:34:19    Servers Deployed: 0
2026/07/31 11:34:19 🔄 Triggering automatic rollback...
2026/07/31 11:34:19 🔄 Rollback requested for 0 deployed server(s) (reason: hxc213 writer 1 iter 72)
2026/07/31 11:34:19 ❌ Rollback NOT completed: rollback NOT completed: real SSH rollback transport not wired (0/0 servers reverted)
2026/07/31 11:34:19 📢 Notification: rollback_not_completed - rollback NOT completed: real SSH rollback transport not wired (0/0 servers reverted)
2026/07/31 11:34:19 📢 Notification: deployment_failed - Production deployment failed: hxc213 writer 1 iter 72
2026/07/31 11:34:19 
❌ PRODUCTION DEPLOYMENT FAILED
2026/07/31 11:34:19 📊 Failure Summary:
2026/07/31 11:34:19    Failed Phase: deployment
2026/07/31 11:34:19    Error: hxc213 writer 1 iter 73
2026/07/31 11:34:19    Duration: 501.865472ms
2026/07/31 11:34:19    Servers Deployed: 0
2026/07/31 11:34:19 🔄 Triggering automatic rollback...
2026/07/31 11:34:19 🔄 Rollback requested for 0 deployed server(s) (reason: hxc213 writer 1 iter 73)
2026/07/31 11:34:19 ❌ Rollback NOT completed: rollback NOT completed: real SSH rollback transport not wired (0/0 servers reverted)
2026/07/31 11:34:19 📢 Notification: rollback_not_completed - rollback NOT completed: real SSH rollback transport not wired (0/0 servers reverted)
2026/07/31 11:34:19 📢 Notification: deployment_failed - Production deployment failed: hxc213 writer 1 iter 73
2026/07/31 11:34:19 
❌ PRODUCTION DEPLOYMENT FAILED
2026/07/31 11:34:19 📊 Failure Summary:
2026/07/31 11:34:19    Failed Phase: deployment
2026/07/31 11:34:19    Error: hxc213 writer 1 iter 74
2026/07/31 11:34:19    Duration: 501.974086ms
2026/07/31 11:34:19    Servers Deployed: 0
2026/07/31 11:34:19 🔄 Triggering automatic rollback...
2026/07/31 11:34:19 🔄 Rollback requested for 0 deployed server(s) (reason: hxc213 writer 1 iter 74)
2026/07/31 11:34:19 ❌ Rollback NOT completed: rollback NOT completed: real SSH rollback transport not wired (0/0 servers reverted)
2026/07/31 11:34:19 📢 Notification: rollback_not_completed - rollback NOT completed: real SSH rollback transport not wired (0/0 servers reverted)
2026/07/31 11:34:19 📢 Notification: deployment_failed - Production deployment failed: hxc213 writer 1 iter 74
2026/07/31 11:34:19 
❌ PRODUCTION DEPLOYMENT FAILED
2026/07/31 11:34:19 📊 Failure Summary:
2026/07/31 11:34:19    Failed Phase: deployment
2026/07/31 11:34:19    Error: hxc213 writer 1 iter 75
2026/07/31 11:34:19    Duration: 502.072825ms
2026/07/31 11:34:19 🔄 Rollback requested for 0 deployed server(s) (reason: hxc213 writer 0 iter 51)
2026/07/31 11:34:19 ❌ Rollback NOT completed: rollback NOT completed: real SSH rollback transport not wired (0/0 servers reverted)
2026/07/31 11:34:19 📢 Notification: rollback_not_completed - rollback NOT completed: real SSH rollback transport not wired (0/0 servers reverted)
2026/07/31 11:34:19 📢 Notification: deployment_failed - Production deployment failed: hxc213 writer 0 iter 51
2026/07/31 11:34:19 
❌ PRODUCTION DEPLOYMENT FAILED
2026/07/31 11:34:19 🔄 Rollback requested for 0 deployed server(s) (reason: hxc213 writer 2 iter 63)
2026/07/31 11:34:19 ❌ Rollback NOT completed: rollback NOT completed: real SSH rollback transport not wired (0/0 servers reverted)
2026/07/31 11:34:19 📢 Notification: rollback_not_completed - rollback NOT completed: real SSH rollback transport not wired (0/0 servers reverted)
2026/07/31 11:34:19 📢 Notification: deployment_failed - Production deployment failed: hxc213 writer 2 iter 63
2026/07/31 11:34:19 
❌ PRODUCTION DEPLOYMENT FAILED
2026/07/31 11:34:19 📊 Failure Summary:
2026/07/31 11:34:19    Failed Phase: deployment
2026/07/31 11:34:19    Error: hxc213 writer 2 iter 64
2026/07/31 11:34:19    Duration: 503.473693ms
2026/07/31 11:34:19    Servers Deployed: 0
2026/07/31 11:34:19 🔄 Triggering automatic rollback...
2026/07/31 11:34:19 🔄 Rollback requested for 0 deployed server(s) (reason: hxc213 writer 2 iter 64)
2026/07/31 11:34:19 ❌ Rollback NOT completed: rollback NOT completed: real SSH rollback transport not wired (0/0 servers reverted)
2026/07/31 11:34:19 📢 Notification: rollback_not_completed - rollback NOT completed: real SSH rollback transport not wired (0/0 servers reverted)
2026/07/31 11:34:19 📢 Notification: deployment_failed - Production deployment failed: hxc213 writer 2 iter 64
2026/07/31 11:34:19 
❌ PRODUCTION DEPLOYMENT FAILED
2026/07/31 11:34:19 📊 Failure Summary:
2026/07/31 11:34:19    Failed Phase: deployment
2026/07/31 11:34:19    Error: hxc213 writer 2 iter 65
2026/07/31 11:34:19    Duration: 503.583189ms
2026/07/31 11:34:19    Servers Deployed: 0
2026/07/31 11:34:19 🔄 Triggering automatic rollback...
2026/07/31 11:34:19 🔄 Rollback requested for 0 deployed server(s) (reason: hxc213 writer 2 iter 65)
2026/07/31 11:34:19 ❌ Rollback NOT completed: rollback NOT completed: real SSH rollback transport not wired (0/0 servers reverted)
2026/07/31 11:34:19 📢 Notification: rollback_not_completed - rollback NOT completed: real SSH rollback transport not wired (0/0 servers reverted)
2026/07/31 11:34:19 📢 Notification: deployment_failed - Production deployment failed: hxc213 writer 2 iter 65
2026/07/31 11:34:19 
❌ PRODUCTION DEPLOYMENT FAILED
2026/07/31 11:34:19 📊 Failure Summary:
2026/07/31 11:34:19    Failed Phase: deployment
2026/07/31 11:34:19    Error: hxc213 writer 2 iter 66
2026/07/31 11:34:19    Duration: 503.671262ms
2026/07/31 11:34:19    Servers Deployed: 0
2026/07/31 11:34:19 🔄 Triggering automatic rollback...
2026/07/31 11:34:19 🔄 Rollback requested for 0 deployed server(s) (reason: hxc213 writer 2 iter 66)
2026/07/31 11:34:19 ❌ Rollback NOT completed: rollback NOT completed: real SSH rollback transport not wired (0/0 servers reverted)
2026/07/31 11:34:19 📢 Notification: rollback_not_completed - rollback NOT completed: real SSH rollback transport not wired (0/0 servers reverted)
2026/07/31 11:34:19 📢 Notification: deployment_failed - Production deployment failed: hxc213 writer 2 iter 66
2026/07/31 11:34:19 
❌ PRODUCTION DEPLOYMENT FAILED
2026/07/31 11:34:19 📊 Failure Summary:
2026/07/31 11:34:19    Failed Phase: deployment
2026/07/31 11:34:19    Error: hxc213 writer 2 iter 67
2026/07/31 11:34:19    Duration: 503.753526ms
2026/07/31 11:34:19    Servers Deployed: 0
2026/07/31 11:34:19 🔄 Triggering automatic rollback...
2026/07/31 11:34:19 🔄 Rollback requested for 0 deployed server(s) (reason: hxc213 writer 2 iter 67)
2026/07/31 11:34:19 ❌ Rollback NOT completed: rollback NOT completed: real SSH rollback transport not wired (0/0 servers reverted)
2026/07/31 11:34:19 📢 Notification: rollback_not_completed - rollback NOT completed: real SSH rollback transport not wired (0/0 servers reverted)
2026/07/31 11:34:19 📢 Notification: deployment_failed - Production deployment failed: hxc213 writer 2 iter 67
2026/07/31 11:34:19 
❌ PRODUCTION DEPLOYMENT FAILED
2026/07/31 11:34:19 📊 Failure Summary:
2026/07/31 11:34:19    Failed Phase: deployment
2026/07/31 11:34:19    Error: hxc213 writer 2 iter 68
2026/07/31 11:34:19    Duration: 503.836091ms
2026/07/31 11:34:19    Servers Deployed: 0
2026/07/31 11:34:19 🔄 Triggering automatic rollback...
2026/07/31 11:34:19 🔄 Rollback requested for 0 deployed server(s) (reason: hxc213 writer 2 iter 68)
2026/07/31 11:34:19 ❌ Rollback NOT completed: rollback NOT completed: real SSH rollback transport not wired (0/0 servers reverted)
2026/07/31 11:34:19 📢 Notification: rollback_not_completed - rollback NOT completed: real SSH rollback transport not wired (0/0 servers reverted)
2026/07/31 11:34:19 📢 Notification: deployment_failed - Production deployment failed: hxc213 writer 2 iter 68
2026/07/31 11:34:19 
❌ PRODUCTION DEPLOYMENT FAILED
2026/07/31 11:34:19 📊 Failure Summary:
2026/07/31 11:34:19    Failed Phase: deployment
2026/07/31 11:34:19    Error: hxc213 writer 2 iter 69
2026/07/31 11:34:19    Duration: 503.917384ms
2026/07/31 11:34:19    Servers Deployed: 0
2026/07/31 11:34:19 🔄 Triggering automatic rollback...
2026/07/31 11:34:19 🔄 Rollback requested for 0 deployed server(s) (reason: hxc213 writer 2 iter 69)
2026/07/31 11:34:19 ❌ Rollback NOT completed: rollback NOT completed: real SSH rollback transport not wired (0/0 servers reverted)
2026/07/31 11:34:19 📢 Notification: rollback_not_completed - rollback NOT completed: real SSH rollback transport not wired (0/0 servers reverted)
2026/07/31 11:34:19 📢 Notification: deployment_failed - Production deployment failed: hxc213 writer 2 iter 69
2026/07/31 11:34:19 
❌ PRODUCTION DEPLOYMENT FAILED
2026/07/31 11:34:19 📊 Failure Summary:
2026/07/31 11:34:19    Failed Phase: deployment
2026/07/31 11:34:19    Error: hxc213 writer 2 iter 70
2026/07/31 11:34:19    Duration: 504.003234ms
2026/07/31 11:34:19    Servers Deployed: 0
2026/07/31 11:34:19 🔄 Triggering automatic rollback...
2026/07/31 11:34:19 🔄 Rollback requested for 0 deployed server(s) (reason: hxc213 writer 2 iter 70)
2026/07/31 11:34:19 ❌ Rollback NOT completed: rollback NOT completed: real SSH rollback transport not wired (0/0 servers reverted)
2026/07/31 11:34:19 📢 Notification: rollback_not_completed - rollback NOT completed: real SSH rollback transport not wired (0/0 servers reverted)
2026/07/31 11:34:19 📢 Notification: deployment_failed - Production deployment failed: hxc213 writer 2 iter 70
2026/07/31 11:34:19 
❌ PRODUCTION DEPLOYMENT FAILED
2026/07/31 11:34:19 📊 Failure Summary:
2026/07/31 11:34:19    Failed Phase: deployment
2026/07/31 11:34:19    Error: hxc213 writer 2 iter 71
2026/07/31 11:34:19    Duration: 504.082153ms
2026/07/31 11:34:19    Servers Deployed: 0
2026/07/31 11:34:19 🔄 Triggering automatic rollback...
2026/07/31 11:34:19 🔄 Rollback requested for 0 deployed server(s) (reason: hxc213 writer 2 iter 71)
2026/07/31 11:34:19 ❌ Rollback NOT completed: rollback NOT completed: real SSH rollback transport not wired (0/0 servers reverted)
2026/07/31 11:34:19 📢 Notification: rollback_not_completed - rollback NOT completed: real SSH rollback transport not wired (0/0 servers reverted)
2026/07/31 11:34:19 📢 Notification: deployment_failed - Production deployment failed: hxc213 writer 2 iter 71
2026/07/31 11:34:19 
❌ PRODUCTION DEPLOYMENT FAILED
2026/07/31 11:34:19 📊 Failure Summary:
2026/07/31 11:34:19    Failed Phase: deployment
2026/07/31 11:34:19    Error: hxc213 writer 2 iter 72
2026/07/31 11:34:19    Duration: 504.183326ms
2026/07/31 11:34:19 📊 Failure Summary:
2026/07/31 11:34:19    Failed Phase: deployment
2026/07/31 11:34:19    Error: hxc213 writer 0 iter 52
2026/07/31 11:34:19    Duration: 504.183326ms
2026/07/31 11:34:19    Servers Deployed: 0
2026/07/31 11:34:19 🔄 Triggering automatic rollback...
2026/07/31 11:34:19 🔄 Rollback requested for 0 deployed server(s) (reason: hxc213 writer 0 iter 52)
2026/07/31 11:34:19 ❌ Rollback NOT completed: rollback NOT completed: real SSH rollback transport not wired (0/0 servers reverted)
2026/07/31 11:34:19 📢 Notification: rollback_not_completed - rollback NOT completed: real SSH rollback transport not wired (0/0 servers reverted)
2026/07/31 11:34:19 📢 Notification: deployment_failed - Production deployment failed: hxc213 writer 0 iter 52
2026/07/31 11:34:19 
❌ PRODUCTION DEPLOYMENT FAILED
2026/07/31 11:34:19 📊 Failure Summary:
2026/07/31 11:34:19    Failed Phase: deployment
2026/07/31 11:34:19    Error: hxc213 writer 0 iter 53
2026/07/31 11:34:19    Duration: 504.443109ms
2026/07/31 11:34:19    Servers Deployed: 0
2026/07/31 11:34:19 🔄 Triggering automatic rollback...
2026/07/31 11:34:19 🔄 Rollback requested for 0 deployed server(s) (reason: hxc213 writer 0 iter 53)
2026/07/31 11:34:19 ❌ Rollback NOT completed: rollback NOT completed: real SSH rollback transport not wired (0/0 servers reverted)
2026/07/31 11:34:19 📢 Notification: rollback_not_completed - rollback NOT completed: real SSH rollback transport not wired (0/0 servers reverted)
2026/07/31 11:34:19 📢 Notification: deployment_failed - Production deployment failed: hxc213 writer 0 iter 53
2026/07/31 11:34:19 
❌ PRODUCTION DEPLOYMENT FAILED
2026/07/31 11:34:19 📊 Failure Summary:
2026/07/31 11:34:19    Failed Phase: deployment
2026/07/31 11:34:19    Error: hxc213 writer 0 iter 54
2026/07/31 11:34:19    Duration: 504.538943ms
2026/07/31 11:34:19    Servers Deployed: 0
2026/07/31 11:34:19 🔄 Triggering automatic rollback...
2026/07/31 11:34:19 🔄 Rollback requested for 0 deployed server(s) (reason: hxc213 writer 0 iter 54)
2026/07/31 11:34:19 ❌ Rollback NOT completed: rollback NOT completed: real SSH rollback transport not wired (0/0 servers reverted)
2026/07/31 11:34:19 📢 Notification: rollback_not_completed - rollback NOT completed: real SSH rollback transport not wired (0/0 servers reverted)
2026/07/31 11:34:19 📢 Notification: deployment_failed - Production deployment failed: hxc213 writer 0 iter 54
2026/07/31 11:34:19 
❌ PRODUCTION DEPLOYMENT FAILED
2026/07/31 11:34:19 📊 Failure Summary:
2026/07/31 11:34:19    Failed Phase: deployment
2026/07/31 11:34:19    Error: hxc213 writer 0 iter 55
2026/07/31 11:34:19    Duration: 504.602059ms
2026/07/31 11:34:19    Servers Deployed: 0
2026/07/31 11:34:19 🔄 Triggering automatic rollback...
2026/07/31 11:34:19 🔄 Rollback requested for 0 deployed server(s) (reason: hxc213 writer 0 iter 55)
2026/07/31 11:34:19 ❌ Rollback NOT completed: rollback NOT completed: real SSH rollback transport not wired (0/0 servers reverted)
2026/07/31 11:34:19 📢 Notification: rollback_not_completed - rollback NOT completed: real SSH rollback transport not wired (0/0 servers reverted)
2026/07/31 11:34:19 📢 Notification: deployment_failed - Production deployment failed: hxc213 writer 0 iter 55
2026/07/31 11:34:19 
❌ PRODUCTION DEPLOYMENT FAILED
2026/07/31 11:34:19 📊 Failure Summary:
2026/07/31 11:34:19    Failed Phase: deployment
2026/07/31 11:34:19    Error: hxc213 writer 0 iter 56
2026/07/31 11:34:19    Duration: 504.671013ms
2026/07/31 11:34:19    Servers Deployed: 0
2026/07/31 11:34:19 🔄 Triggering automatic rollback...
2026/07/31 11:34:19 🔄 Rollback requested for 0 deployed server(s) (reason: hxc213 writer 0 iter 56)
2026/07/31 11:34:19 ❌ Rollback NOT completed: rollback NOT completed: real SSH rollback transport not wired (0/0 servers reverted)
2026/07/31 11:34:19 📢 Notification: rollback_not_completed - rollback NOT completed: real SSH rollback transport not wired (0/0 servers reverted)
2026/07/31 11:34:19 📢 Notification: deployment_failed - Production deployment failed: hxc213 writer 0 iter 56
2026/07/31 11:34:19 
❌ PRODUCTION DEPLOYMENT FAILED
2026/07/31 11:34:19 📊 Failure Summary:
2026/07/31 11:34:19    Failed Phase: deployment
2026/07/31 11:34:19    Error: hxc213 writer 0 iter 57
2026/07/31 11:34:19    Duration: 504.731615ms
2026/07/31 11:34:19    Servers Deployed: 0
2026/07/31 11:34:19 🔄 Triggering automatic rollback...
2026/07/31 11:34:19 🔄 Rollback requested for 0 deployed server(s) (reason: hxc213 writer 0 iter 57)
2026/07/31 11:34:19 ❌ Rollback NOT completed: rollback NOT completed: real SSH rollback transport not wired (0/0 servers reverted)
2026/07/31 11:34:19 📢 Notification: rollback_not_completed - rollback NOT completed: real SSH rollback transport not wired (0/0 servers reverted)
2026/07/31 11:34:19 📢 Notification: deployment_failed - Production deployment failed: hxc213 writer 0 iter 57
2026/07/31 11:34:19 
❌ PRODUCTION DEPLOYMENT FAILED
2026/07/31 11:34:19 📊 Failure Summary:
2026/07/31 11:34:19    Failed Phase: deployment
2026/07/31 11:34:19    Error: hxc213 writer 0 iter 58
2026/07/31 11:34:19    Duration: 504.793308ms
2026/07/31 11:34:19    Servers Deployed: 0
2026/07/31 11:34:19 🔄 Triggering automatic rollback...
2026/07/31 11:34:19 🔄 Rollback requested for 0 deployed server(s) (reason: hxc213 writer 0 iter 58)
2026/07/31 11:34:19 ❌ Rollback NOT completed: rollback NOT completed: real SSH rollback transport not wired (0/0 servers reverted)
2026/07/31 11:34:19 📢 Notification: rollback_not_completed - rollback NOT completed: real SSH rollback transport not wired (0/0 servers reverted)
2026/07/31 11:34:19 📢 Notification: deployment_failed - Production deployment failed: hxc213 writer 0 iter 58
2026/07/31 11:34:19 
❌ PRODUCTION DEPLOYMENT FAILED
2026/07/31 11:34:19 📊 Failure Summary:
2026/07/31 11:34:19    Failed Phase: deployment
2026/07/31 11:34:19    Error: hxc213 writer 0 iter 59
2026/07/31 11:34:19    Duration: 504.85429ms
2026/07/31 11:34:19    Servers Deployed: 0
2026/07/31 11:34:19 🔄 Triggering automatic rollback...
2026/07/31 11:34:19 🔄 Rollback requested for 0 deployed server(s) (reason: hxc213 writer 0 iter 59)
2026/07/31 11:34:19 ❌ Rollback NOT completed: rollback NOT completed: real SSH rollback transport not wired (0/0 servers reverted)
2026/07/31 11:34:19 📢 Notification: rollback_not_completed - rollback NOT completed: real SSH rollback transport not wired (0/0 servers reverted)
2026/07/31 11:34:19 📢 Notification: deployment_failed - Production deployment failed: hxc213 writer 0 iter 59
2026/07/31 11:34:19 
❌ PRODUCTION DEPLOYMENT FAILED
2026/07/31 11:34:19 📊 Failure Summary:
2026/07/31 11:34:19    Failed Phase: deployment
2026/07/31 11:34:19    Error: hxc213 writer 0 iter 60
2026/07/31 11:34:19    Duration: 504.914111ms
2026/07/31 11:34:19    Servers Deployed: 0
2026/07/31 11:34:19 🔄 Triggering automatic rollback...
2026/07/31 11:34:19 🔄 Rollback requested for 0 deployed server(s) (reason: hxc213 writer 0 iter 60)
2026/07/31 11:34:19 ❌ Rollback NOT completed: rollback NOT completed: real SSH rollback transport not wired (0/0 servers reverted)
2026/07/31 11:34:19 📢 Notification: rollback_not_completed - rollback NOT completed: real SSH rollback transport not wired (0/0 servers reverted)
2026/07/31 11:34:19 📢 Notification: deployment_failed - Production deployment failed: hxc213 writer 0 iter 60
2026/07/31 11:34:19 
❌ PRODUCTION DEPLOYMENT FAILED
2026/07/31 11:34:19 📊 Failure Summary:
2026/07/31 11:34:19    Failed Phase: deployment
2026/07/31 11:34:19    Error: hxc213 writer 0 iter 61
2026/07/31 11:34:19    Duration: 504.984787ms
2026/07/31 11:34:19    Servers Deployed: 0
2026/07/31 11:34:19 🔄 Triggering automatic rollback...
2026/07/31 11:34:19 🔄 Rollback requested for 0 deployed server(s) (reason: hxc213 writer 0 iter 61)
2026/07/31 11:34:19 ❌ Rollback NOT completed: rollback NOT completed: real SSH rollback transport not wired (0/0 servers reverted)
2026/07/31 11:34:19 📢 Notification: rollback_not_completed - rollback NOT completed: real SSH rollback transport not wired (0/0 servers reverted)
2026/07/31 11:34:19 📢 Notification: deployment_failed - Production deployment failed: hxc213 writer 0 iter 61
2026/07/31 11:34:19    Servers Deployed: 0
2026/07/31 11:34:19 
❌ PRODUCTION DEPLOYMENT FAILED
2026/07/31 11:34:19 📊 Failure Summary:
2026/07/31 11:34:19 🔄 Triggering automatic rollback...
2026/07/31 11:34:19    Failed Phase: deployment
2026/07/31 11:34:19 🔄 Rollback requested for 0 deployed server(s) (reason: hxc213 writer 1 iter 75)
2026/07/31 11:34:19    Error: hxc213 writer 0 iter 62
2026/07/31 11:34:19 ❌ Rollback NOT completed: rollback NOT completed: real SSH rollback transport not wired (0/0 servers reverted)
2026/07/31 11:34:19    Duration: 593.699109ms
2026/07/31 11:34:19    Servers Deployed: 0
2026/07/31 11:34:19 📢 Notification: rollback_not_completed - rollback NOT completed: real SSH rollback transport not wired (0/0 servers reverted)
2026/07/31 11:34:19 🔄 Triggering automatic rollback...
2026/07/31 11:34:19 📢 Notification: deployment_failed - Production deployment failed: hxc213 writer 1 iter 75
2026/07/31 11:34:19 
❌ PRODUCTION DEPLOYMENT FAILED
2026/07/31 11:34:19 📊 Failure Summary:
2026/07/31 11:34:19    Failed Phase: deployment
2026/07/31 11:34:19    Error: hxc213 writer 1 iter 76
2026/07/31 11:34:19    Duration: 593.915756ms
2026/07/31 11:34:19    Servers Deployed: 0
2026/07/31 11:34:19 🔄 Triggering automatic rollback...
2026/07/31 11:34:19 🔄 Rollback requested for 0 deployed server(s) (reason: hxc213 writer 1 iter 76)
2026/07/31 11:34:19 ❌ Rollback NOT completed: rollback NOT completed: real SSH rollback transport not wired (0/0 servers reverted)
2026/07/31 11:34:19 📢 Notification: rollback_not_completed - rollback NOT completed: real SSH rollback transport not wired (0/0 servers reverted)
2026/07/31 11:34:19 🔄 Rollback requested for 0 deployed server(s) (reason: hxc213 writer 0 iter 62)
2026/07/31 11:34:19 📢 Notification: deployment_failed - Production deployment failed: hxc213 writer 1 iter 76
2026/07/31 11:34:19 
❌ PRODUCTION DEPLOYMENT FAILED
2026/07/31 11:34:19 ❌ Rollback NOT completed: rollback NOT completed: real SSH rollback transport not wired (0/0 servers reverted)
2026/07/31 11:34:19 📊 Failure Summary:
2026/07/31 11:34:19    Failed Phase: deployment
2026/07/31 11:34:19 📢 Notification: rollback_not_completed - rollback NOT completed: real SSH rollback transport not wired (0/0 servers reverted)
2026/07/31 11:34:19    Error: hxc213 writer 1 iter 77
2026/07/31 11:34:19    Duration: 594.045723ms
2026/07/31 11:34:19    Servers Deployed: 0
2026/07/31 11:34:19 🔄 Triggering automatic rollback...
2026/07/31 11:34:19 🔄 Rollback requested for 0 deployed server(s) (reason: hxc213 writer 1 iter 77)
2026/07/31 11:34:19 ❌ Rollback NOT completed: rollback NOT completed: real SSH rollback transport not wired (0/0 servers reverted)
2026/07/31 11:34:19 📢 Notification: deployment_failed - Production deployment failed: hxc213 writer 0 iter 62
2026/07/31 11:34:19 📢 Notification: rollback_not_completed - rollback NOT completed: real SSH rollback transport not wired (0/0 servers reverted)
2026/07/31 11:34:19 
❌ PRODUCTION DEPLOYMENT FAILED
2026/07/31 11:34:19 📢 Notification: deployment_failed - Production deployment failed: hxc213 writer 1 iter 77
2026/07/31 11:34:19 
❌ PRODUCTION DEPLOYMENT FAILED
2026/07/31 11:34:19 📊 Failure Summary:
2026/07/31 11:34:19    Failed Phase: deployment
2026/07/31 11:34:19 📊 Failure Summary:
2026/07/31 11:34:19    Error: hxc213 writer 1 iter 78
2026/07/31 11:34:19    Failed Phase: deployment
2026/07/31 11:34:19    Duration: 594.14943ms
2026/07/31 11:34:19    Servers Deployed: 0
2026/07/31 11:34:19    Error: hxc213 writer 0 iter 63
2026/07/31 11:34:19 🔄 Triggering automatic rollback...
2026/07/31 11:34:19 🔄 Rollback requested for 0 deployed server(s) (reason: hxc213 writer 1 iter 78)
2026/07/31 11:34:19 ❌ Rollback NOT completed: rollback NOT completed: real SSH rollback transport not wired (0/0 servers reverted)
2026/07/31 11:34:19 📢 Notification: rollback_not_completed - rollback NOT completed: real SSH rollback transport not wired (0/0 servers reverted)
2026/07/31 11:34:19 📢 Notification: deployment_failed - Production deployment failed: hxc213 writer 1 iter 78
2026/07/31 11:34:19 
❌ PRODUCTION DEPLOYMENT FAILED
2026/07/31 11:34:19 📊 Failure Summary:
2026/07/31 11:34:19    Failed Phase: deployment
2026/07/31 11:34:19    Error: hxc213 writer 1 iter 79
2026/07/31 11:34:19    Duration: 594.244744ms
2026/07/31 11:34:19    Servers Deployed: 0
2026/07/31 11:34:19 🔄 Triggering automatic rollback...
2026/07/31 11:34:19 🔄 Rollback requested for 0 deployed server(s) (reason: hxc213 writer 1 iter 79)
2026/07/31 11:34:19 ❌ Rollback NOT completed: rollback NOT completed: real SSH rollback transport not wired (0/0 servers reverted)
2026/07/31 11:34:19 📢 Notification: rollback_not_completed - rollback NOT completed: real SSH rollback transport not wired (0/0 servers reverted)
2026/07/31 11:34:19 📢 Notification: deployment_failed - Production deployment failed: hxc213 writer 1 iter 79
2026/07/31 11:34:19 
❌ PRODUCTION DEPLOYMENT FAILED
2026/07/31 11:34:19 📊 Failure Summary:
2026/07/31 11:34:19    Failed Phase: deployment
2026/07/31 11:34:19    Error: hxc213 writer 1 iter 80
2026/07/31 11:34:19    Duration: 594.633261ms
2026/07/31 11:34:19    Servers Deployed: 0
2026/07/31 11:34:19 🔄 Triggering automatic rollback...
2026/07/31 11:34:19 🔄 Rollback requested for 0 deployed server(s) (reason: hxc213 writer 1 iter 80)
2026/07/31 11:34:19 ❌ Rollback NOT completed: rollback NOT completed: real SSH rollback transport not wired (0/0 servers reverted)
2026/07/31 11:34:19 📢 Notification: rollback_not_completed - rollback NOT completed: real SSH rollback transport not wired (0/0 servers reverted)
2026/07/31 11:34:19 📢 Notification: deployment_failed - Production deployment failed: hxc213 writer 1 iter 80
2026/07/31 11:34:19 
❌ PRODUCTION DEPLOYMENT FAILED
2026/07/31 11:34:19 📊 Failure Summary:
2026/07/31 11:34:19    Failed Phase: deployment
2026/07/31 11:34:19    Error: hxc213 writer 1 iter 81
2026/07/31 11:34:19    Duration: 594.727824ms
2026/07/31 11:34:19    Servers Deployed: 0
2026/07/31 11:34:19 🔄 Triggering automatic rollback...
2026/07/31 11:34:19 🔄 Rollback requested for 0 deployed server(s) (reason: hxc213 writer 1 iter 81)
2026/07/31 11:34:19 ❌ Rollback NOT completed: rollback NOT completed: real SSH rollback transport not wired (0/0 servers reverted)
2026/07/31 11:34:19 📢 Notification: rollback_not_completed - rollback NOT completed: real SSH rollback transport not wired (0/0 servers reverted)
2026/07/31 11:34:19 📢 Notification: deployment_failed - Production deployment failed: hxc213 writer 1 iter 81
2026/07/31 11:34:19 
❌ PRODUCTION DEPLOYMENT FAILED
2026/07/31 11:34:19 📊 Failure Summary:
2026/07/31 11:34:19    Failed Phase: deployment
2026/07/31 11:34:19    Error: hxc213 writer 1 iter 82
2026/07/31 11:34:19    Duration: 594.809217ms
2026/07/31 11:34:19    Servers Deployed: 0
2026/07/31 11:34:19 🔄 Triggering automatic rollback...
2026/07/31 11:34:19 🔄 Rollback requested for 0 deployed server(s) (reason: hxc213 writer 1 iter 82)
2026/07/31 11:34:19 ❌ Rollback NOT completed: rollback NOT completed: real SSH rollback transport not wired (0/0 servers reverted)
2026/07/31 11:34:19 📢 Notification: rollback_not_completed - rollback NOT completed: real SSH rollback transport not wired (0/0 servers reverted)
2026/07/31 11:34:19 📢 Notification: deployment_failed - Production deployment failed: hxc213 writer 1 iter 82
2026/07/31 11:34:19 
❌ PRODUCTION DEPLOYMENT FAILED
2026/07/31 11:34:19 📊 Failure Summary:
2026/07/31 11:34:19    Failed Phase: deployment
2026/07/31 11:34:19    Error: hxc213 writer 1 iter 83
2026/07/31 11:34:19    Duration: 594.896088ms
2026/07/31 11:34:19    Servers Deployed: 0
2026/07/31 11:34:19 🔄 Triggering automatic rollback...
2026/07/31 11:34:19 🔄 Rollback requested for 0 deployed server(s) (reason: hxc213 writer 1 iter 83)
2026/07/31 11:34:19 ❌ Rollback NOT completed: rollback NOT completed: real SSH rollback transport not wired (0/0 servers reverted)
2026/07/31 11:34:19 📢 Notification: rollback_not_completed - rollback NOT completed: real SSH rollback transport not wired (0/0 servers reverted)
2026/07/31 11:34:19 📢 Notification: deployment_failed - Production deployment failed: hxc213 writer 1 iter 83
2026/07/31 11:34:19 
❌ PRODUCTION DEPLOYMENT FAILED
2026/07/31 11:34:19 📊 Failure Summary:
2026/07/31 11:34:19    Failed Phase: deployment
2026/07/31 11:34:19    Error: hxc213 writer 1 iter 84
2026/07/31 11:34:19    Duration: 594.979404ms
2026/07/31 11:34:19    Servers Deployed: 0
2026/07/31 11:34:19 🔄 Triggering automatic rollback...
2026/07/31 11:34:19 🔄 Rollback requested for 0 deployed server(s) (reason: hxc213 writer 1 iter 84)
2026/07/31 11:34:19 ❌ Rollback NOT completed: rollback NOT completed: real SSH rollback transport not wired (0/0 servers reverted)
2026/07/31 11:34:19 📢 Notification: rollback_not_completed - rollback NOT completed: real SSH rollback transport not wired (0/0 servers reverted)
2026/07/31 11:34:19 📢 Notification: deployment_failed - Production deployment failed: hxc213 writer 1 iter 84
2026/07/31 11:34:19 
❌ PRODUCTION DEPLOYMENT FAILED
2026/07/31 11:34:19 📊 Failure Summary:
2026/07/31 11:34:19    Failed Phase: deployment
2026/07/31 11:34:19    Error: hxc213 writer 1 iter 85
2026/07/31 11:34:19    Duration: 595.054798ms
2026/07/31 11:34:19    Servers Deployed: 0
2026/07/31 11:34:19 🔄 Triggering automatic rollback...
2026/07/31 11:34:19 🔄 Rollback requested for 0 deployed server(s) (reason: hxc213 writer 1 iter 85)
2026/07/31 11:34:19 ❌ Rollback NOT completed: rollback NOT completed: real SSH rollback transport not wired (0/0 servers reverted)
2026/07/31 11:34:19 📢 Notification: rollback_not_completed - rollback NOT completed: real SSH rollback transport not wired (0/0 servers reverted)
2026/07/31 11:34:19 📢 Notification: deployment_failed - Production deployment failed: hxc213 writer 1 iter 85
2026/07/31 11:34:19 
❌ PRODUCTION DEPLOYMENT FAILED
2026/07/31 11:34:19 📊 Failure Summary:
2026/07/31 11:34:19    Failed Phase: deployment
2026/07/31 11:34:19    Error: hxc213 writer 1 iter 86
2026/07/31 11:34:19    Duration: 595.137043ms
2026/07/31 11:34:19    Servers Deployed: 0
2026/07/31 11:34:19 🔄 Triggering automatic rollback...
2026/07/31 11:34:19 🔄 Rollback requested for 0 deployed server(s) (reason: hxc213 writer 1 iter 86)
2026/07/31 11:34:19 ❌ Rollback NOT completed: rollback NOT completed: real SSH rollback transport not wired (0/0 servers reverted)
2026/07/31 11:34:19 📢 Notification: rollback_not_completed - rollback NOT completed: real SSH rollback transport not wired (0/0 servers reverted)
2026/07/31 11:34:19    Duration: 594.14943ms
2026/07/31 11:34:19    Servers Deployed: 0
2026/07/31 11:34:19 🔄 Triggering automatic rollback...
2026/07/31 11:34:19 📢 Notification: deployment_failed - Production deployment failed: hxc213 writer 1 iter 86
2026/07/31 11:34:19 🔄 Rollback requested for 0 deployed server(s) (reason: hxc213 writer 2 iter 72)
2026/07/31 11:34:19 
❌ PRODUCTION DEPLOYMENT FAILED
2026/07/31 11:34:19 📊 Failure Summary:
2026/07/31 11:34:19    Failed Phase: deployment
2026/07/31 11:34:19    Error: hxc213 writer 1 iter 87
2026/07/31 11:34:19    Duration: 598.554368ms
2026/07/31 11:34:19    Servers Deployed: 0
2026/07/31 11:34:19 🔄 Triggering automatic rollback...
2026/07/31 11:34:19 🔄 Rollback requested for 0 deployed server(s) (reason: hxc213 writer 1 iter 87)
2026/07/31 11:34:19 ❌ Rollback NOT completed: rollback NOT completed: real SSH rollback transport not wired (0/0 servers reverted)
2026/07/31 11:34:19 📢 Notification: rollback_not_completed - rollback NOT completed: real SSH rollback transport not wired (0/0 servers reverted)
2026/07/31 11:34:19 📢 Notification: deployment_failed - Production deployment failed: hxc213 writer 1 iter 87
2026/07/31 11:34:19 
❌ PRODUCTION DEPLOYMENT FAILED
2026/07/31 11:34:19 📊 Failure Summary:
2026/07/31 11:34:19    Failed Phase: deployment
2026/07/31 11:34:19    Error: hxc213 writer 1 iter 88
2026/07/31 11:34:19    Duration: 598.847111ms
2026/07/31 11:34:19    Servers Deployed: 0
2026/07/31 11:34:19 🔄 Triggering automatic rollback...
2026/07/31 11:34:19 🔄 Rollback requested for 0 deployed server(s) (reason: hxc213 writer 1 iter 88)
2026/07/31 11:34:19 ❌ Rollback NOT completed: rollback NOT completed: real SSH rollback transport not wired (0/0 servers reverted)
2026/07/31 11:34:19 📢 Notification: rollback_not_completed - rollback NOT completed: real SSH rollback transport not wired (0/0 servers reverted)
2026/07/31 11:34:19 📢 Notification: deployment_failed - Production deployment failed: hxc213 writer 1 iter 88
2026/07/31 11:34:19 
❌ PRODUCTION DEPLOYMENT FAILED
2026/07/31 11:34:19 📊 Failure Summary:
2026/07/31 11:34:19    Failed Phase: deployment
2026/07/31 11:34:19    Error: hxc213 writer 1 iter 89
2026/07/31 11:34:19    Duration: 598.938469ms
2026/07/31 11:34:19    Servers Deployed: 0
2026/07/31 11:34:19 🔄 Triggering automatic rollback...
2026/07/31 11:34:19 🔄 Rollback requested for 0 deployed server(s) (reason: hxc213 writer 1 iter 89)
2026/07/31 11:34:19 ❌ Rollback NOT completed: rollback NOT completed: real SSH rollback transport not wired (0/0 servers reverted)
2026/07/31 11:34:19 📢 Notification: rollback_not_completed - rollback NOT completed: real SSH rollback transport not wired (0/0 servers reverted)
2026/07/31 11:34:19 📢 Notification: deployment_failed - Production deployment failed: hxc213 writer 1 iter 89
2026/07/31 11:34:19 
❌ PRODUCTION DEPLOYMENT FAILED
2026/07/31 11:34:19 📊 Failure Summary:
2026/07/31 11:34:19    Failed Phase: deployment
2026/07/31 11:34:19    Error: hxc213 writer 1 iter 90
2026/07/31 11:34:19    Duration: 599.037108ms
2026/07/31 11:34:19    Servers Deployed: 0
2026/07/31 11:34:19 🔄 Triggering automatic rollback...
2026/07/31 11:34:19 🔄 Rollback requested for 0 deployed server(s) (reason: hxc213 writer 1 iter 90)
2026/07/31 11:34:19 ❌ Rollback NOT completed: rollback NOT completed: real SSH rollback transport not wired (0/0 servers reverted)
2026/07/31 11:34:19 📢 Notification: rollback_not_completed - rollback NOT completed: real SSH rollback transport not wired (0/0 servers reverted)
2026/07/31 11:34:19 📢 Notification: deployment_failed - Production deployment failed: hxc213 writer 1 iter 90
2026/07/31 11:34:19 
❌ PRODUCTION DEPLOYMENT FAILED
2026/07/31 11:34:19 📊 Failure Summary:
2026/07/31 11:34:19    Failed Phase: deployment
2026/07/31 11:34:19    Error: hxc213 writer 1 iter 91
2026/07/31 11:34:19    Duration: 599.13767ms
2026/07/31 11:34:19    Servers Deployed: 0
2026/07/31 11:34:19 🔄 Triggering automatic rollback...
2026/07/31 11:34:19 🔄 Rollback requested for 0 deployed server(s) (reason: hxc213 writer 1 iter 91)
2026/07/31 11:34:19 ❌ Rollback NOT completed: rollback NOT completed: real SSH rollback transport not wired (0/0 servers reverted)
2026/07/31 11:34:19 📢 Notification: rollback_not_completed - rollback NOT completed: real SSH rollback transport not wired (0/0 servers reverted)
2026/07/31 11:34:19 📢 Notification: deployment_failed - Production deployment failed: hxc213 writer 1 iter 91
2026/07/31 11:34:19 
❌ PRODUCTION DEPLOYMENT FAILED
2026/07/31 11:34:19 📊 Failure Summary:
2026/07/31 11:34:19    Failed Phase: deployment
2026/07/31 11:34:19    Error: hxc213 writer 1 iter 92
2026/07/31 11:34:19    Duration: 599.241357ms
2026/07/31 11:34:19    Servers Deployed: 0
2026/07/31 11:34:19 🔄 Triggering automatic rollback...
2026/07/31 11:34:19 🔄 Rollback requested for 0 deployed server(s) (reason: hxc213 writer 1 iter 92)
2026/07/31 11:34:19 ❌ Rollback NOT completed: rollback NOT completed: real SSH rollback transport not wired (0/0 servers reverted)
2026/07/31 11:34:19 📢 Notification: rollback_not_completed - rollback NOT completed: real SSH rollback transport not wired (0/0 servers reverted)
2026/07/31 11:34:19 📢 Notification: deployment_failed - Production deployment failed: hxc213 writer 1 iter 92
2026/07/31 11:34:19 
❌ PRODUCTION DEPLOYMENT FAILED
2026/07/31 11:34:19 📊 Failure Summary:
2026/07/31 11:34:19    Failed Phase: deployment
2026/07/31 11:34:19    Error: hxc213 writer 1 iter 93
2026/07/31 11:34:19    Duration: 599.346046ms
2026/07/31 11:34:19    Servers Deployed: 0
2026/07/31 11:34:19 🔄 Triggering automatic rollback...
2026/07/31 11:34:19 🔄 Rollback requested for 0 deployed server(s) (reason: hxc213 writer 1 iter 93)
2026/07/31 11:34:19 ❌ Rollback NOT completed: rollback NOT completed: real SSH rollback transport not wired (0/0 servers reverted)
2026/07/31 11:34:19 📢 Notification: rollback_not_completed - rollback NOT completed: real SSH rollback transport not wired (0/0 servers reverted)
2026/07/31 11:34:19 📢 Notification: deployment_failed - Production deployment failed: hxc213 writer 1 iter 93
2026/07/31 11:34:19 
❌ PRODUCTION DEPLOYMENT FAILED
2026/07/31 11:34:19 📊 Failure Summary:
2026/07/31 11:34:19    Failed Phase: deployment
2026/07/31 11:34:19    Error: hxc213 writer 1 iter 94
2026/07/31 11:34:19    Duration: 599.435431ms
2026/07/31 11:34:19    Servers Deployed: 0
2026/07/31 11:34:19 🔄 Triggering automatic rollback...
2026/07/31 11:34:19 🔄 Rollback requested for 0 deployed server(s) (reason: hxc213 writer 1 iter 94)
2026/07/31 11:34:19 ❌ Rollback NOT completed: rollback NOT completed: real SSH rollback transport not wired (0/0 servers reverted)
2026/07/31 11:34:19 📢 Notification: rollback_not_completed - rollback NOT completed: real SSH rollback transport not wired (0/0 servers reverted)
2026/07/31 11:34:19 📢 Notification: deployment_failed - Production deployment failed: hxc213 writer 1 iter 94
2026/07/31 11:34:19 
❌ PRODUCTION DEPLOYMENT FAILED
2026/07/31 11:34:19 ❌ Rollback NOT completed: rollback NOT completed: real SSH rollback transport not wired (0/0 servers reverted)
2026/07/31 11:34:19 📢 Notification: rollback_not_completed - rollback NOT completed: real SSH rollback transport not wired (0/0 servers reverted)
2026/07/31 11:34:19 📢 Notification: deployment_failed - Production deployment failed: hxc213 writer 2 iter 72
2026/07/31 11:34:19 
❌ PRODUCTION DEPLOYMENT FAILED
2026/07/31 11:34:19 📊 Failure Summary:
2026/07/31 11:34:19    Failed Phase: deployment
2026/07/31 11:34:19    Error: hxc213 writer 2 iter 73
2026/07/31 11:34:19    Duration: 599.796086ms
2026/07/31 11:34:19    Servers Deployed: 0
2026/07/31 11:34:19 🔄 Triggering automatic rollback...
2026/07/31 11:34:19 🔄 Rollback requested for 0 deployed server(s) (reason: hxc213 writer 2 iter 73)
2026/07/31 11:34:19 ❌ Rollback NOT completed: rollback NOT completed: real SSH rollback transport not wired (0/0 servers reverted)
2026/07/31 11:34:19 📢 Notification: rollback_not_completed - rollback NOT completed: real SSH rollback transport not wired (0/0 servers reverted)
2026/07/31 11:34:19 📢 Notification: deployment_failed - Production deployment failed: hxc213 writer 2 iter 73
2026/07/31 11:34:19 
❌ PRODUCTION DEPLOYMENT FAILED
2026/07/31 11:34:19 📊 Failure Summary:
2026/07/31 11:34:19    Failed Phase: deployment
2026/07/31 11:34:19    Error: hxc213 writer 2 iter 74
2026/07/31 11:34:19    Duration: 599.888245ms
2026/07/31 11:34:19    Servers Deployed: 0
2026/07/31 11:34:19 🔄 Triggering automatic rollback...
2026/07/31 11:34:19 🔄 Rollback requested for 0 deployed server(s) (reason: hxc213 writer 2 iter 74)
2026/07/31 11:34:19 ❌ Rollback NOT completed: rollback NOT completed: real SSH rollback transport not wired (0/0 servers reverted)
2026/07/31 11:34:19 📢 Notification: rollback_not_completed - rollback NOT completed: real SSH rollback transport not wired (0/0 servers reverted)
2026/07/31 11:34:19 📢 Notification: deployment_failed - Production deployment failed: hxc213 writer 2 iter 74
2026/07/31 11:34:19 
❌ PRODUCTION DEPLOYMENT FAILED
2026/07/31 11:34:19 📊 Failure Summary:
2026/07/31 11:34:19    Failed Phase: deployment
2026/07/31 11:34:19    Error: hxc213 writer 2 iter 75
2026/07/31 11:34:19    Duration: 599.986964ms
2026/07/31 11:34:19    Servers Deployed: 0
2026/07/31 11:34:19 🔄 Triggering automatic rollback...
2026/07/31 11:34:19 🔄 Rollback requested for 0 deployed server(s) (reason: hxc213 writer 2 iter 75)
2026/07/31 11:34:19 ❌ Rollback NOT completed: rollback NOT completed: real SSH rollback transport not wired (0/0 servers reverted)
2026/07/31 11:34:19 📢 Notification: rollback_not_completed - rollback NOT completed: real SSH rollback transport not wired (0/0 servers reverted)
2026/07/31 11:34:19 📢 Notification: deployment_failed - Production deployment failed: hxc213 writer 2 iter 75
2026/07/31 11:34:19 
❌ PRODUCTION DEPLOYMENT FAILED
2026/07/31 11:34:19 📊 Failure Summary:
2026/07/31 11:34:19    Failed Phase: deployment
2026/07/31 11:34:19    Error: hxc213 writer 2 iter 76
2026/07/31 11:34:19    Duration: 600.074657ms
2026/07/31 11:34:19    Servers Deployed: 0
2026/07/31 11:34:19 🔄 Triggering automatic rollback...
2026/07/31 11:34:19 🔄 Rollback requested for 0 deployed server(s) (reason: hxc213 writer 2 iter 76)
2026/07/31 11:34:19 ❌ Rollback NOT completed: rollback NOT completed: real SSH rollback transport not wired (0/0 servers reverted)
2026/07/31 11:34:19 📢 Notification: rollback_not_completed - rollback NOT completed: real SSH rollback transport not wired (0/0 servers reverted)
2026/07/31 11:34:19 📢 Notification: deployment_failed - Production deployment failed: hxc213 writer 2 iter 76
2026/07/31 11:34:19 
❌ PRODUCTION DEPLOYMENT FAILED
2026/07/31 11:34:19 📊 Failure Summary:
2026/07/31 11:34:19    Failed Phase: deployment
2026/07/31 11:34:19    Error: hxc213 writer 2 iter 77
2026/07/31 11:34:19    Duration: 600.167217ms
2026/07/31 11:34:19    Servers Deployed: 0
2026/07/31 11:34:19 🔄 Triggering automatic rollback...
2026/07/31 11:34:19 🔄 Rollback requested for 0 deployed server(s) (reason: hxc213 writer 2 iter 77)
2026/07/31 11:34:19 ❌ Rollback NOT completed: rollback NOT completed: real SSH rollback transport not wired (0/0 servers reverted)
2026/07/31 11:34:19 📢 Notification: rollback_not_completed - rollback NOT completed: real SSH rollback transport not wired (0/0 servers reverted)
2026/07/31 11:34:19 📢 Notification: deployment_failed - Production deployment failed: hxc213 writer 2 iter 77
2026/07/31 11:34:19 
❌ PRODUCTION DEPLOYMENT FAILED
2026/07/31 11:34:19 📊 Failure Summary:
2026/07/31 11:34:19    Failed Phase: deployment
2026/07/31 11:34:19    Error: hxc213 writer 2 iter 78
2026/07/31 11:34:19    Duration: 600.255871ms
2026/07/31 11:34:19    Servers Deployed: 0
2026/07/31 11:34:19 🔄 Triggering automatic rollback...
2026/07/31 11:34:19 🔄 Rollback requested for 0 deployed server(s) (reason: hxc213 writer 2 iter 78)
2026/07/31 11:34:19 ❌ Rollback NOT completed: rollback NOT completed: real SSH rollback transport not wired (0/0 servers reverted)
2026/07/31 11:34:19 📢 Notification: rollback_not_completed - rollback NOT completed: real SSH rollback transport not wired (0/0 servers reverted)
2026/07/31 11:34:19 📢 Notification: deployment_failed - Production deployment failed: hxc213 writer 2 iter 78
2026/07/31 11:34:19 
❌ PRODUCTION DEPLOYMENT FAILED
2026/07/31 11:34:19 📊 Failure Summary:
2026/07/31 11:34:19    Failed Phase: deployment
2026/07/31 11:34:19    Error: hxc213 writer 2 iter 79
2026/07/31 11:34:19    Duration: 600.346999ms
2026/07/31 11:34:19    Servers Deployed: 0
2026/07/31 11:34:19 🔄 Triggering automatic rollback...
2026/07/31 11:34:19 🔄 Rollback requested for 0 deployed server(s) (reason: hxc213 writer 2 iter 79)
2026/07/31 11:34:19 ❌ Rollback NOT completed: rollback NOT completed: real SSH rollback transport not wired (0/0 servers reverted)
2026/07/31 11:34:19 📢 Notification: rollback_not_completed - rollback NOT completed: real SSH rollback transport not wired (0/0 servers reverted)
2026/07/31 11:34:19 📢 Notification: deployment_failed - Production deployment failed: hxc213 writer 2 iter 79
2026/07/31 11:34:19 
❌ PRODUCTION DEPLOYMENT FAILED
2026/07/31 11:34:19 📊 Failure Summary:
2026/07/31 11:34:19    Failed Phase: deployment
2026/07/31 11:34:19    Error: hxc213 writer 2 iter 80
2026/07/31 11:34:19    Duration: 600.435052ms
2026/07/31 11:34:19    Servers Deployed: 0
2026/07/31 11:34:19 🔄 Triggering automatic rollback...
2026/07/31 11:34:19 🔄 Rollback requested for 0 deployed server(s) (reason: hxc213 writer 2 iter 80)
2026/07/31 11:34:19 ❌ Rollback NOT completed: rollback NOT completed: real SSH rollback transport not wired (0/0 servers reverted)
2026/07/31 11:34:19 📢 Notification: rollback_not_completed - rollback NOT completed: real SSH rollback transport not wired (0/0 servers reverted)
2026/07/31 11:34:19 📢 Notification: deployment_failed - Production deployment failed: hxc213 writer 2 iter 80
2026/07/31 11:34:19 
❌ PRODUCTION DEPLOYMENT FAILED
2026/07/31 11:34:19 📊 Failure Summary:
2026/07/31 11:34:19    Failed Phase: deployment
2026/07/31 11:34:19    Error: hxc213 writer 2 iter 81
2026/07/31 11:34:19    Duration: 600.538068ms
2026/07/31 11:34:19    Servers Deployed: 0
2026/07/31 11:34:19 🔄 Triggering automatic rollback...
2026/07/31 11:34:19    Servers Deployed: 0
2026/07/31 11:34:19 📊 Failure Summary:
2026/07/31 11:34:19    Failed Phase: deployment
2026/07/31 11:34:19    Error: hxc213 writer 1 iter 95
2026/07/31 11:34:19    Duration: 600.538068ms
2026/07/31 11:34:19    Servers Deployed: 0
2026/07/31 11:34:19 🔄 Triggering automatic rollback...
2026/07/31 11:34:19 🔄 Rollback requested for 0 deployed server(s) (reason: hxc213 writer 1 iter 95)
2026/07/31 11:34:19 ❌ Rollback NOT completed: rollback NOT completed: real SSH rollback transport not wired (0/0 servers reverted)
2026/07/31 11:34:19 📢 Notification: rollback_not_completed - rollback NOT completed: real SSH rollback transport not wired (0/0 servers reverted)
2026/07/31 11:34:19 📢 Notification: deployment_failed - Production deployment failed: hxc213 writer 1 iter 95
2026/07/31 11:34:19 
❌ PRODUCTION DEPLOYMENT FAILED
2026/07/31 11:34:19 📊 Failure Summary:
2026/07/31 11:34:19    Failed Phase: deployment
2026/07/31 11:34:19    Error: hxc213 writer 1 iter 96
2026/07/31 11:34:19    Duration: 600.767264ms
2026/07/31 11:34:19    Servers Deployed: 0
2026/07/31 11:34:19 🔄 Triggering automatic rollback...
2026/07/31 11:34:19 🔄 Rollback requested for 0 deployed server(s) (reason: hxc213 writer 1 iter 96)
2026/07/31 11:34:19 ❌ Rollback NOT completed: rollback NOT completed: real SSH rollback transport not wired (0/0 servers reverted)
2026/07/31 11:34:19 📢 Notification: rollback_not_completed - rollback NOT completed: real SSH rollback transport not wired (0/0 servers reverted)
2026/07/31 11:34:19 📢 Notification: deployment_failed - Production deployment failed: hxc213 writer 1 iter 96
2026/07/31 11:34:19 
❌ PRODUCTION DEPLOYMENT FAILED
2026/07/31 11:34:19 📊 Failure Summary:
2026/07/31 11:34:19    Failed Phase: deployment
2026/07/31 11:34:19    Error: hxc213 writer 1 iter 97
2026/07/31 11:34:19    Duration: 600.931152ms
2026/07/31 11:34:19    Servers Deployed: 0
2026/07/31 11:34:19 🔄 Triggering automatic rollback...
2026/07/31 11:34:19 🔄 Rollback requested for 0 deployed server(s) (reason: hxc213 writer 1 iter 97)
2026/07/31 11:34:19 ❌ Rollback NOT completed: rollback NOT completed: real SSH rollback transport not wired (0/0 servers reverted)
2026/07/31 11:34:19 📢 Notification: rollback_not_completed - rollback NOT completed: real SSH rollback transport not wired (0/0 servers reverted)
2026/07/31 11:34:19 📢 Notification: deployment_failed - Production deployment failed: hxc213 writer 1 iter 97
2026/07/31 11:34:19 
❌ PRODUCTION DEPLOYMENT FAILED
2026/07/31 11:34:19 📊 Failure Summary:
2026/07/31 11:34:19    Failed Phase: deployment
2026/07/31 11:34:19    Error: hxc213 writer 1 iter 98
2026/07/31 11:34:19    Duration: 601.067888ms
2026/07/31 11:34:19    Servers Deployed: 0
2026/07/31 11:34:19 🔄 Triggering automatic rollback...
2026/07/31 11:34:19 🔄 Rollback requested for 0 deployed server(s) (reason: hxc213 writer 1 iter 98)
2026/07/31 11:34:19 ❌ Rollback NOT completed: rollback NOT completed: real SSH rollback transport not wired (0/0 servers reverted)
2026/07/31 11:34:19 📢 Notification: rollback_not_completed - rollback NOT completed: real SSH rollback transport not wired (0/0 servers reverted)
2026/07/31 11:34:19 🔄 Rollback requested for 0 deployed server(s) (reason: hxc213 writer 2 iter 81)
2026/07/31 11:34:19 ❌ Rollback NOT completed: rollback NOT completed: real SSH rollback transport not wired (0/0 servers reverted)
2026/07/31 11:34:19 📢 Notification: rollback_not_completed - rollback NOT completed: real SSH rollback transport not wired (0/0 servers reverted)
2026/07/31 11:34:19 📢 Notification: deployment_failed - Production deployment failed: hxc213 writer 2 iter 81
2026/07/31 11:34:19 
❌ PRODUCTION DEPLOYMENT FAILED
2026/07/31 11:34:19 📊 Failure Summary:
2026/07/31 11:34:19    Failed Phase: deployment
2026/07/31 11:34:19    Error: hxc213 writer 2 iter 82
2026/07/31 11:34:19    Duration: 603.52945ms
2026/07/31 11:34:19    Servers Deployed: 0
2026/07/31 11:34:19 🔄 Triggering automatic rollback...
2026/07/31 11:34:19 🔄 Rollback requested for 0 deployed server(s) (reason: hxc213 writer 2 iter 82)
2026/07/31 11:34:19 ❌ Rollback NOT completed: rollback NOT completed: real SSH rollback transport not wired (0/0 servers reverted)
2026/07/31 11:34:19 📢 Notification: rollback_not_completed - rollback NOT completed: real SSH rollback transport not wired (0/0 servers reverted)
2026/07/31 11:34:19 📢 Notification: deployment_failed - Production deployment failed: hxc213 writer 2 iter 82
2026/07/31 11:34:19 
❌ PRODUCTION DEPLOYMENT FAILED
2026/07/31 11:34:19 📊 Failure Summary:
2026/07/31 11:34:19    Failed Phase: deployment
2026/07/31 11:34:19    Error: hxc213 writer 2 iter 83
2026/07/31 11:34:19    Duration: 603.619416ms
2026/07/31 11:34:19    Servers Deployed: 0
2026/07/31 11:34:19 🔄 Triggering automatic rollback...
2026/07/31 11:34:19 🔄 Rollback requested for 0 deployed server(s) (reason: hxc213 writer 2 iter 83)
2026/07/31 11:34:19 ❌ Rollback NOT completed: rollback NOT completed: real SSH rollback transport not wired (0/0 servers reverted)
2026/07/31 11:34:19 📢 Notification: rollback_not_completed - rollback NOT completed: real SSH rollback transport not wired (0/0 servers reverted)
2026/07/31 11:34:19 📢 Notification: deployment_failed - Production deployment failed: hxc213 writer 2 iter 83
2026/07/31 11:34:19 
❌ PRODUCTION DEPLOYMENT FAILED
2026/07/31 11:34:19 📊 Failure Summary:
2026/07/31 11:34:19    Failed Phase: deployment
2026/07/31 11:34:19    Error: hxc213 writer 2 iter 84
2026/07/31 11:34:19    Duration: 603.701189ms
2026/07/31 11:34:19    Servers Deployed: 0
2026/07/31 11:34:19 🔄 Triggering automatic rollback...
2026/07/31 11:34:19 🔄 Rollback requested for 0 deployed server(s) (reason: hxc213 writer 2 iter 84)
2026/07/31 11:34:19 ❌ Rollback NOT completed: rollback NOT completed: real SSH rollback transport not wired (0/0 servers reverted)
2026/07/31 11:34:19 📢 Notification: rollback_not_completed - rollback NOT completed: real SSH rollback transport not wired (0/0 servers reverted)
2026/07/31 11:34:19 📢 Notification: deployment_failed - Production deployment failed: hxc213 writer 2 iter 84
2026/07/31 11:34:19 
❌ PRODUCTION DEPLOYMENT FAILED
2026/07/31 11:34:19 📊 Failure Summary:
2026/07/31 11:34:19    Failed Phase: deployment
2026/07/31 11:34:19    Error: hxc213 writer 2 iter 85
2026/07/31 11:34:19    Duration: 603.777254ms
2026/07/31 11:34:19    Servers Deployed: 0
2026/07/31 11:34:19 🔄 Triggering automatic rollback...
2026/07/31 11:34:19 🔄 Rollback requested for 0 deployed server(s) (reason: hxc213 writer 2 iter 85)
2026/07/31 11:34:19 ❌ Rollback NOT completed: rollback NOT completed: real SSH rollback transport not wired (0/0 servers reverted)
2026/07/31 11:34:19 📢 Notification: rollback_not_completed - rollback NOT completed: real SSH rollback transport not wired (0/0 servers reverted)
2026/07/31 11:34:19 📢 Notification: deployment_failed - Production deployment failed: hxc213 writer 2 iter 85
2026/07/31 11:34:19 
❌ PRODUCTION DEPLOYMENT FAILED
2026/07/31 11:34:19 📊 Failure Summary:
2026/07/31 11:34:19    Failed Phase: deployment
2026/07/31 11:34:19    Error: hxc213 writer 2 iter 86
2026/07/31 11:34:19    Duration: 603.876624ms
2026/07/31 11:34:19    Servers Deployed: 0
2026/07/31 11:34:19 🔄 Triggering automatic rollback...
2026/07/31 11:34:19 🔄 Rollback requested for 0 deployed server(s) (reason: hxc213 writer 2 iter 86)
2026/07/31 11:34:19 ❌ Rollback NOT completed: rollback NOT completed: real SSH rollback transport not wired (0/0 servers reverted)
2026/07/31 11:34:19 📢 Notification: rollback_not_completed - rollback NOT completed: real SSH rollback transport not wired (0/0 servers reverted)
2026/07/31 11:34:19 📢 Notification: deployment_failed - Production deployment failed: hxc213 writer 2 iter 86
2026/07/31 11:34:19 
❌ PRODUCTION DEPLOYMENT FAILED
2026/07/31 11:34:19 📊 Failure Summary:
2026/07/31 11:34:19    Failed Phase: deployment
2026/07/31 11:34:19    Error: hxc213 writer 2 iter 87
2026/07/31 11:34:19    Duration: 603.963305ms
2026/07/31 11:34:19    Servers Deployed: 0
2026/07/31 11:34:19 🔄 Triggering automatic rollback...
2026/07/31 11:34:19 🔄 Rollback requested for 0 deployed server(s) (reason: hxc213 writer 2 iter 87)
2026/07/31 11:34:19 ❌ Rollback NOT completed: rollback NOT completed: real SSH rollback transport not wired (0/0 servers reverted)
2026/07/31 11:34:19 📢 Notification: rollback_not_completed - rollback NOT completed: real SSH rollback transport not wired (0/0 servers reverted)
2026/07/31 11:34:19 📢 Notification: deployment_failed - Production deployment failed: hxc213 writer 2 iter 87
2026/07/31 11:34:19 
❌ PRODUCTION DEPLOYMENT FAILED
2026/07/31 11:34:19 📊 Failure Summary:
2026/07/31 11:34:19    Failed Phase: deployment
2026/07/31 11:34:19    Error: hxc213 writer 2 iter 88
2026/07/31 11:34:19    Duration: 604.048374ms
2026/07/31 11:34:19    Servers Deployed: 0
2026/07/31 11:34:19 🔄 Triggering automatic rollback...
2026/07/31 11:34:19 🔄 Rollback requested for 0 deployed server(s) (reason: hxc213 writer 2 iter 88)
2026/07/31 11:34:19 ❌ Rollback NOT completed: rollback NOT completed: real SSH rollback transport not wired (0/0 servers reverted)
2026/07/31 11:34:19 📢 Notification: rollback_not_completed - rollback NOT completed: real SSH rollback transport not wired (0/0 servers reverted)
2026/07/31 11:34:19 📢 Notification: deployment_failed - Production deployment failed: hxc213 writer 2 iter 88
2026/07/31 11:34:19 
❌ PRODUCTION DEPLOYMENT FAILED
2026/07/31 11:34:19 📊 Failure Summary:
2026/07/31 11:34:19    Failed Phase: deployment
2026/07/31 11:34:19    Error: hxc213 writer 2 iter 89
2026/07/31 11:34:19    Duration: 604.152041ms
2026/07/31 11:34:19    Servers Deployed: 0
2026/07/31 11:34:19 🔄 Triggering automatic rollback...
2026/07/31 11:34:19 🔄 Rollback requested for 0 deployed server(s) (reason: hxc213 writer 2 iter 89)
2026/07/31 11:34:19 ❌ Rollback NOT completed: rollback NOT completed: real SSH rollback transport not wired (0/0 servers reverted)
2026/07/31 11:34:19 📢 Notification: rollback_not_completed - rollback NOT completed: real SSH rollback transport not wired (0/0 servers reverted)
2026/07/31 11:34:19 📢 Notification: deployment_failed - Production deployment failed: hxc213 writer 2 iter 89
2026/07/31 11:34:19 
❌ PRODUCTION DEPLOYMENT FAILED
2026/07/31 11:34:19 📊 Failure Summary:
2026/07/31 11:34:19    Failed Phase: deployment
2026/07/31 11:34:19    Error: hxc213 writer 2 iter 90
2026/07/31 11:34:19    Duration: 604.223959ms
2026/07/31 11:34:19    Servers Deployed: 0
2026/07/31 11:34:19 🔄 Triggering automatic rollback...
2026/07/31 11:34:19 🔄 Rollback requested for 0 deployed server(s) (reason: hxc213 writer 2 iter 90)
2026/07/31 11:34:19 ❌ Rollback NOT completed: rollback NOT completed: real SSH rollback transport not wired (0/0 servers reverted)
2026/07/31 11:34:19 📢 Notification: rollback_not_completed - rollback NOT completed: real SSH rollback transport not wired (0/0 servers reverted)
2026/07/31 11:34:19 📢 Notification: deployment_failed - Production deployment failed: hxc213 writer 2 iter 90
2026/07/31 11:34:19 
❌ PRODUCTION DEPLOYMENT FAILED
2026/07/31 11:34:19 📊 Failure Summary:
2026/07/31 11:34:19    Failed Phase: deployment
2026/07/31 11:34:19    Error: hxc213 writer 2 iter 91
2026/07/31 11:34:19    Duration: 605.828615ms
2026/07/31 11:34:19    Servers Deployed: 0
2026/07/31 11:34:19 🔄 Triggering automatic rollback...
2026/07/31 11:34:19 🔄 Rollback requested for 0 deployed server(s) (reason: hxc213 writer 2 iter 91)
2026/07/31 11:34:19 ❌ Rollback NOT completed: rollback NOT completed: real SSH rollback transport not wired (0/0 servers reverted)
2026/07/31 11:34:19 📢 Notification: rollback_not_completed - rollback NOT completed: real SSH rollback transport not wired (0/0 servers reverted)
2026/07/31 11:34:19 📢 Notification: deployment_failed - Production deployment failed: hxc213 writer 2 iter 91
2026/07/31 11:34:19 
❌ PRODUCTION DEPLOYMENT FAILED
2026/07/31 11:34:19 📊 Failure Summary:
2026/07/31 11:34:19    Failed Phase: deployment
2026/07/31 11:34:19    Error: hxc213 writer 2 iter 92
2026/07/31 11:34:19    Duration: 605.900053ms
2026/07/31 11:34:19    Servers Deployed: 0
2026/07/31 11:34:19 🔄 Triggering automatic rollback...
2026/07/31 11:34:19 🔄 Rollback requested for 0 deployed server(s) (reason: hxc213 writer 2 iter 92)
2026/07/31 11:34:19 ❌ Rollback NOT completed: rollback NOT completed: real SSH rollback transport not wired (0/0 servers reverted)
2026/07/31 11:34:19 📢 Notification: rollback_not_completed - rollback NOT completed: real SSH rollback transport not wired (0/0 servers reverted)
2026/07/31 11:34:19 📢 Notification: deployment_failed - Production deployment failed: hxc213 writer 2 iter 92
2026/07/31 11:34:19 
❌ PRODUCTION DEPLOYMENT FAILED
2026/07/31 11:34:19 📊 Failure Summary:
2026/07/31 11:34:19    Failed Phase: deployment
2026/07/31 11:34:19    Error: hxc213 writer 2 iter 93
2026/07/31 11:34:19    Duration: 605.968617ms
2026/07/31 11:34:19    Servers Deployed: 0
2026/07/31 11:34:19 🔄 Triggering automatic rollback...
2026/07/31 11:34:19 🔄 Rollback requested for 0 deployed server(s) (reason: hxc213 writer 2 iter 93)
2026/07/31 11:34:19 ❌ Rollback NOT completed: rollback NOT completed: real SSH rollback transport not wired (0/0 servers reverted)
2026/07/31 11:34:19 📢 Notification: rollback_not_completed - rollback NOT completed: real SSH rollback transport not wired (0/0 servers reverted)
2026/07/31 11:34:19 📢 Notification: deployment_failed - Production deployment failed: hxc213 writer 2 iter 93
2026/07/31 11:34:19 
❌ PRODUCTION DEPLOYMENT FAILED
2026/07/31 11:34:19 📊 Failure Summary:
2026/07/31 11:34:19    Failed Phase: deployment
2026/07/31 11:34:19    Error: hxc213 writer 2 iter 94
2026/07/31 11:34:19    Duration: 606.025373ms
2026/07/31 11:34:19    Servers Deployed: 0
2026/07/31 11:34:19 🔄 Triggering automatic rollback...
2026/07/31 11:34:19 🔄 Rollback requested for 0 deployed server(s) (reason: hxc213 writer 2 iter 94)
2026/07/31 11:34:19 ❌ Rollback NOT completed: rollback NOT completed: real SSH rollback transport not wired (0/0 servers reverted)
2026/07/31 11:34:19 📢 Notification: rollback_not_completed - rollback NOT completed: real SSH rollback transport not wired (0/0 servers reverted)
2026/07/31 11:34:19 📢 Notification: deployment_failed - Production deployment failed: hxc213 writer 2 iter 94
2026/07/31 11:34:19 
❌ PRODUCTION DEPLOYMENT FAILED
2026/07/31 11:34:19 📊 Failure Summary:
2026/07/31 11:34:19    Failed Phase: deployment
2026/07/31 11:34:19    Error: hxc213 writer 2 iter 95
2026/07/31 11:34:19    Duration: 606.090351ms
2026/07/31 11:34:19    Servers Deployed: 0
2026/07/31 11:34:19 🔄 Triggering automatic rollback...
2026/07/31 11:34:19 🔄 Rollback requested for 0 deployed server(s) (reason: hxc213 writer 2 iter 95)
2026/07/31 11:34:19 ❌ Rollback NOT completed: rollback NOT completed: real SSH rollback transport not wired (0/0 servers reverted)
2026/07/31 11:34:19 📢 Notification: rollback_not_completed - rollback NOT completed: real SSH rollback transport not wired (0/0 servers reverted)
2026/07/31 11:34:19 📢 Notification: deployment_failed - Production deployment failed: hxc213 writer 2 iter 95
2026/07/31 11:34:19 
❌ PRODUCTION DEPLOYMENT FAILED
2026/07/31 11:34:19 📊 Failure Summary:
2026/07/31 11:34:19    Failed Phase: deployment
2026/07/31 11:34:19    Error: hxc213 writer 2 iter 96
2026/07/31 11:34:19    Duration: 606.153066ms
2026/07/31 11:34:19    Servers Deployed: 0
2026/07/31 11:34:19 🔄 Triggering automatic rollback...
2026/07/31 11:34:19 🔄 Rollback requested for 0 deployed server(s) (reason: hxc213 writer 2 iter 96)
2026/07/31 11:34:19 ❌ Rollback NOT completed: rollback NOT completed: real SSH rollback transport not wired (0/0 servers reverted)
2026/07/31 11:34:19 📢 Notification: rollback_not_completed - rollback NOT completed: real SSH rollback transport not wired (0/0 servers reverted)
2026/07/31 11:34:19 📢 Notification: deployment_failed - Production deployment failed: hxc213 writer 2 iter 96
2026/07/31 11:34:19 
❌ PRODUCTION DEPLOYMENT FAILED
2026/07/31 11:34:19 📊 Failure Summary:
2026/07/31 11:34:19    Failed Phase: deployment
2026/07/31 11:34:19    Error: hxc213 writer 2 iter 97
2026/07/31 11:34:19    Duration: 606.216361ms
2026/07/31 11:34:19    Servers Deployed: 0
2026/07/31 11:34:19 🔄 Triggering automatic rollback...
2026/07/31 11:34:19 🔄 Rollback requested for 0 deployed server(s) (reason: hxc213 writer 2 iter 97)
2026/07/31 11:34:19 ❌ Rollback NOT completed: rollback NOT completed: real SSH rollback transport not wired (0/0 servers reverted)
2026/07/31 11:34:19 📢 Notification: rollback_not_completed - rollback NOT completed: real SSH rollback transport not wired (0/0 servers reverted)
2026/07/31 11:34:19 📢 Notification: deployment_failed - Production deployment failed: hxc213 writer 2 iter 97
2026/07/31 11:34:19 
❌ PRODUCTION DEPLOYMENT FAILED
2026/07/31 11:34:19 📊 Failure Summary:
2026/07/31 11:34:19    Failed Phase: deployment
2026/07/31 11:34:19    Error: hxc213 writer 2 iter 98
2026/07/31 11:34:19    Duration: 606.277013ms
2026/07/31 11:34:19    Servers Deployed: 0
2026/07/31 11:34:19 🔄 Triggering automatic rollback...
2026/07/31 11:34:19 🔄 Rollback requested for 0 deployed server(s) (reason: hxc213 writer 2 iter 98)
2026/07/31 11:34:19 ❌ Rollback NOT completed: rollback NOT completed: real SSH rollback transport not wired (0/0 servers reverted)
2026/07/31 11:34:19 📢 Notification: rollback_not_completed - rollback NOT completed: real SSH rollback transport not wired (0/0 servers reverted)
2026/07/31 11:34:19 📢 Notification: deployment_failed - Production deployment failed: hxc213 writer 2 iter 98
2026/07/31 11:34:19 
❌ PRODUCTION DEPLOYMENT FAILED
2026/07/31 11:34:19 📊 Failure Summary:
2026/07/31 11:34:19    Failed Phase: deployment
2026/07/31 11:34:19    Error: hxc213 writer 2 iter 99
2026/07/31 11:34:19    Duration: 606.338967ms
2026/07/31 11:34:19    Servers Deployed: 0
2026/07/31 11:34:19 🔄 Triggering automatic rollback...
2026/07/31 11:34:19 🔄 Rollback requested for 0 deployed server(s) (reason: hxc213 writer 2 iter 99)
2026/07/31 11:34:19 ❌ Rollback NOT completed: rollback NOT completed: real SSH rollback transport not wired (0/0 servers reverted)
2026/07/31 11:34:19 📢 Notification: rollback_not_completed - rollback NOT completed: real SSH rollback transport not wired (0/0 servers reverted)
2026/07/31 11:34:19 📢 Notification: deployment_failed - Production deployment failed: hxc213 writer 2 iter 99
2026/07/31 11:34:19 
❌ PRODUCTION DEPLOYMENT FAILED
2026/07/31 11:34:19 📢 Notification: deployment_failed - Production deployment failed: hxc213 writer 1 iter 98
2026/07/31 11:34:19 🔄 Triggering automatic rollback...
2026/07/31 11:34:20 📊 Failure Summary:
2026/07/31 11:34:20 
❌ PRODUCTION DEPLOYMENT FAILED
2026/07/31 11:34:20 📊 Failure Summary:
2026/07/31 11:34:20    Failed Phase: deployment
2026/07/31 11:34:20    Error: hxc213 writer 1 iter 99
2026/07/31 11:34:20    Duration: 693.474662ms
2026/07/31 11:34:20    Servers Deployed: 0
2026/07/31 11:34:20 🔄 Triggering automatic rollback...
2026/07/31 11:34:20 🔄 Rollback requested for 0 deployed server(s) (reason: hxc213 writer 1 iter 99)
2026/07/31 11:34:20 ❌ Rollback NOT completed: rollback NOT completed: real SSH rollback transport not wired (0/0 servers reverted)
2026/07/31 11:34:20 📢 Notification: rollback_not_completed - rollback NOT completed: real SSH rollback transport not wired (0/0 servers reverted)
2026/07/31 11:34:20 📢 Notification: deployment_failed - Production deployment failed: hxc213 writer 1 iter 99
2026/07/31 11:34:20 
❌ PRODUCTION DEPLOYMENT FAILED
2026/07/31 11:34:20 📊 Failure Summary:
2026/07/31 11:34:20    Failed Phase: deployment
2026/07/31 11:34:20    Error: hxc213 writer 1 iter 100
2026/07/31 11:34:20    Duration: 693.866935ms
2026/07/31 11:34:20    Servers Deployed: 0
2026/07/31 11:34:20 🔄 Triggering automatic rollback...
2026/07/31 11:34:20 🔄 Rollback requested for 0 deployed server(s) (reason: hxc213 writer 1 iter 100)
2026/07/31 11:34:20 ❌ Rollback NOT completed: rollback NOT completed: real SSH rollback transport not wired (0/0 servers reverted)
2026/07/31 11:34:20 📢 Notification: rollback_not_completed - rollback NOT completed: real SSH rollback transport not wired (0/0 servers reverted)
2026/07/31 11:34:20 📢 Notification: deployment_failed - Production deployment failed: hxc213 writer 1 iter 100
2026/07/31 11:34:20 
❌ PRODUCTION DEPLOYMENT FAILED
2026/07/31 11:34:20 📊 Failure Summary:
2026/07/31 11:34:20    Failed Phase: deployment
2026/07/31 11:34:20    Error: hxc213 writer 1 iter 101
2026/07/31 11:34:20    Duration: 694.115611ms
2026/07/31 11:34:20    Servers Deployed: 0
2026/07/31 11:34:20 🔄 Triggering automatic rollback...
2026/07/31 11:34:20 🔄 Rollback requested for 0 deployed server(s) (reason: hxc213 writer 1 iter 101)
2026/07/31 11:34:20 ❌ Rollback NOT completed: rollback NOT completed: real SSH rollback transport not wired (0/0 servers reverted)
2026/07/31 11:34:20 📢 Notification: rollback_not_completed - rollback NOT completed: real SSH rollback transport not wired (0/0 servers reverted)
2026/07/31 11:34:20 📢 Notification: deployment_failed - Production deployment failed: hxc213 writer 1 iter 101
2026/07/31 11:34:20 
❌ PRODUCTION DEPLOYMENT FAILED
2026/07/31 11:34:20 📊 Failure Summary:
2026/07/31 11:34:20    Failed Phase: deployment
2026/07/31 11:34:20    Error: hxc213 writer 1 iter 102
2026/07/31 11:34:20    Duration: 694.326159ms
2026/07/31 11:34:20    Servers Deployed: 0
2026/07/31 11:34:20 🔄 Triggering automatic rollback...
2026/07/31 11:34:20 🔄 Rollback requested for 0 deployed server(s) (reason: hxc213 writer 1 iter 102)
2026/07/31 11:34:20 ❌ Rollback NOT completed: rollback NOT completed: real SSH rollback transport not wired (0/0 servers reverted)
2026/07/31 11:34:20 📢 Notification: rollback_not_completed - rollback NOT completed: real SSH rollback transport not wired (0/0 servers reverted)
2026/07/31 11:34:20 📢 Notification: deployment_failed - Production deployment failed: hxc213 writer 1 iter 102
2026/07/31 11:34:20 
❌ PRODUCTION DEPLOYMENT FAILED
2026/07/31 11:34:20 📊 Failure Summary:
2026/07/31 11:34:20    Failed Phase: deployment
2026/07/31 11:34:20    Error: hxc213 writer 1 iter 103
2026/07/31 11:34:20    Duration: 694.477768ms
2026/07/31 11:34:20    Servers Deployed: 0
2026/07/31 11:34:20 🔄 Triggering automatic rollback...
2026/07/31 11:34:20 🔄 Rollback requested for 0 deployed server(s) (reason: hxc213 writer 1 iter 103)
2026/07/31 11:34:20 ❌ Rollback NOT completed: rollback NOT completed: real SSH rollback transport not wired (0/0 servers reverted)
2026/07/31 11:34:20 📢 Notification: rollback_not_completed - rollback NOT completed: real SSH rollback transport not wired (0/0 servers reverted)
2026/07/31 11:34:20 📢 Notification: deployment_failed - Production deployment failed: hxc213 writer 1 iter 103
2026/07/31 11:34:20 
❌ PRODUCTION DEPLOYMENT FAILED
2026/07/31 11:34:20 📊 Failure Summary:
2026/07/31 11:34:20    Failed Phase: deployment
2026/07/31 11:34:20    Error: hxc213 writer 1 iter 104
2026/07/31 11:34:20    Duration: 694.573182ms
2026/07/31 11:34:20    Servers Deployed: 0
2026/07/31 11:34:20 🔄 Triggering automatic rollback...
2026/07/31 11:34:20 🔄 Rollback requested for 0 deployed server(s) (reason: hxc213 writer 1 iter 104)
2026/07/31 11:34:20 ❌ Rollback NOT completed: rollback NOT completed: real SSH rollback transport not wired (0/0 servers reverted)
2026/07/31 11:34:20 📢 Notification: rollback_not_completed - rollback NOT completed: real SSH rollback transport not wired (0/0 servers reverted)
2026/07/31 11:34:20 📢 Notification: deployment_failed - Production deployment failed: hxc213 writer 1 iter 104
2026/07/31 11:34:20 
❌ PRODUCTION DEPLOYMENT FAILED
2026/07/31 11:34:20 📊 Failure Summary:
2026/07/31 11:34:20    Failed Phase: deployment
2026/07/31 11:34:20    Error: hxc213 writer 1 iter 105
2026/07/31 11:34:20    Duration: 694.65117ms
2026/07/31 11:34:20    Servers Deployed: 0
2026/07/31 11:34:20 🔄 Triggering automatic rollback...
2026/07/31 11:34:20 🔄 Rollback requested for 0 deployed server(s) (reason: hxc213 writer 1 iter 105)
2026/07/31 11:34:20 ❌ Rollback NOT completed: rollback NOT completed: real SSH rollback transport not wired (0/0 servers reverted)
2026/07/31 11:34:20 📢 Notification: rollback_not_completed - rollback NOT completed: real SSH rollback transport not wired (0/0 servers reverted)
2026/07/31 11:34:20 📢 Notification: deployment_failed - Production deployment failed: hxc213 writer 1 iter 105
2026/07/31 11:34:20 
❌ PRODUCTION DEPLOYMENT FAILED
2026/07/31 11:34:20 📊 Failure Summary:
2026/07/31 11:34:20    Failed Phase: deployment
2026/07/31 11:34:20    Error: hxc213 writer 1 iter 106
2026/07/31 11:34:20    Duration: 694.730721ms
2026/07/31 11:34:20    Servers Deployed: 0
2026/07/31 11:34:20 🔄 Triggering automatic rollback...
2026/07/31 11:34:20 🔄 Rollback requested for 0 deployed server(s) (reason: hxc213 writer 1 iter 106)
2026/07/31 11:34:20 ❌ Rollback NOT completed: rollback NOT completed: real SSH rollback transport not wired (0/0 servers reverted)
2026/07/31 11:34:20 📢 Notification: rollback_not_completed - rollback NOT completed: real SSH rollback transport not wired (0/0 servers reverted)
2026/07/31 11:34:20 📢 Notification: deployment_failed - Production deployment failed: hxc213 writer 1 iter 106
2026/07/31 11:34:20 
❌ PRODUCTION DEPLOYMENT FAILED
2026/07/31 11:34:20 📊 Failure Summary:
2026/07/31 11:34:20    Failed Phase: deployment
2026/07/31 11:34:20    Error: hxc213 writer 1 iter 107
2026/07/31 11:34:20    Duration: 694.807026ms
2026/07/31 11:34:20    Servers Deployed: 0
2026/07/31 11:34:20 🔄 Triggering automatic rollback...
2026/07/31 11:34:20 🔄 Rollback requested for 0 deployed server(s) (reason: hxc213 writer 1 iter 107)
2026/07/31 11:34:20 ❌ Rollback NOT completed: rollback NOT completed: real SSH rollback transport not wired (0/0 servers reverted)
2026/07/31 11:34:20 📢 Notification: rollback_not_completed - rollback NOT completed: real SSH rollback transport not wired (0/0 servers reverted)
2026/07/31 11:34:20 📢 Notification: deployment_failed - Production deployment failed: hxc213 writer 1 iter 107
2026/07/31 11:34:20 
❌ PRODUCTION DEPLOYMENT FAILED
2026/07/31 11:34:20 📊 Failure Summary:
2026/07/31 11:34:20    Failed Phase: deployment
2026/07/31 11:34:20    Error: hxc213 writer 1 iter 108
2026/07/31 11:34:20    Duration: 694.885875ms
2026/07/31 11:34:20    Servers Deployed: 0
2026/07/31 11:34:20 🔄 Triggering automatic rollback...
2026/07/31 11:34:20 🔄 Rollback requested for 0 deployed server(s) (reason: hxc213 writer 1 iter 108)
2026/07/31 11:34:20 ❌ Rollback NOT completed: rollback NOT completed: real SSH rollback transport not wired (0/0 servers reverted)
2026/07/31 11:34:20 📢 Notification: rollback_not_completed - rollback NOT completed: real SSH rollback transport not wired (0/0 servers reverted)
2026/07/31 11:34:20 📢 Notification: deployment_failed - Production deployment failed: hxc213 writer 1 iter 108
2026/07/31 11:34:20 
❌ PRODUCTION DEPLOYMENT FAILED
2026/07/31 11:34:20 📊 Failure Summary:
2026/07/31 11:34:20    Failed Phase: deployment
2026/07/31 11:34:20    Error: hxc213 writer 1 iter 109
2026/07/31 11:34:20    Duration: 695.023263ms
2026/07/31 11:34:20    Servers Deployed: 0
2026/07/31 11:34:20 🔄 Triggering automatic rollback...
2026/07/31 11:34:20 🔄 Rollback requested for 0 deployed server(s) (reason: hxc213 writer 1 iter 109)
2026/07/31 11:34:20 ❌ Rollback NOT completed: rollback NOT completed: real SSH rollback transport not wired (0/0 servers reverted)
2026/07/31 11:34:20 📢 Notification: rollback_not_completed - rollback NOT completed: real SSH rollback transport not wired (0/0 servers reverted)
2026/07/31 11:34:20 📢 Notification: deployment_failed - Production deployment failed: hxc213 writer 1 iter 109
2026/07/31 11:34:20 
❌ PRODUCTION DEPLOYMENT FAILED
2026/07/31 11:34:20 📊 Failure Summary:
2026/07/31 11:34:20    Failed Phase: deployment
2026/07/31 11:34:20    Error: hxc213 writer 1 iter 110
2026/07/31 11:34:20    Duration: 695.106679ms
2026/07/31 11:34:20    Servers Deployed: 0
2026/07/31 11:34:20 🔄 Triggering automatic rollback...
2026/07/31 11:34:20 🔄 Rollback requested for 0 deployed server(s) (reason: hxc213 writer 1 iter 110)
2026/07/31 11:34:20 ❌ Rollback NOT completed: rollback NOT completed: real SSH rollback transport not wired (0/0 servers reverted)
2026/07/31 11:34:20 📢 Notification: rollback_not_completed - rollback NOT completed: real SSH rollback transport not wired (0/0 servers reverted)
2026/07/31 11:34:20 📢 Notification: deployment_failed - Production deployment failed: hxc213 writer 1 iter 110
2026/07/31 11:34:20 
❌ PRODUCTION DEPLOYMENT FAILED
2026/07/31 11:34:20 📊 Failure Summary:
2026/07/31 11:34:20    Failed Phase: deployment
2026/07/31 11:34:20    Error: hxc213 writer 1 iter 111
2026/07/31 11:34:20    Duration: 695.179649ms
2026/07/31 11:34:20    Servers Deployed: 0
2026/07/31 11:34:20 🔄 Triggering automatic rollback...
2026/07/31 11:34:20 🔄 Rollback requested for 0 deployed server(s) (reason: hxc213 writer 1 iter 111)
2026/07/31 11:34:20 ❌ Rollback NOT completed: rollback NOT completed: real SSH rollback transport not wired (0/0 servers reverted)
2026/07/31 11:34:20 📢 Notification: rollback_not_completed - rollback NOT completed: real SSH rollback transport not wired (0/0 servers reverted)
2026/07/31 11:34:20 📢 Notification: deployment_failed - Production deployment failed: hxc213 writer 1 iter 111
2026/07/31 11:34:20 
❌ PRODUCTION DEPLOYMENT FAILED
2026/07/31 11:34:20 📊 Failure Summary:
2026/07/31 11:34:20    Failed Phase: deployment
2026/07/31 11:34:20    Error: hxc213 writer 1 iter 112
2026/07/31 11:34:20    Duration: 695.262525ms
2026/07/31 11:34:20    Servers Deployed: 0
2026/07/31 11:34:20 🔄 Triggering automatic rollback...
2026/07/31 11:34:20 🔄 Rollback requested for 0 deployed server(s) (reason: hxc213 writer 1 iter 112)
2026/07/31 11:34:20 ❌ Rollback NOT completed: rollback NOT completed: real SSH rollback transport not wired (0/0 servers reverted)
2026/07/31 11:34:20 📢 Notification: rollback_not_completed - rollback NOT completed: real SSH rollback transport not wired (0/0 servers reverted)
2026/07/31 11:34:20 📢 Notification: deployment_failed - Production deployment failed: hxc213 writer 1 iter 112
2026/07/31 11:34:20 
❌ PRODUCTION DEPLOYMENT FAILED
2026/07/31 11:34:20 📊 Failure Summary:
2026/07/31 11:34:20    Failed Phase: deployment
2026/07/31 11:34:20    Error: hxc213 writer 1 iter 113
2026/07/31 11:34:20    Duration: 695.343457ms
2026/07/31 11:34:20    Servers Deployed: 0
2026/07/31 11:34:20 🔄 Triggering automatic rollback...
2026/07/31 11:34:20 🔄 Rollback requested for 0 deployed server(s) (reason: hxc213 writer 1 iter 113)
2026/07/31 11:34:20 ❌ Rollback NOT completed: rollback NOT completed: real SSH rollback transport not wired (0/0 servers reverted)
2026/07/31 11:34:20 📢 Notification: rollback_not_completed - rollback NOT completed: real SSH rollback transport not wired (0/0 servers reverted)
2026/07/31 11:34:20 📢 Notification: deployment_failed - Production deployment failed: hxc213 writer 1 iter 113
2026/07/31 11:34:20 
❌ PRODUCTION DEPLOYMENT FAILED
2026/07/31 11:34:20 📊 Failure Summary:
2026/07/31 11:34:20    Failed Phase: deployment
2026/07/31 11:34:20    Error: hxc213 writer 1 iter 114
2026/07/31 11:34:20    Duration: 695.432562ms
2026/07/31 11:34:20    Servers Deployed: 0
2026/07/31 11:34:20 🔄 Triggering automatic rollback...
2026/07/31 11:34:20 🔄 Rollback requested for 0 deployed server(s) (reason: hxc213 writer 1 iter 114)
2026/07/31 11:34:20 ❌ Rollback NOT completed: rollback NOT completed: real SSH rollback transport not wired (0/0 servers reverted)
2026/07/31 11:34:20 📢 Notification: rollback_not_completed - rollback NOT completed: real SSH rollback transport not wired (0/0 servers reverted)
2026/07/31 11:34:20 📢 Notification: deployment_failed - Production deployment failed: hxc213 writer 1 iter 114
2026/07/31 11:34:20 
❌ PRODUCTION DEPLOYMENT FAILED
2026/07/31 11:34:20 📊 Failure Summary:
2026/07/31 11:34:20    Failed Phase: deployment
2026/07/31 11:34:20    Error: hxc213 writer 1 iter 115
2026/07/31 11:34:20    Duration: 695.512533ms
2026/07/31 11:34:20    Servers Deployed: 0
2026/07/31 11:34:20 🔄 Triggering automatic rollback...
2026/07/31 11:34:20 🔄 Rollback requested for 0 deployed server(s) (reason: hxc213 writer 1 iter 115)
2026/07/31 11:34:20 ❌ Rollback NOT completed: rollback NOT completed: real SSH rollback transport not wired (0/0 servers reverted)
2026/07/31 11:34:20 📢 Notification: rollback_not_completed - rollback NOT completed: real SSH rollback transport not wired (0/0 servers reverted)
2026/07/31 11:34:20 📢 Notification: deployment_failed - Production deployment failed: hxc213 writer 1 iter 115
2026/07/31 11:34:20 
❌ PRODUCTION DEPLOYMENT FAILED
2026/07/31 11:34:20 📊 Failure Summary:
2026/07/31 11:34:20    Failed Phase: deployment
2026/07/31 11:34:20    Error: hxc213 writer 1 iter 116
2026/07/31 11:34:20    Duration: 695.593966ms
2026/07/31 11:34:20    Servers Deployed: 0
2026/07/31 11:34:20 🔄 Triggering automatic rollback...
2026/07/31 11:34:20 🔄 Rollback requested for 0 deployed server(s) (reason: hxc213 writer 1 iter 116)
2026/07/31 11:34:20 ❌ Rollback NOT completed: rollback NOT completed: real SSH rollback transport not wired (0/0 servers reverted)
2026/07/31 11:34:20 📢 Notification: rollback_not_completed - rollback NOT completed: real SSH rollback transport not wired (0/0 servers reverted)
2026/07/31 11:34:20 📢 Notification: deployment_failed - Production deployment failed: hxc213 writer 1 iter 116
2026/07/31 11:34:20 
❌ PRODUCTION DEPLOYMENT FAILED
2026/07/31 11:34:20 📊 Failure Summary:
2026/07/31 11:34:20    Failed Phase: deployment
2026/07/31 11:34:20    Error: hxc213 writer 1 iter 117
2026/07/31 11:34:20    Duration: 695.674448ms
2026/07/31 11:34:20    Servers Deployed: 0
2026/07/31 11:34:20 🔄 Triggering automatic rollback...
2026/07/31 11:34:20 🔄 Rollback requested for 0 deployed server(s) (reason: hxc213 writer 1 iter 117)
2026/07/31 11:34:20 ❌ Rollback NOT completed: rollback NOT completed: real SSH rollback transport not wired (0/0 servers reverted)
2026/07/31 11:34:20 📢 Notification: rollback_not_completed - rollback NOT completed: real SSH rollback transport not wired (0/0 servers reverted)
2026/07/31 11:34:20 📢 Notification: deployment_failed - Production deployment failed: hxc213 writer 1 iter 117
2026/07/31 11:34:20 
❌ PRODUCTION DEPLOYMENT FAILED
2026/07/31 11:34:20 📊 Failure Summary:
2026/07/31 11:34:20    Failed Phase: deployment
2026/07/31 11:34:20    Error: hxc213 writer 1 iter 118
2026/07/31 11:34:20    Duration: 695.743862ms
2026/07/31 11:34:20    Servers Deployed: 0
2026/07/31 11:34:20 🔄 Triggering automatic rollback...
2026/07/31 11:34:20 🔄 Rollback requested for 0 deployed server(s) (reason: hxc213 writer 1 iter 118)
2026/07/31 11:34:20 ❌ Rollback NOT completed: rollback NOT completed: real SSH rollback transport not wired (0/0 servers reverted)
2026/07/31 11:34:20 📢 Notification: rollback_not_completed - rollback NOT completed: real SSH rollback transport not wired (0/0 servers reverted)
2026/07/31 11:34:20 📢 Notification: deployment_failed - Production deployment failed: hxc213 writer 1 iter 118
2026/07/31 11:34:20 
❌ PRODUCTION DEPLOYMENT FAILED
2026/07/31 11:34:20 📊 Failure Summary:
2026/07/31 11:34:20    Failed Phase: deployment
2026/07/31 11:34:20    Error: hxc213 writer 1 iter 119
2026/07/31 11:34:20    Duration: 699.543096ms
2026/07/31 11:34:20    Servers Deployed: 0
2026/07/31 11:34:20 🔄 Triggering automatic rollback...
2026/07/31 11:34:20 🔄 Rollback requested for 0 deployed server(s) (reason: hxc213 writer 1 iter 119)
2026/07/31 11:34:20 ❌ Rollback NOT completed: rollback NOT completed: real SSH rollback transport not wired (0/0 servers reverted)
2026/07/31 11:34:20 📢 Notification: rollback_not_completed - rollback NOT completed: real SSH rollback transport not wired (0/0 servers reverted)
2026/07/31 11:34:20 📢 Notification: deployment_failed - Production deployment failed: hxc213 writer 1 iter 119
2026/07/31 11:34:20 
❌ PRODUCTION DEPLOYMENT FAILED
2026/07/31 11:34:20 📊 Failure Summary:
2026/07/31 11:34:20    Failed Phase: deployment
2026/07/31 11:34:20    Error: hxc213 writer 1 iter 120
2026/07/31 11:34:20    Duration: 699.633332ms
2026/07/31 11:34:20    Servers Deployed: 0
2026/07/31 11:34:20 🔄 Triggering automatic rollback...
2026/07/31 11:34:20 🔄 Rollback requested for 0 deployed server(s) (reason: hxc213 writer 1 iter 120)
2026/07/31 11:34:20 ❌ Rollback NOT completed: rollback NOT completed: real SSH rollback transport not wired (0/0 servers reverted)
2026/07/31 11:34:20 📢 Notification: rollback_not_completed - rollback NOT completed: real SSH rollback transport not wired (0/0 servers reverted)
2026/07/31 11:34:20 📢 Notification: deployment_failed - Production deployment failed: hxc213 writer 1 iter 120
2026/07/31 11:34:20 
❌ PRODUCTION DEPLOYMENT FAILED
2026/07/31 11:34:20 📊 Failure Summary:
2026/07/31 11:34:20    Failed Phase: deployment
2026/07/31 11:34:20    Error: hxc213 writer 1 iter 121
2026/07/31 11:34:20    Duration: 699.713924ms
2026/07/31 11:34:20    Servers Deployed: 0
2026/07/31 11:34:20 🔄 Triggering automatic rollback...
2026/07/31 11:34:20 🔄 Rollback requested for 0 deployed server(s) (reason: hxc213 writer 1 iter 121)
2026/07/31 11:34:20 ❌ Rollback NOT completed: rollback NOT completed: real SSH rollback transport not wired (0/0 servers reverted)
2026/07/31 11:34:20 📢 Notification: rollback_not_completed - rollback NOT completed: real SSH rollback transport not wired (0/0 servers reverted)
2026/07/31 11:34:20 📢 Notification: deployment_failed - Production deployment failed: hxc213 writer 1 iter 121
2026/07/31 11:34:20 
❌ PRODUCTION DEPLOYMENT FAILED
2026/07/31 11:34:20 📊 Failure Summary:
2026/07/31 11:34:20    Failed Phase: deployment
2026/07/31 11:34:20    Error: hxc213 writer 1 iter 122
2026/07/31 11:34:20    Duration: 699.812934ms
2026/07/31 11:34:20    Servers Deployed: 0
2026/07/31 11:34:20 🔄 Triggering automatic rollback...
2026/07/31 11:34:20 🔄 Rollback requested for 0 deployed server(s) (reason: hxc213 writer 1 iter 122)
2026/07/31 11:34:20 ❌ Rollback NOT completed: rollback NOT completed: real SSH rollback transport not wired (0/0 servers reverted)
2026/07/31 11:34:20 📢 Notification: rollback_not_completed - rollback NOT completed: real SSH rollback transport not wired (0/0 servers reverted)
2026/07/31 11:34:20 📢 Notification: deployment_failed - Production deployment failed: hxc213 writer 1 iter 122
2026/07/31 11:34:20 
❌ PRODUCTION DEPLOYMENT FAILED
2026/07/31 11:34:20 📊 Failure Summary:
2026/07/31 11:34:20    Failed Phase: deployment
2026/07/31 11:34:20    Error: hxc213 writer 1 iter 123
2026/07/31 11:34:20    Duration: 699.89007ms
2026/07/31 11:34:20    Servers Deployed: 0
2026/07/31 11:34:20 🔄 Triggering automatic rollback...
2026/07/31 11:34:20 🔄 Rollback requested for 0 deployed server(s) (reason: hxc213 writer 1 iter 123)
2026/07/31 11:34:20 ❌ Rollback NOT completed: rollback NOT completed: real SSH rollback transport not wired (0/0 servers reverted)
2026/07/31 11:34:20 📢 Notification: rollback_not_completed - rollback NOT completed: real SSH rollback transport not wired (0/0 servers reverted)
2026/07/31 11:34:20 📢 Notification: deployment_failed - Production deployment failed: hxc213 writer 1 iter 123
2026/07/31 11:34:20 
❌ PRODUCTION DEPLOYMENT FAILED
2026/07/31 11:34:20 📊 Failure Summary:
2026/07/31 11:34:20    Failed Phase: deployment
2026/07/31 11:34:20    Error: hxc213 writer 1 iter 124
2026/07/31 11:34:20    Duration: 699.96291ms
2026/07/31 11:34:20    Servers Deployed: 0
2026/07/31 11:34:20 🔄 Triggering automatic rollback...
2026/07/31 11:34:20 🔄 Rollback requested for 0 deployed server(s) (reason: hxc213 writer 1 iter 124)
2026/07/31 11:34:20 ❌ Rollback NOT completed: rollback NOT completed: real SSH rollback transport not wired (0/0 servers reverted)
2026/07/31 11:34:20 📢 Notification: rollback_not_completed - rollback NOT completed: real SSH rollback transport not wired (0/0 servers reverted)
2026/07/31 11:34:20 📢 Notification: deployment_failed - Production deployment failed: hxc213 writer 1 iter 124
2026/07/31 11:34:20 
❌ PRODUCTION DEPLOYMENT FAILED
2026/07/31 11:34:20 📊 Failure Summary:
2026/07/31 11:34:20    Failed Phase: deployment
2026/07/31 11:34:20    Error: hxc213 writer 1 iter 125
2026/07/31 11:34:20    Duration: 700.063152ms
2026/07/31 11:34:20    Servers Deployed: 0
2026/07/31 11:34:20 🔄 Triggering automatic rollback...
2026/07/31 11:34:20 🔄 Rollback requested for 0 deployed server(s) (reason: hxc213 writer 1 iter 125)
2026/07/31 11:34:20 ❌ Rollback NOT completed: rollback NOT completed: real SSH rollback transport not wired (0/0 servers reverted)
2026/07/31 11:34:20 📢 Notification: rollback_not_completed - rollback NOT completed: real SSH rollback transport not wired (0/0 servers reverted)
2026/07/31 11:34:20 📢 Notification: deployment_failed - Production deployment failed: hxc213 writer 1 iter 125
2026/07/31 11:34:20 
❌ PRODUCTION DEPLOYMENT FAILED
2026/07/31 11:34:20 📊 Failure Summary:
2026/07/31 11:34:20    Failed Phase: deployment
2026/07/31 11:34:20    Error: hxc213 writer 1 iter 126
2026/07/31 11:34:20    Duration: 700.145797ms
2026/07/31 11:34:20    Servers Deployed: 0
2026/07/31 11:34:20 🔄 Triggering automatic rollback...
2026/07/31 11:34:20 🔄 Rollback requested for 0 deployed server(s) (reason: hxc213 writer 1 iter 126)
2026/07/31 11:34:20 ❌ Rollback NOT completed: rollback NOT completed: real SSH rollback transport not wired (0/0 servers reverted)
2026/07/31 11:34:20 📢 Notification: rollback_not_completed - rollback NOT completed: real SSH rollback transport not wired (0/0 servers reverted)
2026/07/31 11:34:20 📢 Notification: deployment_failed - Production deployment failed: hxc213 writer 1 iter 126
2026/07/31 11:34:20 
❌ PRODUCTION DEPLOYMENT FAILED
2026/07/31 11:34:20 📊 Failure Summary:
2026/07/31 11:34:20    Failed Phase: deployment
2026/07/31 11:34:20    Error: hxc213 writer 1 iter 127
2026/07/31 11:34:20    Duration: 700.213068ms
2026/07/31 11:34:20    Servers Deployed: 0
2026/07/31 11:34:20 🔄 Triggering automatic rollback...
2026/07/31 11:34:20 🔄 Rollback requested for 0 deployed server(s) (reason: hxc213 writer 1 iter 127)
2026/07/31 11:34:20 ❌ Rollback NOT completed: rollback NOT completed: real SSH rollback transport not wired (0/0 servers reverted)
2026/07/31 11:34:20 📢 Notification: rollback_not_completed - rollback NOT completed: real SSH rollback transport not wired (0/0 servers reverted)
2026/07/31 11:34:20    Failed Phase: deployment
2026/07/31 11:34:20 🔄 Rollback requested for 0 deployed server(s) (reason: hxc213 writer 0 iter 63)
2026/07/31 11:34:20 📢 Notification: deployment_failed - Production deployment failed: hxc213 writer 1 iter 127
2026/07/31 11:34:20 
❌ PRODUCTION DEPLOYMENT FAILED
2026/07/31 11:34:20 📊 Failure Summary:
2026/07/31 11:34:20    Failed Phase: deployment
2026/07/31 11:34:20    Error: hxc213 writer 1 iter 128
2026/07/31 11:34:20    Duration: 700.556508ms
2026/07/31 11:34:20    Servers Deployed: 0
2026/07/31 11:34:20 🔄 Triggering automatic rollback...
2026/07/31 11:34:20 🔄 Rollback requested for 0 deployed server(s) (reason: hxc213 writer 1 iter 128)
2026/07/31 11:34:20 ❌ Rollback NOT completed: rollback NOT completed: real SSH rollback transport not wired (0/0 servers reverted)
2026/07/31 11:34:20 📢 Notification: rollback_not_completed - rollback NOT completed: real SSH rollback transport not wired (0/0 servers reverted)
2026/07/31 11:34:20 📢 Notification: deployment_failed - Production deployment failed: hxc213 writer 1 iter 128
2026/07/31 11:34:20 
❌ PRODUCTION DEPLOYMENT FAILED
2026/07/31 11:34:20 📊 Failure Summary:
2026/07/31 11:34:20    Failed Phase: deployment
2026/07/31 11:34:20    Error: hxc213 writer 1 iter 129
2026/07/31 11:34:20    Duration: 700.642958ms
2026/07/31 11:34:20    Servers Deployed: 0
2026/07/31 11:34:20 🔄 Triggering automatic rollback...
2026/07/31 11:34:20 🔄 Rollback requested for 0 deployed server(s) (reason: hxc213 writer 1 iter 129)
2026/07/31 11:34:20 ❌ Rollback NOT completed: rollback NOT completed: real SSH rollback transport not wired (0/0 servers reverted)
2026/07/31 11:34:20 📢 Notification: rollback_not_completed - rollback NOT completed: real SSH rollback transport not wired (0/0 servers reverted)
2026/07/31 11:34:20 📢 Notification: deployment_failed - Production deployment failed: hxc213 writer 1 iter 129
2026/07/31 11:34:20 
❌ PRODUCTION DEPLOYMENT FAILED
2026/07/31 11:34:20 📊 Failure Summary:
2026/07/31 11:34:20    Failed Phase: deployment
2026/07/31 11:34:20    Error: hxc213 writer 1 iter 130
2026/07/31 11:34:20    Duration: 700.725483ms
2026/07/31 11:34:20    Servers Deployed: 0
2026/07/31 11:34:20 🔄 Triggering automatic rollback...
2026/07/31 11:34:20 🔄 Rollback requested for 0 deployed server(s) (reason: hxc213 writer 1 iter 130)
2026/07/31 11:34:20 ❌ Rollback NOT completed: rollback NOT completed: real SSH rollback transport not wired (0/0 servers reverted)
2026/07/31 11:34:20 📢 Notification: rollback_not_completed - rollback NOT completed: real SSH rollback transport not wired (0/0 servers reverted)
2026/07/31 11:34:20 📢 Notification: deployment_failed - Production deployment failed: hxc213 writer 1 iter 130
2026/07/31 11:34:20 
❌ PRODUCTION DEPLOYMENT FAILED
2026/07/31 11:34:20 📊 Failure Summary:
2026/07/31 11:34:20    Failed Phase: deployment
2026/07/31 11:34:20    Error: hxc213 writer 1 iter 131
2026/07/31 11:34:20    Duration: 700.797312ms
2026/07/31 11:34:20    Servers Deployed: 0
2026/07/31 11:34:20 🔄 Triggering automatic rollback...
2026/07/31 11:34:20 🔄 Rollback requested for 0 deployed server(s) (reason: hxc213 writer 1 iter 131)
2026/07/31 11:34:20 ❌ Rollback NOT completed: rollback NOT completed: real SSH rollback transport not wired (0/0 servers reverted)
2026/07/31 11:34:20 📢 Notification: rollback_not_completed - rollback NOT completed: real SSH rollback transport not wired (0/0 servers reverted)
2026/07/31 11:34:20 📢 Notification: deployment_failed - Production deployment failed: hxc213 writer 1 iter 131
2026/07/31 11:34:20 
❌ PRODUCTION DEPLOYMENT FAILED
2026/07/31 11:34:20 📊 Failure Summary:
2026/07/31 11:34:20    Failed Phase: deployment
2026/07/31 11:34:20    Error: hxc213 writer 1 iter 132
2026/07/31 11:34:20    Duration: 700.874118ms
2026/07/31 11:34:20    Servers Deployed: 0
2026/07/31 11:34:20 🔄 Triggering automatic rollback...
2026/07/31 11:34:20 🔄 Rollback requested for 0 deployed server(s) (reason: hxc213 writer 1 iter 132)
2026/07/31 11:34:20 ❌ Rollback NOT completed: rollback NOT completed: real SSH rollback transport not wired (0/0 servers reverted)
2026/07/31 11:34:20 📢 Notification: rollback_not_completed - rollback NOT completed: real SSH rollback transport not wired (0/0 servers reverted)
2026/07/31 11:34:20 📢 Notification: deployment_failed - Production deployment failed: hxc213 writer 1 iter 132
2026/07/31 11:34:20 
❌ PRODUCTION DEPLOYMENT FAILED
2026/07/31 11:34:20 📊 Failure Summary:
2026/07/31 11:34:20    Failed Phase: deployment
2026/07/31 11:34:20    Error: hxc213 writer 1 iter 133
2026/07/31 11:34:20    Duration: 700.962201ms
2026/07/31 11:34:20    Servers Deployed: 0
2026/07/31 11:34:20 🔄 Triggering automatic rollback...
2026/07/31 11:34:20 🔄 Rollback requested for 0 deployed server(s) (reason: hxc213 writer 1 iter 133)
2026/07/31 11:34:20 ❌ Rollback NOT completed: rollback NOT completed: real SSH rollback transport not wired (0/0 servers reverted)
2026/07/31 11:34:20 📢 Notification: rollback_not_completed - rollback NOT completed: real SSH rollback transport not wired (0/0 servers reverted)
2026/07/31 11:34:20 📢 Notification: deployment_failed - Production deployment failed: hxc213 writer 1 iter 133
2026/07/31 11:34:20 
❌ PRODUCTION DEPLOYMENT FAILED
2026/07/31 11:34:20 📊 Failure Summary:
2026/07/31 11:34:20    Failed Phase: deployment
2026/07/31 11:34:20    Error: hxc213 writer 1 iter 134
2026/07/31 11:34:20    Duration: 701.064956ms
2026/07/31 11:34:20    Servers Deployed: 0
2026/07/31 11:34:20 🔄 Triggering automatic rollback...
2026/07/31 11:34:20 🔄 Rollback requested for 0 deployed server(s) (reason: hxc213 writer 1 iter 134)
2026/07/31 11:34:20 ❌ Rollback NOT completed: rollback NOT completed: real SSH rollback transport not wired (0/0 servers reverted)
2026/07/31 11:34:20 📢 Notification: rollback_not_completed - rollback NOT completed: real SSH rollback transport not wired (0/0 servers reverted)
2026/07/31 11:34:20 📢 Notification: deployment_failed - Production deployment failed: hxc213 writer 1 iter 134
2026/07/31 11:34:20 
❌ PRODUCTION DEPLOYMENT FAILED
2026/07/31 11:34:20 📊 Failure Summary:
2026/07/31 11:34:20    Failed Phase: deployment
2026/07/31 11:34:20    Error: hxc213 writer 1 iter 135
2026/07/31 11:34:20    Duration: 701.15327ms
2026/07/31 11:34:20    Servers Deployed: 0
2026/07/31 11:34:20 🔄 Triggering automatic rollback...
2026/07/31 11:34:20 🔄 Rollback requested for 0 deployed server(s) (reason: hxc213 writer 1 iter 135)
2026/07/31 11:34:20 ❌ Rollback NOT completed: rollback NOT completed: real SSH rollback transport not wired (0/0 servers reverted)
2026/07/31 11:34:20 📢 Notification: rollback_not_completed - rollback NOT completed: real SSH rollback transport not wired (0/0 servers reverted)
2026/07/31 11:34:20 📢 Notification: deployment_failed - Production deployment failed: hxc213 writer 1 iter 135
2026/07/31 11:34:20 
❌ PRODUCTION DEPLOYMENT FAILED
2026/07/31 11:34:20 📊 Failure Summary:
2026/07/31 11:34:20    Failed Phase: deployment
2026/07/31 11:34:20    Error: hxc213 writer 1 iter 136
2026/07/31 11:34:20    Duration: 701.234763ms
2026/07/31 11:34:20    Servers Deployed: 0
2026/07/31 11:34:20 🔄 Triggering automatic rollback...
2026/07/31 11:34:20 🔄 Rollback requested for 0 deployed server(s) (reason: hxc213 writer 1 iter 136)
2026/07/31 11:34:20 ❌ Rollback NOT completed: rollback NOT completed: real SSH rollback transport not wired (0/0 servers reverted)
2026/07/31 11:34:20 📢 Notification: rollback_not_completed - rollback NOT completed: real SSH rollback transport not wired (0/0 servers reverted)
2026/07/31 11:34:20 📢 Notification: deployment_failed - Production deployment failed: hxc213 writer 1 iter 136
2026/07/31 11:34:20 
❌ PRODUCTION DEPLOYMENT FAILED
2026/07/31 11:34:20 📊 Failure Summary:
2026/07/31 11:34:20    Failed Phase: deployment
2026/07/31 11:34:20    Error: hxc213 writer 1 iter 137
2026/07/31 11:34:20    Duration: 701.317318ms
2026/07/31 11:34:20    Servers Deployed: 0
2026/07/31 11:34:20 🔄 Triggering automatic rollback...
2026/07/31 11:34:20 🔄 Rollback requested for 0 deployed server(s) (reason: hxc213 writer 1 iter 137)
2026/07/31 11:34:20 ❌ Rollback NOT completed: rollback NOT completed: real SSH rollback transport not wired (0/0 servers reverted)
2026/07/31 11:34:20 📢 Notification: rollback_not_completed - rollback NOT completed: real SSH rollback transport not wired (0/0 servers reverted)
2026/07/31 11:34:20 📢 Notification: deployment_failed - Production deployment failed: hxc213 writer 1 iter 137
2026/07/31 11:34:20 
❌ PRODUCTION DEPLOYMENT FAILED
2026/07/31 11:34:20 📊 Failure Summary:
2026/07/31 11:34:20    Failed Phase: deployment
2026/07/31 11:34:20    Error: hxc213 writer 1 iter 138
2026/07/31 11:34:20    Duration: 701.599564ms
2026/07/31 11:34:20    Servers Deployed: 0
2026/07/31 11:34:20 ❌ Rollback NOT completed: rollback NOT completed: real SSH rollback transport not wired (0/0 servers reverted)
2026/07/31 11:34:20 📢 Notification: rollback_not_completed - rollback NOT completed: real SSH rollback transport not wired (0/0 servers reverted)
2026/07/31 11:34:20 📢 Notification: deployment_failed - Production deployment failed: hxc213 writer 0 iter 63
2026/07/31 11:34:20 
❌ PRODUCTION DEPLOYMENT FAILED
2026/07/31 11:34:20 📊 Failure Summary:
2026/07/31 11:34:20    Failed Phase: deployment
2026/07/31 11:34:20    Error: hxc213 writer 0 iter 64
2026/07/31 11:34:20    Duration: 701.687347ms
2026/07/31 11:34:20    Servers Deployed: 0
2026/07/31 11:34:20 🔄 Triggering automatic rollback...
2026/07/31 11:34:20 🔄 Rollback requested for 0 deployed server(s) (reason: hxc213 writer 0 iter 64)
2026/07/31 11:34:20 ❌ Rollback NOT completed: rollback NOT completed: real SSH rollback transport not wired (0/0 servers reverted)
2026/07/31 11:34:20 📢 Notification: rollback_not_completed - rollback NOT completed: real SSH rollback transport not wired (0/0 servers reverted)
2026/07/31 11:34:20 📢 Notification: deployment_failed - Production deployment failed: hxc213 writer 0 iter 64
2026/07/31 11:34:20 
❌ PRODUCTION DEPLOYMENT FAILED
2026/07/31 11:34:20 📊 Failure Summary:
2026/07/31 11:34:20    Failed Phase: deployment
2026/07/31 11:34:20    Error: hxc213 writer 0 iter 65
2026/07/31 11:34:20    Duration: 701.772035ms
2026/07/31 11:34:20    Servers Deployed: 0
2026/07/31 11:34:20 🔄 Triggering automatic rollback...
2026/07/31 11:34:20 🔄 Rollback requested for 0 deployed server(s) (reason: hxc213 writer 0 iter 65)
2026/07/31 11:34:20 ❌ Rollback NOT completed: rollback NOT completed: real SSH rollback transport not wired (0/0 servers reverted)
2026/07/31 11:34:20 📢 Notification: rollback_not_completed - rollback NOT completed: real SSH rollback transport not wired (0/0 servers reverted)
2026/07/31 11:34:20 📢 Notification: deployment_failed - Production deployment failed: hxc213 writer 0 iter 65
2026/07/31 11:34:20 
❌ PRODUCTION DEPLOYMENT FAILED
2026/07/31 11:34:20 📊 Failure Summary:
2026/07/31 11:34:20    Failed Phase: deployment
2026/07/31 11:34:20    Error: hxc213 writer 0 iter 66
2026/07/31 11:34:20    Duration: 701.84835ms
2026/07/31 11:34:20    Servers Deployed: 0
2026/07/31 11:34:20 🔄 Triggering automatic rollback...
2026/07/31 11:34:20 🔄 Rollback requested for 0 deployed server(s) (reason: hxc213 writer 0 iter 66)
2026/07/31 11:34:20 ❌ Rollback NOT completed: rollback NOT completed: real SSH rollback transport not wired (0/0 servers reverted)
2026/07/31 11:34:20 📢 Notification: rollback_not_completed - rollback NOT completed: real SSH rollback transport not wired (0/0 servers reverted)
2026/07/31 11:34:20 📢 Notification: deployment_failed - Production deployment failed: hxc213 writer 0 iter 66
2026/07/31 11:34:20 
❌ PRODUCTION DEPLOYMENT FAILED
2026/07/31 11:34:20 📊 Failure Summary:
2026/07/31 11:34:20    Failed Phase: deployment
2026/07/31 11:34:20    Error: hxc213 writer 0 iter 67
2026/07/31 11:34:20    Duration: 701.924255ms
2026/07/31 11:34:20    Servers Deployed: 0
2026/07/31 11:34:20 🔄 Triggering automatic rollback...
2026/07/31 11:34:20 🔄 Rollback requested for 0 deployed server(s) (reason: hxc213 writer 0 iter 67)
2026/07/31 11:34:20 ❌ Rollback NOT completed: rollback NOT completed: real SSH rollback transport not wired (0/0 servers reverted)
2026/07/31 11:34:20 📢 Notification: rollback_not_completed - rollback NOT completed: real SSH rollback transport not wired (0/0 servers reverted)
2026/07/31 11:34:20 📢 Notification: deployment_failed - Production deployment failed: hxc213 writer 0 iter 67
2026/07/31 11:34:20 
❌ PRODUCTION DEPLOYMENT FAILED
2026/07/31 11:34:20 📊 Failure Summary:
2026/07/31 11:34:20    Failed Phase: deployment
2026/07/31 11:34:20    Error: hxc213 writer 0 iter 68
2026/07/31 11:34:20    Duration: 702.032759ms
2026/07/31 11:34:20    Servers Deployed: 0
2026/07/31 11:34:20 🔄 Triggering automatic rollback...
2026/07/31 11:34:20 🔄 Rollback requested for 0 deployed server(s) (reason: hxc213 writer 0 iter 68)
2026/07/31 11:34:20 ❌ Rollback NOT completed: rollback NOT completed: real SSH rollback transport not wired (0/0 servers reverted)
2026/07/31 11:34:20 📢 Notification: rollback_not_completed - rollback NOT completed: real SSH rollback transport not wired (0/0 servers reverted)
2026/07/31 11:34:20 📢 Notification: deployment_failed - Production deployment failed: hxc213 writer 0 iter 68
2026/07/31 11:34:20 
❌ PRODUCTION DEPLOYMENT FAILED
2026/07/31 11:34:20 📊 Failure Summary:
2026/07/31 11:34:20    Failed Phase: deployment
2026/07/31 11:34:20    Error: hxc213 writer 0 iter 69
2026/07/31 11:34:20    Duration: 702.104107ms
2026/07/31 11:34:20    Servers Deployed: 0
2026/07/31 11:34:20 🔄 Triggering automatic rollback...
2026/07/31 11:34:20 🔄 Rollback requested for 0 deployed server(s) (reason: hxc213 writer 0 iter 69)
2026/07/31 11:34:20 ❌ Rollback NOT completed: rollback NOT completed: real SSH rollback transport not wired (0/0 servers reverted)
2026/07/31 11:34:20 📢 Notification: rollback_not_completed - rollback NOT completed: real SSH rollback transport not wired (0/0 servers reverted)
2026/07/31 11:34:20 📢 Notification: deployment_failed - Production deployment failed: hxc213 writer 0 iter 69
2026/07/31 11:34:20 
❌ PRODUCTION DEPLOYMENT FAILED
2026/07/31 11:34:20 📊 Failure Summary:
2026/07/31 11:34:20    Failed Phase: deployment
2026/07/31 11:34:20    Error: hxc213 writer 0 iter 70
2026/07/31 11:34:20    Duration: 702.199641ms
2026/07/31 11:34:20    Servers Deployed: 0
2026/07/31 11:34:20 🔄 Triggering automatic rollback...
2026/07/31 11:34:20 🔄 Rollback requested for 0 deployed server(s) (reason: hxc213 writer 0 iter 70)
2026/07/31 11:34:20 ❌ Rollback NOT completed: rollback NOT completed: real SSH rollback transport not wired (0/0 servers reverted)
2026/07/31 11:34:20 📢 Notification: rollback_not_completed - rollback NOT completed: real SSH rollback transport not wired (0/0 servers reverted)
2026/07/31 11:34:20 📢 Notification: deployment_failed - Production deployment failed: hxc213 writer 0 iter 70
2026/07/31 11:34:20 
❌ PRODUCTION DEPLOYMENT FAILED
2026/07/31 11:34:20 📊 Failure Summary:
2026/07/31 11:34:20    Failed Phase: deployment
2026/07/31 11:34:20    Error: hxc213 writer 0 iter 71
2026/07/31 11:34:20    Duration: 702.278961ms
2026/07/31 11:34:20    Servers Deployed: 0
2026/07/31 11:34:20 🔄 Triggering automatic rollback...
2026/07/31 11:34:20 🔄 Rollback requested for 0 deployed server(s) (reason: hxc213 writer 0 iter 71)
2026/07/31 11:34:20 ❌ Rollback NOT completed: rollback NOT completed: real SSH rollback transport not wired (0/0 servers reverted)
2026/07/31 11:34:20 📢 Notification: rollback_not_completed - rollback NOT completed: real SSH rollback transport not wired (0/0 servers reverted)
2026/07/31 11:34:20 📢 Notification: deployment_failed - Production deployment failed: hxc213 writer 0 iter 71
2026/07/31 11:34:20 
❌ PRODUCTION DEPLOYMENT FAILED
2026/07/31 11:34:20 📊 Failure Summary:
2026/07/31 11:34:20    Failed Phase: deployment
2026/07/31 11:34:20    Error: hxc213 writer 0 iter 72
2026/07/31 11:34:20    Duration: 702.375828ms
2026/07/31 11:34:20    Servers Deployed: 0
2026/07/31 11:34:20 🔄 Triggering automatic rollback...
2026/07/31 11:34:20 🔄 Rollback requested for 0 deployed server(s) (reason: hxc213 writer 0 iter 72)
2026/07/31 11:34:20 ❌ Rollback NOT completed: rollback NOT completed: real SSH rollback transport not wired (0/0 servers reverted)
2026/07/31 11:34:20 📢 Notification: rollback_not_completed - rollback NOT completed: real SSH rollback transport not wired (0/0 servers reverted)
2026/07/31 11:34:20    Error: hxc213 writer 2 iter 100
2026/07/31 11:34:20 🔄 Triggering automatic rollback...
2026/07/31 11:34:20 🔄 Rollback requested for 0 deployed server(s) (reason: hxc213 writer 1 iter 138)
2026/07/31 11:34:20 ❌ Rollback NOT completed: rollback NOT completed: real SSH rollback transport not wired (0/0 servers reverted)
2026/07/31 11:34:20 📢 Notification: rollback_not_completed - rollback NOT completed: real SSH rollback transport not wired (0/0 servers reverted)
2026/07/31 11:34:20 📢 Notification: deployment_failed - Production deployment failed: hxc213 writer 1 iter 138
2026/07/31 11:34:20 
❌ PRODUCTION DEPLOYMENT FAILED
2026/07/31 11:34:20 📊 Failure Summary:
2026/07/31 11:34:20    Failed Phase: deployment
2026/07/31 11:34:20    Error: hxc213 writer 1 iter 139
2026/07/31 11:34:20    Duration: 702.576972ms
2026/07/31 11:34:20    Servers Deployed: 0
2026/07/31 11:34:20 🔄 Triggering automatic rollback...
2026/07/31 11:34:20 🔄 Rollback requested for 0 deployed server(s) (reason: hxc213 writer 1 iter 139)
2026/07/31 11:34:20 ❌ Rollback NOT completed: rollback NOT completed: real SSH rollback transport not wired (0/0 servers reverted)
2026/07/31 11:34:20 📢 Notification: rollback_not_completed - rollback NOT completed: real SSH rollback transport not wired (0/0 servers reverted)
2026/07/31 11:34:20 📢 Notification: deployment_failed - Production deployment failed: hxc213 writer 1 iter 139
2026/07/31 11:34:20 
❌ PRODUCTION DEPLOYMENT FAILED
2026/07/31 11:34:20 📊 Failure Summary:
2026/07/31 11:34:20    Failed Phase: deployment
2026/07/31 11:34:20    Error: hxc213 writer 1 iter 140
2026/07/31 11:34:20    Duration: 702.71446ms
2026/07/31 11:34:20    Servers Deployed: 0
2026/07/31 11:34:20 🔄 Triggering automatic rollback...
2026/07/31 11:34:20 🔄 Rollback requested for 0 deployed server(s) (reason: hxc213 writer 1 iter 140)
2026/07/31 11:34:20 ❌ Rollback NOT completed: rollback NOT completed: real SSH rollback transport not wired (0/0 servers reverted)
2026/07/31 11:34:20 📢 Notification: rollback_not_completed - rollback NOT completed: real SSH rollback transport not wired (0/0 servers reverted)
2026/07/31 11:34:20 📢 Notification: deployment_failed - Production deployment failed: hxc213 writer 1 iter 140
2026/07/31 11:34:20 
❌ PRODUCTION DEPLOYMENT FAILED
2026/07/31 11:34:20 📊 Failure Summary:
2026/07/31 11:34:20    Failed Phase: deployment
2026/07/31 11:34:20    Error: hxc213 writer 1 iter 141
2026/07/31 11:34:20    Duration: 702.836975ms
2026/07/31 11:34:20    Servers Deployed: 0
2026/07/31 11:34:20 🔄 Triggering automatic rollback...
2026/07/31 11:34:20 🔄 Rollback requested for 0 deployed server(s) (reason: hxc213 writer 1 iter 141)
2026/07/31 11:34:20 ❌ Rollback NOT completed: rollback NOT completed: real SSH rollback transport not wired (0/0 servers reverted)
2026/07/31 11:34:20 📢 Notification: rollback_not_completed - rollback NOT completed: real SSH rollback transport not wired (0/0 servers reverted)
2026/07/31 11:34:20 📢 Notification: deployment_failed - Production deployment failed: hxc213 writer 1 iter 141
2026/07/31 11:34:20 
❌ PRODUCTION DEPLOYMENT FAILED
2026/07/31 11:34:20 📊 Failure Summary:
2026/07/31 11:34:20    Failed Phase: deployment
2026/07/31 11:34:20    Error: hxc213 writer 1 iter 142
2026/07/31 11:34:20    Duration: 702.924267ms
2026/07/31 11:34:20    Servers Deployed: 0
2026/07/31 11:34:20 🔄 Triggering automatic rollback...
2026/07/31 11:34:20 🔄 Rollback requested for 0 deployed server(s) (reason: hxc213 writer 1 iter 142)
2026/07/31 11:34:20 ❌ Rollback NOT completed: rollback NOT completed: real SSH rollback transport not wired (0/0 servers reverted)
2026/07/31 11:34:20 📢 Notification: rollback_not_completed - rollback NOT completed: real SSH rollback transport not wired (0/0 servers reverted)
2026/07/31 11:34:20 📢 Notification: deployment_failed - Production deployment failed: hxc213 writer 1 iter 142
2026/07/31 11:34:20 
❌ PRODUCTION DEPLOYMENT FAILED
2026/07/31 11:34:20 📊 Failure Summary:
2026/07/31 11:34:20    Failed Phase: deployment
2026/07/31 11:34:20    Error: hxc213 writer 1 iter 143
2026/07/31 11:34:20    Duration: 703.101555ms
2026/07/31 11:34:20    Servers Deployed: 0
2026/07/31 11:34:20 🔄 Triggering automatic rollback...
2026/07/31 11:34:20 🔄 Rollback requested for 0 deployed server(s) (reason: hxc213 writer 1 iter 143)
2026/07/31 11:34:20 ❌ Rollback NOT completed: rollback NOT completed: real SSH rollback transport not wired (0/0 servers reverted)
2026/07/31 11:34:20 📢 Notification: rollback_not_completed - rollback NOT completed: real SSH rollback transport not wired (0/0 servers reverted)
2026/07/31 11:34:20 📢 Notification: deployment_failed - Production deployment failed: hxc213 writer 1 iter 143
2026/07/31 11:34:20 
❌ PRODUCTION DEPLOYMENT FAILED
2026/07/31 11:34:20 📊 Failure Summary:
2026/07/31 11:34:20    Failed Phase: deployment
2026/07/31 11:34:20    Error: hxc213 writer 1 iter 144
2026/07/31 11:34:20    Duration: 703.180294ms
2026/07/31 11:34:20    Servers Deployed: 0
2026/07/31 11:34:20 🔄 Triggering automatic rollback...
2026/07/31 11:34:20 🔄 Rollback requested for 0 deployed server(s) (reason: hxc213 writer 1 iter 144)
2026/07/31 11:34:20 ❌ Rollback NOT completed: rollback NOT completed: real SSH rollback transport not wired (0/0 servers reverted)
2026/07/31 11:34:20 📢 Notification: rollback_not_completed - rollback NOT completed: real SSH rollback transport not wired (0/0 servers reverted)
2026/07/31 11:34:20 📢 Notification: deployment_failed - Production deployment failed: hxc213 writer 1 iter 144
2026/07/31 11:34:20 
❌ PRODUCTION DEPLOYMENT FAILED
2026/07/31 11:34:20 📊 Failure Summary:
2026/07/31 11:34:20    Failed Phase: deployment
2026/07/31 11:34:20    Error: hxc213 writer 1 iter 145
2026/07/31 11:34:20    Duration: 703.251612ms
2026/07/31 11:34:20    Servers Deployed: 0
2026/07/31 11:34:20 🔄 Triggering automatic rollback...
2026/07/31 11:34:20 🔄 Rollback requested for 0 deployed server(s) (reason: hxc213 writer 1 iter 145)
2026/07/31 11:34:20 ❌ Rollback NOT completed: rollback NOT completed: real SSH rollback transport not wired (0/0 servers reverted)
2026/07/31 11:34:20 📢 Notification: rollback_not_completed - rollback NOT completed: real SSH rollback transport not wired (0/0 servers reverted)
2026/07/31 11:34:20 📢 Notification: deployment_failed - Production deployment failed: hxc213 writer 1 iter 145
2026/07/31 11:34:20 
❌ PRODUCTION DEPLOYMENT FAILED
2026/07/31 11:34:20 📊 Failure Summary:
2026/07/31 11:34:20    Failed Phase: deployment
2026/07/31 11:34:20    Error: hxc213 writer 1 iter 146
2026/07/31 11:34:20    Duration: 703.340045ms
2026/07/31 11:34:20    Servers Deployed: 0
2026/07/31 11:34:20 🔄 Triggering automatic rollback...
2026/07/31 11:34:20 🔄 Rollback requested for 0 deployed server(s) (reason: hxc213 writer 1 iter 146)
2026/07/31 11:34:20 ❌ Rollback NOT completed: rollback NOT completed: real SSH rollback transport not wired (0/0 servers reverted)
2026/07/31 11:34:20 📢 Notification: rollback_not_completed - rollback NOT completed: real SSH rollback transport not wired (0/0 servers reverted)
2026/07/31 11:34:20 📢 Notification: deployment_failed - Production deployment failed: hxc213 writer 1 iter 146
2026/07/31 11:34:20 
❌ PRODUCTION DEPLOYMENT FAILED
2026/07/31 11:34:20 📊 Failure Summary:
2026/07/31 11:34:20    Failed Phase: deployment
2026/07/31 11:34:20    Error: hxc213 writer 1 iter 147
2026/07/31 11:34:20    Duration: 703.422079ms
2026/07/31 11:34:20    Servers Deployed: 0
2026/07/31 11:34:20 🔄 Triggering automatic rollback...
2026/07/31 11:34:20 🔄 Rollback requested for 0 deployed server(s) (reason: hxc213 writer 1 iter 147)
2026/07/31 11:34:20 ❌ Rollback NOT completed: rollback NOT completed: real SSH rollback transport not wired (0/0 servers reverted)
2026/07/31 11:34:20 📢 Notification: rollback_not_completed - rollback NOT completed: real SSH rollback transport not wired (0/0 servers reverted)
2026/07/31 11:34:20 📢 Notification: deployment_failed - Production deployment failed: hxc213 writer 1 iter 147
2026/07/31 11:34:20 
❌ PRODUCTION DEPLOYMENT FAILED
2026/07/31 11:34:20 📊 Failure Summary:
2026/07/31 11:34:20    Failed Phase: deployment
2026/07/31 11:34:20    Error: hxc213 writer 1 iter 148
2026/07/31 11:34:20    Duration: 703.513588ms
2026/07/31 11:34:20    Servers Deployed: 0
2026/07/31 11:34:20 🔄 Triggering automatic rollback...
2026/07/31 11:34:20 🔄 Rollback requested for 0 deployed server(s) (reason: hxc213 writer 1 iter 148)
2026/07/31 11:34:20 ❌ Rollback NOT completed: rollback NOT completed: real SSH rollback transport not wired (0/0 servers reverted)
2026/07/31 11:34:20 📢 Notification: rollback_not_completed - rollback NOT completed: real SSH rollback transport not wired (0/0 servers reverted)
2026/07/31 11:34:20 📢 Notification: deployment_failed - Production deployment failed: hxc213 writer 1 iter 148
2026/07/31 11:34:20 
❌ PRODUCTION DEPLOYMENT FAILED
2026/07/31 11:34:20 📊 Failure Summary:
2026/07/31 11:34:20    Failed Phase: deployment
2026/07/31 11:34:20    Error: hxc213 writer 1 iter 149
2026/07/31 11:34:20    Duration: 703.608601ms
2026/07/31 11:34:20    Servers Deployed: 0
2026/07/31 11:34:20 🔄 Triggering automatic rollback...
2026/07/31 11:34:20 🔄 Rollback requested for 0 deployed server(s) (reason: hxc213 writer 1 iter 149)
2026/07/31 11:34:20 ❌ Rollback NOT completed: rollback NOT completed: real SSH rollback transport not wired (0/0 servers reverted)
2026/07/31 11:34:20 📢 Notification: rollback_not_completed - rollback NOT completed: real SSH rollback transport not wired (0/0 servers reverted)
2026/07/31 11:34:20 📢 Notification: deployment_failed - Production deployment failed: hxc213 writer 0 iter 72
2026/07/31 11:34:20    Duration: 703.608601ms
2026/07/31 11:34:20    Servers Deployed: 0
2026/07/31 11:34:20 🔄 Triggering automatic rollback...
2026/07/31 11:34:20 🔄 Rollback requested for 0 deployed server(s) (reason: hxc213 writer 2 iter 100)
2026/07/31 11:34:20 ❌ Rollback NOT completed: rollback NOT completed: real SSH rollback transport not wired (0/0 servers reverted)
2026/07/31 11:34:20 📢 Notification: rollback_not_completed - rollback NOT completed: real SSH rollback transport not wired (0/0 servers reverted)
2026/07/31 11:34:20 📢 Notification: deployment_failed - Production deployment failed: hxc213 writer 2 iter 100
2026/07/31 11:34:20 
❌ PRODUCTION DEPLOYMENT FAILED
2026/07/31 11:34:20 📊 Failure Summary:
2026/07/31 11:34:20    Failed Phase: deployment
2026/07/31 11:34:20    Error: hxc213 writer 2 iter 101
2026/07/31 11:34:20    Duration: 704.529334ms
2026/07/31 11:34:20    Servers Deployed: 0
2026/07/31 11:34:20 🔄 Triggering automatic rollback...
2026/07/31 11:34:20 🔄 Rollback requested for 0 deployed server(s) (reason: hxc213 writer 2 iter 101)
2026/07/31 11:34:20 ❌ Rollback NOT completed: rollback NOT completed: real SSH rollback transport not wired (0/0 servers reverted)
2026/07/31 11:34:20 📢 Notification: rollback_not_completed - rollback NOT completed: real SSH rollback transport not wired (0/0 servers reverted)
2026/07/31 11:34:20 📢 Notification: deployment_failed - Production deployment failed: hxc213 writer 2 iter 101
2026/07/31 11:34:20 
❌ PRODUCTION DEPLOYMENT FAILED
2026/07/31 11:34:20 📊 Failure Summary:
2026/07/31 11:34:20    Failed Phase: deployment
2026/07/31 11:34:20    Error: hxc213 writer 2 iter 102
2026/07/31 11:34:20    Duration: 704.601833ms
2026/07/31 11:34:20    Servers Deployed: 0
2026/07/31 11:34:20 🔄 Triggering automatic rollback...
2026/07/31 11:34:20 🔄 Rollback requested for 0 deployed server(s) (reason: hxc213 writer 2 iter 102)
2026/07/31 11:34:20 ❌ Rollback NOT completed: rollback NOT completed: real SSH rollback transport not wired (0/0 servers reverted)
2026/07/31 11:34:20 📢 Notification: rollback_not_completed - rollback NOT completed: real SSH rollback transport not wired (0/0 servers reverted)
2026/07/31 11:34:20 📢 Notification: deployment_failed - Production deployment failed: hxc213 writer 2 iter 102
2026/07/31 11:34:20 
❌ PRODUCTION DEPLOYMENT FAILED
2026/07/31 11:34:20 📊 Failure Summary:
2026/07/31 11:34:20    Failed Phase: deployment
2026/07/31 11:34:20    Error: hxc213 writer 2 iter 103
2026/07/31 11:34:20    Duration: 704.664458ms
2026/07/31 11:34:20    Servers Deployed: 0
2026/07/31 11:34:20 🔄 Triggering automatic rollback...
2026/07/31 11:34:20 🔄 Rollback requested for 0 deployed server(s) (reason: hxc213 writer 2 iter 103)
2026/07/31 11:34:20 ❌ Rollback NOT completed: rollback NOT completed: real SSH rollback transport not wired (0/0 servers reverted)
2026/07/31 11:34:20 📢 Notification: rollback_not_completed - rollback NOT completed: real SSH rollback transport not wired (0/0 servers reverted)
2026/07/31 11:34:20 📢 Notification: deployment_failed - Production deployment failed: hxc213 writer 2 iter 103
2026/07/31 11:34:20 
❌ PRODUCTION DEPLOYMENT FAILED
2026/07/31 11:34:20 📊 Failure Summary:
2026/07/31 11:34:20    Failed Phase: deployment
2026/07/31 11:34:20    Error: hxc213 writer 2 iter 104
2026/07/31 11:34:20    Duration: 704.725721ms
2026/07/31 11:34:20    Servers Deployed: 0
2026/07/31 11:34:20 🔄 Triggering automatic rollback...
2026/07/31 11:34:20 🔄 Rollback requested for 0 deployed server(s) (reason: hxc213 writer 2 iter 104)
2026/07/31 11:34:20 ❌ Rollback NOT completed: rollback NOT completed: real SSH rollback transport not wired (0/0 servers reverted)
2026/07/31 11:34:20 📢 Notification: rollback_not_completed - rollback NOT completed: real SSH rollback transport not wired (0/0 servers reverted)
2026/07/31 11:34:20 📢 Notification: deployment_failed - Production deployment failed: hxc213 writer 2 iter 104
2026/07/31 11:34:20 
❌ PRODUCTION DEPLOYMENT FAILED
2026/07/31 11:34:20 📊 Failure Summary:
2026/07/31 11:34:20    Failed Phase: deployment
2026/07/31 11:34:20    Error: hxc213 writer 2 iter 105
2026/07/31 11:34:20    Duration: 704.781194ms
2026/07/31 11:34:20    Servers Deployed: 0
2026/07/31 11:34:20 🔄 Triggering automatic rollback...
2026/07/31 11:34:20 🔄 Rollback requested for 0 deployed server(s) (reason: hxc213 writer 2 iter 105)
2026/07/31 11:34:20 ❌ Rollback NOT completed: rollback NOT completed: real SSH rollback transport not wired (0/0 servers reverted)
2026/07/31 11:34:20 📢 Notification: rollback_not_completed - rollback NOT completed: real SSH rollback transport not wired (0/0 servers reverted)
2026/07/31 11:34:20 📢 Notification: deployment_failed - Production deployment failed: hxc213 writer 2 iter 105
2026/07/31 11:34:20 
❌ PRODUCTION DEPLOYMENT FAILED
2026/07/31 11:34:20 📊 Failure Summary:
2026/07/31 11:34:20    Failed Phase: deployment
2026/07/31 11:34:20    Error: hxc213 writer 2 iter 106
2026/07/31 11:34:20    Duration: 704.839843ms
2026/07/31 11:34:20    Servers Deployed: 0
2026/07/31 11:34:20 🔄 Triggering automatic rollback...
2026/07/31 11:34:20 🔄 Rollback requested for 0 deployed server(s) (reason: hxc213 writer 2 iter 106)
2026/07/31 11:34:20 ❌ Rollback NOT completed: rollback NOT completed: real SSH rollback transport not wired (0/0 servers reverted)
2026/07/31 11:34:20 📢 Notification: rollback_not_completed - rollback NOT completed: real SSH rollback transport not wired (0/0 servers reverted)
2026/07/31 11:34:20 📢 Notification: deployment_failed - Production deployment failed: hxc213 writer 2 iter 106
2026/07/31 11:34:20 
❌ PRODUCTION DEPLOYMENT FAILED
2026/07/31 11:34:20 📊 Failure Summary:
2026/07/31 11:34:20    Failed Phase: deployment
2026/07/31 11:34:20    Error: hxc213 writer 2 iter 107
2026/07/31 11:34:20    Duration: 704.901837ms
2026/07/31 11:34:20    Servers Deployed: 0
2026/07/31 11:34:20 🔄 Triggering automatic rollback...
2026/07/31 11:34:20 🔄 Rollback requested for 0 deployed server(s) (reason: hxc213 writer 2 iter 107)
2026/07/31 11:34:20 ❌ Rollback NOT completed: rollback NOT completed: real SSH rollback transport not wired (0/0 servers reverted)
2026/07/31 11:34:20 📢 Notification: rollback_not_completed - rollback NOT completed: real SSH rollback transport not wired (0/0 servers reverted)
2026/07/31 11:34:20 📢 Notification: deployment_failed - Production deployment failed: hxc213 writer 2 iter 107
2026/07/31 11:34:20 
❌ PRODUCTION DEPLOYMENT FAILED
2026/07/31 11:34:20 📊 Failure Summary:
2026/07/31 11:34:20    Failed Phase: deployment
2026/07/31 11:34:20    Error: hxc213 writer 2 iter 108
2026/07/31 11:34:20    Duration: 704.96334ms
2026/07/31 11:34:20    Servers Deployed: 0
2026/07/31 11:34:20 🔄 Triggering automatic rollback...
2026/07/31 11:34:20 🔄 Rollback requested for 0 deployed server(s) (reason: hxc213 writer 2 iter 108)
2026/07/31 11:34:20 ❌ Rollback NOT completed: rollback NOT completed: real SSH rollback transport not wired (0/0 servers reverted)
2026/07/31 11:34:20 📢 Notification: rollback_not_completed - rollback NOT completed: real SSH rollback transport not wired (0/0 servers reverted)
2026/07/31 11:34:20 📢 Notification: deployment_failed - Production deployment failed: hxc213 writer 2 iter 108
2026/07/31 11:34:20 
❌ PRODUCTION DEPLOYMENT FAILED
2026/07/31 11:34:20 📊 Failure Summary:
2026/07/31 11:34:20    Failed Phase: deployment
2026/07/31 11:34:20    Error: hxc213 writer 2 iter 109
2026/07/31 11:34:20    Duration: 705.018944ms
2026/07/31 11:34:20    Servers Deployed: 0
2026/07/31 11:34:20 🔄 Triggering automatic rollback...
2026/07/31 11:34:20 🔄 Rollback requested for 0 deployed server(s) (reason: hxc213 writer 2 iter 109)
2026/07/31 11:34:20 ❌ Rollback NOT completed: rollback NOT completed: real SSH rollback transport not wired (0/0 servers reverted)
2026/07/31 11:34:20 📢 Notification: rollback_not_completed - rollback NOT completed: real SSH rollback transport not wired (0/0 servers reverted)
2026/07/31 11:34:20 📢 Notification: deployment_failed - Production deployment failed: hxc213 writer 2 iter 109
2026/07/31 11:34:20 
❌ PRODUCTION DEPLOYMENT FAILED
2026/07/31 11:34:20 📊 Failure Summary:
2026/07/31 11:34:20    Failed Phase: deployment
2026/07/31 11:34:20    Error: hxc213 writer 2 iter 110
2026/07/31 11:34:20    Duration: 705.72408ms
2026/07/31 11:34:20    Servers Deployed: 0
2026/07/31 11:34:20 🔄 Triggering automatic rollback...
2026/07/31 11:34:20 🔄 Rollback requested for 0 deployed server(s) (reason: hxc213 writer 2 iter 110)
2026/07/31 11:34:20 ❌ Rollback NOT completed: rollback NOT completed: real SSH rollback transport not wired (0/0 servers reverted)
2026/07/31 11:34:20 📢 Notification: rollback_not_completed - rollback NOT completed: real SSH rollback transport not wired (0/0 servers reverted)
2026/07/31 11:34:20 📢 Notification: deployment_failed - Production deployment failed: hxc213 writer 2 iter 110
2026/07/31 11:34:20 
❌ PRODUCTION DEPLOYMENT FAILED
2026/07/31 11:34:20 📊 Failure Summary:
2026/07/31 11:34:20    Failed Phase: deployment
2026/07/31 11:34:20    Error: hxc213 writer 2 iter 111
2026/07/31 11:34:20    Duration: 705.925494ms
2026/07/31 11:34:20    Servers Deployed: 0
2026/07/31 11:34:20 🔄 Triggering automatic rollback...
2026/07/31 11:34:20 🔄 Rollback requested for 0 deployed server(s) (reason: hxc213 writer 2 iter 111)
2026/07/31 11:34:20 ❌ Rollback NOT completed: rollback NOT completed: real SSH rollback transport not wired (0/0 servers reverted)
2026/07/31 11:34:20 📢 Notification: rollback_not_completed - rollback NOT completed: real SSH rollback transport not wired (0/0 servers reverted)
2026/07/31 11:34:20 📢 Notification: deployment_failed - Production deployment failed: hxc213 writer 2 iter 111
2026/07/31 11:34:20 
❌ PRODUCTION DEPLOYMENT FAILED
2026/07/31 11:34:20 📊 Failure Summary:
2026/07/31 11:34:20    Failed Phase: deployment
2026/07/31 11:34:20    Error: hxc213 writer 2 iter 112
2026/07/31 11:34:20    Duration: 705.989561ms
2026/07/31 11:34:20    Servers Deployed: 0
2026/07/31 11:34:20 🔄 Triggering automatic rollback...
2026/07/31 11:34:20 🔄 Rollback requested for 0 deployed server(s) (reason: hxc213 writer 2 iter 112)
2026/07/31 11:34:20 ❌ Rollback NOT completed: rollback NOT completed: real SSH rollback transport not wired (0/0 servers reverted)
2026/07/31 11:34:20 📢 Notification: rollback_not_completed - rollback NOT completed: real SSH rollback transport not wired (0/0 servers reverted)
2026/07/31 11:34:20 📢 Notification: deployment_failed - Production deployment failed: hxc213 writer 2 iter 112
2026/07/31 11:34:20 
❌ PRODUCTION DEPLOYMENT FAILED
2026/07/31 11:34:20 📊 Failure Summary:
2026/07/31 11:34:20    Failed Phase: deployment
2026/07/31 11:34:20    Error: hxc213 writer 2 iter 113
2026/07/31 11:34:20    Duration: 706.051695ms
2026/07/31 11:34:20    Servers Deployed: 0
2026/07/31 11:34:20 🔄 Triggering automatic rollback...
2026/07/31 11:34:20 🔄 Rollback requested for 0 deployed server(s) (reason: hxc213 writer 2 iter 113)
2026/07/31 11:34:20 ❌ Rollback NOT completed: rollback NOT completed: real SSH rollback transport not wired (0/0 servers reverted)
2026/07/31 11:34:20 📢 Notification: rollback_not_completed - rollback NOT completed: real SSH rollback transport not wired (0/0 servers reverted)
2026/07/31 11:34:20 📢 Notification: deployment_failed - Production deployment failed: hxc213 writer 2 iter 113
2026/07/31 11:34:20 
❌ PRODUCTION DEPLOYMENT FAILED
2026/07/31 11:34:20 📊 Failure Summary:
2026/07/31 11:34:20    Failed Phase: deployment
2026/07/31 11:34:20    Error: hxc213 writer 2 iter 114
2026/07/31 11:34:20    Duration: 706.113498ms
2026/07/31 11:34:20    Servers Deployed: 0
2026/07/31 11:34:20 🔄 Triggering automatic rollback...
2026/07/31 11:34:20 🔄 Rollback requested for 0 deployed server(s) (reason: hxc213 writer 2 iter 114)
2026/07/31 11:34:20 ❌ Rollback NOT completed: rollback NOT completed: real SSH rollback transport not wired (0/0 servers reverted)
2026/07/31 11:34:20 📢 Notification: rollback_not_completed - rollback NOT completed: real SSH rollback transport not wired (0/0 servers reverted)
2026/07/31 11:34:20 📢 Notification: deployment_failed - Production deployment failed: hxc213 writer 2 iter 114
2026/07/31 11:34:20 
❌ PRODUCTION DEPLOYMENT FAILED
2026/07/31 11:34:20 📊 Failure Summary:
2026/07/31 11:34:20    Failed Phase: deployment
2026/07/31 11:34:20    Error: hxc213 writer 2 iter 115
2026/07/31 11:34:20    Duration: 706.173209ms
2026/07/31 11:34:20    Servers Deployed: 0
2026/07/31 11:34:20 🔄 Triggering automatic rollback...
2026/07/31 11:34:20 🔄 Rollback requested for 0 deployed server(s) (reason: hxc213 writer 2 iter 115)
2026/07/31 11:34:20 ❌ Rollback NOT completed: rollback NOT completed: real SSH rollback transport not wired (0/0 servers reverted)
2026/07/31 11:34:20 📢 Notification: rollback_not_completed - rollback NOT completed: real SSH rollback transport not wired (0/0 servers reverted)
2026/07/31 11:34:20 📢 Notification: deployment_failed - Production deployment failed: hxc213 writer 2 iter 115
2026/07/31 11:34:20 
❌ PRODUCTION DEPLOYMENT FAILED
2026/07/31 11:34:20 📊 Failure Summary:
2026/07/31 11:34:20    Failed Phase: deployment
2026/07/31 11:34:20    Error: hxc213 writer 2 iter 116
2026/07/31 11:34:20    Duration: 706.230335ms
2026/07/31 11:34:20    Servers Deployed: 0
2026/07/31 11:34:20 🔄 Triggering automatic rollback...
2026/07/31 11:34:20 🔄 Rollback requested for 0 deployed server(s) (reason: hxc213 writer 2 iter 116)
2026/07/31 11:34:20 ❌ Rollback NOT completed: rollback NOT completed: real SSH rollback transport not wired (0/0 servers reverted)
2026/07/31 11:34:20 📢 Notification: rollback_not_completed - rollback NOT completed: real SSH rollback transport not wired (0/0 servers reverted)
2026/07/31 11:34:20 📢 Notification: deployment_failed - Production deployment failed: hxc213 writer 2 iter 116
2026/07/31 11:34:20 
❌ PRODUCTION DEPLOYMENT FAILED
2026/07/31 11:34:20 📊 Failure Summary:
2026/07/31 11:34:20    Failed Phase: deployment
2026/07/31 11:34:20    Error: hxc213 writer 2 iter 117
2026/07/31 11:34:20    Duration: 706.281613ms
2026/07/31 11:34:20    Servers Deployed: 0
2026/07/31 11:34:20 🔄 Triggering automatic rollback...
2026/07/31 11:34:20 🔄 Rollback requested for 0 deployed server(s) (reason: hxc213 writer 2 iter 117)
2026/07/31 11:34:20 ❌ Rollback NOT completed: rollback NOT completed: real SSH rollback transport not wired (0/0 servers reverted)
2026/07/31 11:34:20 📢 Notification: rollback_not_completed - rollback NOT completed: real SSH rollback transport not wired (0/0 servers reverted)
2026/07/31 11:34:20 📢 Notification: deployment_failed - Production deployment failed: hxc213 writer 2 iter 117
2026/07/31 11:34:20 
❌ PRODUCTION DEPLOYMENT FAILED
2026/07/31 11:34:20 📊 Failure Summary:
2026/07/31 11:34:20    Failed Phase: deployment
2026/07/31 11:34:20    Error: hxc213 writer 2 iter 118
2026/07/31 11:34:20    Duration: 706.353651ms
2026/07/31 11:34:20    Servers Deployed: 0
2026/07/31 11:34:20 🔄 Triggering automatic rollback...
2026/07/31 11:34:20 🔄 Rollback requested for 0 deployed server(s) (reason: hxc213 writer 2 iter 118)
2026/07/31 11:34:20 ❌ Rollback NOT completed: rollback NOT completed: real SSH rollback transport not wired (0/0 servers reverted)
2026/07/31 11:34:20 📢 Notification: rollback_not_completed - rollback NOT completed: real SSH rollback transport not wired (0/0 servers reverted)
2026/07/31 11:34:20 📢 Notification: deployment_failed - Production deployment failed: hxc213 writer 2 iter 118
2026/07/31 11:34:20 
❌ PRODUCTION DEPLOYMENT FAILED
2026/07/31 11:34:20 📊 Failure Summary:
2026/07/31 11:34:20    Failed Phase: deployment
2026/07/31 11:34:20    Error: hxc213 writer 2 iter 119
2026/07/31 11:34:20    Duration: 706.423657ms
2026/07/31 11:34:20    Servers Deployed: 0
2026/07/31 11:34:20 🔄 Triggering automatic rollback...
2026/07/31 11:34:20 🔄 Rollback requested for 0 deployed server(s) (reason: hxc213 writer 2 iter 119)
2026/07/31 11:34:20 ❌ Rollback NOT completed: rollback NOT completed: real SSH rollback transport not wired (0/0 servers reverted)
2026/07/31 11:34:20 📢 Notification: rollback_not_completed - rollback NOT completed: real SSH rollback transport not wired (0/0 servers reverted)
2026/07/31 11:34:20 📢 Notification: deployment_failed - Production deployment failed: hxc213 writer 2 iter 119
2026/07/31 11:34:20 
❌ PRODUCTION DEPLOYMENT FAILED
2026/07/31 11:34:20 📊 Failure Summary:
2026/07/31 11:34:20    Failed Phase: deployment
2026/07/31 11:34:20    Error: hxc213 writer 2 iter 120
2026/07/31 11:34:20    Duration: 706.513293ms
2026/07/31 11:34:20    Servers Deployed: 0
2026/07/31 11:34:20 🔄 Triggering automatic rollback...
2026/07/31 11:34:20 🔄 Rollback requested for 0 deployed server(s) (reason: hxc213 writer 2 iter 120)
2026/07/31 11:34:20 ❌ Rollback NOT completed: rollback NOT completed: real SSH rollback transport not wired (0/0 servers reverted)
2026/07/31 11:34:20 📢 Notification: rollback_not_completed - rollback NOT completed: real SSH rollback transport not wired (0/0 servers reverted)
2026/07/31 11:34:20 📢 Notification: deployment_failed - Production deployment failed: hxc213 writer 1 iter 149
2026/07/31 11:34:20 
❌ PRODUCTION DEPLOYMENT FAILED
2026/07/31 11:34:20 📊 Failure Summary:
2026/07/31 11:34:20    Failed Phase: deployment
2026/07/31 11:34:20    Error: hxc213 writer 1 iter 150
2026/07/31 11:34:20    Duration: 706.571971ms
2026/07/31 11:34:20    Servers Deployed: 0
2026/07/31 11:34:20 🔄 Triggering automatic rollback...
2026/07/31 11:34:20 🔄 Rollback requested for 0 deployed server(s) (reason: hxc213 writer 1 iter 150)
2026/07/31 11:34:20 ❌ Rollback NOT completed: rollback NOT completed: real SSH rollback transport not wired (0/0 servers reverted)
2026/07/31 11:34:20 📢 Notification: rollback_not_completed - rollback NOT completed: real SSH rollback transport not wired (0/0 servers reverted)
2026/07/31 11:34:20 📢 Notification: deployment_failed - Production deployment failed: hxc213 writer 1 iter 150
2026/07/31 11:34:20 
❌ PRODUCTION DEPLOYMENT FAILED
2026/07/31 11:34:20 📊 Failure Summary:
2026/07/31 11:34:20    Failed Phase: deployment
2026/07/31 11:34:20    Error: hxc213 writer 1 iter 151
2026/07/31 11:34:20    Duration: 706.653365ms
2026/07/31 11:34:20    Servers Deployed: 0
2026/07/31 11:34:20 🔄 Triggering automatic rollback...
2026/07/31 11:34:20 🔄 Rollback requested for 0 deployed server(s) (reason: hxc213 writer 1 iter 151)
2026/07/31 11:34:20 ❌ Rollback NOT completed: rollback NOT completed: real SSH rollback transport not wired (0/0 servers reverted)
2026/07/31 11:34:20 📢 Notification: rollback_not_completed - rollback NOT completed: real SSH rollback transport not wired (0/0 servers reverted)
2026/07/31 11:34:20 📢 Notification: deployment_failed - Production deployment failed: hxc213 writer 1 iter 151
2026/07/31 11:34:20 
❌ PRODUCTION DEPLOYMENT FAILED
2026/07/31 11:34:20 📊 Failure Summary:
2026/07/31 11:34:20    Failed Phase: deployment
2026/07/31 11:34:20    Error: hxc213 writer 1 iter 152
2026/07/31 11:34:20    Duration: 706.717011ms
2026/07/31 11:34:20    Servers Deployed: 0
2026/07/31 11:34:20 🔄 Triggering automatic rollback...
2026/07/31 11:34:20 🔄 Rollback requested for 0 deployed server(s) (reason: hxc213 writer 1 iter 152)
2026/07/31 11:34:20 ❌ Rollback NOT completed: rollback NOT completed: real SSH rollback transport not wired (0/0 servers reverted)
2026/07/31 11:34:20 📢 Notification: rollback_not_completed - rollback NOT completed: real SSH rollback transport not wired (0/0 servers reverted)
2026/07/31 11:34:20 📢 Notification: deployment_failed - Production deployment failed: hxc213 writer 1 iter 152
2026/07/31 11:34:20 
❌ PRODUCTION DEPLOYMENT FAILED
2026/07/31 11:34:20 📊 Failure Summary:
2026/07/31 11:34:20    Failed Phase: deployment
2026/07/31 11:34:20    Error: hxc213 writer 1 iter 153
2026/07/31 11:34:20    Duration: 706.786085ms
2026/07/31 11:34:20    Servers Deployed: 0
2026/07/31 11:34:20 🔄 Triggering automatic rollback...
2026/07/31 11:34:20 🔄 Rollback requested for 0 deployed server(s) (reason: hxc213 writer 1 iter 153)
2026/07/31 11:34:20 ❌ Rollback NOT completed: rollback NOT completed: real SSH rollback transport not wired (0/0 servers reverted)
2026/07/31 11:34:20 📢 Notification: rollback_not_completed - rollback NOT completed: real SSH rollback transport not wired (0/0 servers reverted)
2026/07/31 11:34:20 📢 Notification: deployment_failed - Production deployment failed: hxc213 writer 1 iter 153
2026/07/31 11:34:20 
❌ PRODUCTION DEPLOYMENT FAILED
2026/07/31 11:34:20 📊 Failure Summary:
2026/07/31 11:34:20    Failed Phase: deployment
2026/07/31 11:34:20    Error: hxc213 writer 1 iter 154
2026/07/31 11:34:20    Duration: 706.871594ms
2026/07/31 11:34:20    Servers Deployed: 0
2026/07/31 11:34:20 🔄 Triggering automatic rollback...
2026/07/31 11:34:20 🔄 Rollback requested for 0 deployed server(s) (reason: hxc213 writer 1 iter 154)
2026/07/31 11:34:20 ❌ Rollback NOT completed: rollback NOT completed: real SSH rollback transport not wired (0/0 servers reverted)
2026/07/31 11:34:20 📢 Notification: rollback_not_completed - rollback NOT completed: real SSH rollback transport not wired (0/0 servers reverted)
2026/07/31 11:34:20 📢 Notification: deployment_failed - Production deployment failed: hxc213 writer 1 iter 154
2026/07/31 11:34:20 
❌ PRODUCTION DEPLOYMENT FAILED
2026/07/31 11:34:20 📊 Failure Summary:
2026/07/31 11:34:20    Failed Phase: deployment
2026/07/31 11:34:20    Error: hxc213 writer 1 iter 155
2026/07/31 11:34:20    Duration: 706.935241ms
2026/07/31 11:34:20    Servers Deployed: 0
2026/07/31 11:34:20 🔄 Triggering automatic rollback...
2026/07/31 11:34:20 🔄 Rollback requested for 0 deployed server(s) (reason: hxc213 writer 1 iter 155)
2026/07/31 11:34:20 ❌ Rollback NOT completed: rollback NOT completed: real SSH rollback transport not wired (0/0 servers reverted)
2026/07/31 11:34:20 📢 Notification: rollback_not_completed - rollback NOT completed: real SSH rollback transport not wired (0/0 servers reverted)
2026/07/31 11:34:20 📢 Notification: deployment_failed - Production deployment failed: hxc213 writer 1 iter 155
2026/07/31 11:34:20 
❌ PRODUCTION DEPLOYMENT FAILED
2026/07/31 11:34:20 📊 Failure Summary:
2026/07/31 11:34:20    Failed Phase: deployment
2026/07/31 11:34:20    Error: hxc213 writer 1 iter 156
2026/07/31 11:34:20    Duration: 707.005166ms
2026/07/31 11:34:20    Servers Deployed: 0
2026/07/31 11:34:20 🔄 Triggering automatic rollback...
2026/07/31 11:34:20 🔄 Rollback requested for 0 deployed server(s) (reason: hxc213 writer 1 iter 156)
2026/07/31 11:34:20 ❌ Rollback NOT completed: rollback NOT completed: real SSH rollback transport not wired (0/0 servers reverted)
2026/07/31 11:34:20 📢 Notification: rollback_not_completed - rollback NOT completed: real SSH rollback transport not wired (0/0 servers reverted)
2026/07/31 11:34:20 📢 Notification: deployment_failed - Production deployment failed: hxc213 writer 1 iter 156
2026/07/31 11:34:20 
❌ PRODUCTION DEPLOYMENT FAILED
2026/07/31 11:34:20 📊 Failure Summary:
2026/07/31 11:34:20    Failed Phase: deployment
2026/07/31 11:34:20    Error: hxc213 writer 1 iter 157
2026/07/31 11:34:20    Duration: 707.063625ms
2026/07/31 11:34:20    Servers Deployed: 0
2026/07/31 11:34:20 🔄 Triggering automatic rollback...
2026/07/31 11:34:20 🔄 Rollback requested for 0 deployed server(s) (reason: hxc213 writer 1 iter 157)
2026/07/31 11:34:20 ❌ Rollback NOT completed: rollback NOT completed: real SSH rollback transport not wired (0/0 servers reverted)
2026/07/31 11:34:20 📢 Notification: rollback_not_completed - rollback NOT completed: real SSH rollback transport not wired (0/0 servers reverted)
2026/07/31 11:34:20 📢 Notification: deployment_failed - Production deployment failed: hxc213 writer 1 iter 157
2026/07/31 11:34:20 
❌ PRODUCTION DEPLOYMENT FAILED
2026/07/31 11:34:20 📊 Failure Summary:
2026/07/31 11:34:20    Failed Phase: deployment
2026/07/31 11:34:20    Error: hxc213 writer 1 iter 158
2026/07/31 11:34:20    Duration: 707.118257ms
2026/07/31 11:34:20    Servers Deployed: 0
2026/07/31 11:34:20 🔄 Triggering automatic rollback...
2026/07/31 11:34:20 🔄 Rollback requested for 0 deployed server(s) (reason: hxc213 writer 1 iter 158)
2026/07/31 11:34:20 ❌ Rollback NOT completed: rollback NOT completed: real SSH rollback transport not wired (0/0 servers reverted)
2026/07/31 11:34:20 📢 Notification: rollback_not_completed - rollback NOT completed: real SSH rollback transport not wired (0/0 servers reverted)
2026/07/31 11:34:20 📢 Notification: deployment_failed - Production deployment failed: hxc213 writer 1 iter 158
2026/07/31 11:34:20 
❌ PRODUCTION DEPLOYMENT FAILED
2026/07/31 11:34:20 📊 Failure Summary:
2026/07/31 11:34:20    Failed Phase: deployment
2026/07/31 11:34:20    Error: hxc213 writer 1 iter 159
2026/07/31 11:34:20    Duration: 793.414553ms
2026/07/31 11:34:20    Servers Deployed: 0
2026/07/31 11:34:20 🔄 Triggering automatic rollback...
2026/07/31 11:34:20 🔄 Rollback requested for 0 deployed server(s) (reason: hxc213 writer 1 iter 159)
2026/07/31 11:34:20 ❌ Rollback NOT completed: rollback NOT completed: real SSH rollback transport not wired (0/0 servers reverted)
2026/07/31 11:34:20 📢 Notification: rollback_not_completed - rollback NOT completed: real SSH rollback transport not wired (0/0 servers reverted)
2026/07/31 11:34:20 📢 Notification: deployment_failed - Production deployment failed: hxc213 writer 1 iter 159
2026/07/31 11:34:20 
❌ PRODUCTION DEPLOYMENT FAILED
2026/07/31 11:34:20 📊 Failure Summary:
2026/07/31 11:34:20    Failed Phase: deployment
2026/07/31 11:34:20    Error: hxc213 writer 1 iter 160
2026/07/31 11:34:20    Duration: 793.778904ms
2026/07/31 11:34:20    Servers Deployed: 0
2026/07/31 11:34:20 🔄 Triggering automatic rollback...
2026/07/31 11:34:20 🔄 Rollback requested for 0 deployed server(s) (reason: hxc213 writer 1 iter 160)
2026/07/31 11:34:20 ❌ Rollback NOT completed: rollback NOT completed: real SSH rollback transport not wired (0/0 servers reverted)
2026/07/31 11:34:20 📢 Notification: rollback_not_completed - rollback NOT completed: real SSH rollback transport not wired (0/0 servers reverted)
2026/07/31 11:34:20 📢 Notification: deployment_failed - Production deployment failed: hxc213 writer 1 iter 160
2026/07/31 11:34:20 
❌ PRODUCTION DEPLOYMENT FAILED
2026/07/31 11:34:20 📊 Failure Summary:
2026/07/31 11:34:20    Failed Phase: deployment
2026/07/31 11:34:20    Error: hxc213 writer 1 iter 161
2026/07/31 11:34:20    Duration: 794.012828ms
2026/07/31 11:34:20    Servers Deployed: 0
2026/07/31 11:34:20 🔄 Triggering automatic rollback...
2026/07/31 11:34:20 🔄 Rollback requested for 0 deployed server(s) (reason: hxc213 writer 1 iter 161)
2026/07/31 11:34:20 ❌ Rollback NOT completed: rollback NOT completed: real SSH rollback transport not wired (0/0 servers reverted)
2026/07/31 11:34:20 📢 Notification: rollback_not_completed - rollback NOT completed: real SSH rollback transport not wired (0/0 servers reverted)
2026/07/31 11:34:20 📢 Notification: deployment_failed - Production deployment failed: hxc213 writer 1 iter 161
2026/07/31 11:34:20 
❌ PRODUCTION DEPLOYMENT FAILED
2026/07/31 11:34:20 📊 Failure Summary:
2026/07/31 11:34:20    Failed Phase: deployment
2026/07/31 11:34:20    Error: hxc213 writer 1 iter 162
2026/07/31 11:34:20    Duration: 794.124747ms
2026/07/31 11:34:20    Servers Deployed: 0
2026/07/31 11:34:20 🔄 Triggering automatic rollback...
2026/07/31 11:34:20 🔄 Rollback requested for 0 deployed server(s) (reason: hxc213 writer 1 iter 162)
2026/07/31 11:34:20 ❌ Rollback NOT completed: rollback NOT completed: real SSH rollback transport not wired (0/0 servers reverted)
2026/07/31 11:34:20 📢 Notification: rollback_not_completed - rollback NOT completed: real SSH rollback transport not wired (0/0 servers reverted)
2026/07/31 11:34:20 📢 Notification: deployment_failed - Production deployment failed: hxc213 writer 1 iter 162
2026/07/31 11:34:20 
❌ PRODUCTION DEPLOYMENT FAILED
2026/07/31 11:34:20 📊 Failure Summary:
2026/07/31 11:34:20    Failed Phase: deployment
2026/07/31 11:34:20    Error: hxc213 writer 1 iter 163
2026/07/31 11:34:20    Duration: 794.211348ms
2026/07/31 11:34:20    Servers Deployed: 0
2026/07/31 11:34:20 🔄 Triggering automatic rollback...
2026/07/31 11:34:20 🔄 Rollback requested for 0 deployed server(s) (reason: hxc213 writer 1 iter 163)
2026/07/31 11:34:20 ❌ Rollback NOT completed: rollback NOT completed: real SSH rollback transport not wired (0/0 servers reverted)
2026/07/31 11:34:20 📢 Notification: rollback_not_completed - rollback NOT completed: real SSH rollback transport not wired (0/0 servers reverted)
2026/07/31 11:34:20 📢 Notification: deployment_failed - Production deployment failed: hxc213 writer 1 iter 163
2026/07/31 11:34:20 
❌ PRODUCTION DEPLOYMENT FAILED
2026/07/31 11:34:20 📊 Failure Summary:
2026/07/31 11:34:20    Failed Phase: deployment
2026/07/31 11:34:20    Error: hxc213 writer 1 iter 164
2026/07/31 11:34:20    Duration: 794.309086ms
2026/07/31 11:34:20    Servers Deployed: 0
2026/07/31 11:34:20 🔄 Triggering automatic rollback...
2026/07/31 11:34:20 🔄 Rollback requested for 0 deployed server(s) (reason: hxc213 writer 1 iter 164)
2026/07/31 11:34:20 ❌ Rollback NOT completed: rollback NOT completed: real SSH rollback transport not wired (0/0 servers reverted)
2026/07/31 11:34:20 📢 Notification: rollback_not_completed - rollback NOT completed: real SSH rollback transport not wired (0/0 servers reverted)
2026/07/31 11:34:20 📢 Notification: deployment_failed - Production deployment failed: hxc213 writer 1 iter 164
2026/07/31 11:34:20 
❌ PRODUCTION DEPLOYMENT FAILED
2026/07/31 11:34:20 📊 Failure Summary:
2026/07/31 11:34:20    Failed Phase: deployment
2026/07/31 11:34:20    Error: hxc213 writer 1 iter 165
2026/07/31 11:34:20    Duration: 794.410199ms
2026/07/31 11:34:20    Servers Deployed: 0
2026/07/31 11:34:20 🔄 Triggering automatic rollback...
2026/07/31 11:34:20 🔄 Rollback requested for 0 deployed server(s) (reason: hxc213 writer 1 iter 165)
2026/07/31 11:34:20 ❌ Rollback NOT completed: rollback NOT completed: real SSH rollback transport not wired (0/0 servers reverted)
2026/07/31 11:34:20 📢 Notification: rollback_not_completed - rollback NOT completed: real SSH rollback transport not wired (0/0 servers reverted)
2026/07/31 11:34:20 📢 Notification: deployment_failed - Production deployment failed: hxc213 writer 1 iter 165
2026/07/31 11:34:20 
❌ PRODUCTION DEPLOYMENT FAILED
2026/07/31 11:34:20 📊 Failure Summary:
2026/07/31 11:34:20    Failed Phase: deployment
2026/07/31 11:34:20    Error: hxc213 writer 1 iter 166
2026/07/31 11:34:20    Duration: 794.527276ms
2026/07/31 11:34:20    Servers Deployed: 0
2026/07/31 11:34:20 🔄 Triggering automatic rollback...
2026/07/31 11:34:20 🔄 Rollback requested for 0 deployed server(s) (reason: hxc213 writer 1 iter 166)
2026/07/31 11:34:20 ❌ Rollback NOT completed: rollback NOT completed: real SSH rollback transport not wired (0/0 servers reverted)
2026/07/31 11:34:20 📢 Notification: rollback_not_completed - rollback NOT completed: real SSH rollback transport not wired (0/0 servers reverted)
2026/07/31 11:34:20 📢 Notification: deployment_failed - Production deployment failed: hxc213 writer 1 iter 166
2026/07/31 11:34:20 
❌ PRODUCTION DEPLOYMENT FAILED
2026/07/31 11:34:20 📊 Failure Summary:
2026/07/31 11:34:20    Failed Phase: deployment
2026/07/31 11:34:20    Error: hxc213 writer 1 iter 167
2026/07/31 11:34:20    Duration: 794.621208ms
2026/07/31 11:34:20    Servers Deployed: 0
2026/07/31 11:34:20 🔄 Triggering automatic rollback...
2026/07/31 11:34:20 🔄 Rollback requested for 0 deployed server(s) (reason: hxc213 writer 1 iter 167)
2026/07/31 11:34:20 ❌ Rollback NOT completed: rollback NOT completed: real SSH rollback transport not wired (0/0 servers reverted)
2026/07/31 11:34:20 📢 Notification: rollback_not_completed - rollback NOT completed: real SSH rollback transport not wired (0/0 servers reverted)
2026/07/31 11:34:20 📢 Notification: deployment_failed - Production deployment failed: hxc213 writer 1 iter 167
2026/07/31 11:34:20 
❌ PRODUCTION DEPLOYMENT FAILED
2026/07/31 11:34:20 📊 Failure Summary:
2026/07/31 11:34:20    Failed Phase: deployment
2026/07/31 11:34:20    Error: hxc213 writer 1 iter 168
2026/07/31 11:34:20    Duration: 794.712696ms
2026/07/31 11:34:20    Servers Deployed: 0
2026/07/31 11:34:20 🔄 Triggering automatic rollback...
2026/07/31 11:34:20 🔄 Rollback requested for 0 deployed server(s) (reason: hxc213 writer 1 iter 168)
2026/07/31 11:34:20 ❌ Rollback NOT completed: rollback NOT completed: real SSH rollback transport not wired (0/0 servers reverted)
2026/07/31 11:34:20 📢 Notification: rollback_not_completed - rollback NOT completed: real SSH rollback transport not wired (0/0 servers reverted)
2026/07/31 11:34:20 📢 Notification: deployment_failed - Production deployment failed: hxc213 writer 1 iter 168
2026/07/31 11:34:20 
❌ PRODUCTION DEPLOYMENT FAILED
2026/07/31 11:34:20 📊 Failure Summary:
2026/07/31 11:34:20    Failed Phase: deployment
2026/07/31 11:34:20    Error: hxc213 writer 1 iter 169
2026/07/31 11:34:20    Duration: 794.800408ms
2026/07/31 11:34:20    Servers Deployed: 0
2026/07/31 11:34:20 🔄 Triggering automatic rollback...
2026/07/31 11:34:20 🔄 Rollback requested for 0 deployed server(s) (reason: hxc213 writer 1 iter 169)
2026/07/31 11:34:20 ❌ Rollback NOT completed: rollback NOT completed: real SSH rollback transport not wired (0/0 servers reverted)
2026/07/31 11:34:20 📢 Notification: rollback_not_completed - rollback NOT completed: real SSH rollback transport not wired (0/0 servers reverted)
2026/07/31 11:34:20 📢 Notification: deployment_failed - Production deployment failed: hxc213 writer 1 iter 169
2026/07/31 11:34:20 
❌ PRODUCTION DEPLOYMENT FAILED
2026/07/31 11:34:20 📊 Failure Summary:
2026/07/31 11:34:20    Failed Phase: deployment
2026/07/31 11:34:20    Error: hxc213 writer 1 iter 170
2026/07/31 11:34:20    Duration: 794.891706ms
2026/07/31 11:34:20    Servers Deployed: 0
2026/07/31 11:34:20 🔄 Triggering automatic rollback...
2026/07/31 11:34:20 🔄 Rollback requested for 0 deployed server(s) (reason: hxc213 writer 1 iter 170)
2026/07/31 11:34:20 ❌ Rollback NOT completed: rollback NOT completed: real SSH rollback transport not wired (0/0 servers reverted)
2026/07/31 11:34:20 📢 Notification: rollback_not_completed - rollback NOT completed: real SSH rollback transport not wired (0/0 servers reverted)
2026/07/31 11:34:20 📢 Notification: deployment_failed - Production deployment failed: hxc213 writer 1 iter 170
2026/07/31 11:34:20 
❌ PRODUCTION DEPLOYMENT FAILED
2026/07/31 11:34:20 📊 Failure Summary:
2026/07/31 11:34:20    Failed Phase: deployment
2026/07/31 11:34:20    Error: hxc213 writer 1 iter 171
2026/07/31 11:34:20    Duration: 794.976665ms
2026/07/31 11:34:20    Servers Deployed: 0
2026/07/31 11:34:20 🔄 Triggering automatic rollback...
2026/07/31 11:34:20 🔄 Rollback requested for 0 deployed server(s) (reason: hxc213 writer 1 iter 171)
2026/07/31 11:34:20 
❌ PRODUCTION DEPLOYMENT FAILED
2026/07/31 11:34:20 📢 Notification: deployment_failed - Production deployment failed: hxc213 writer 2 iter 120
2026/07/31 11:34:20 
❌ PRODUCTION DEPLOYMENT FAILED
2026/07/31 11:34:20 📊 Failure Summary:
2026/07/31 11:34:20    Failed Phase: deployment
2026/07/31 11:34:20    Error: hxc213 writer 2 iter 121
2026/07/31 11:34:20    Duration: 795.411442ms
2026/07/31 11:34:20 📊 Failure Summary:
2026/07/31 11:34:20    Failed Phase: deployment
2026/07/31 11:34:20    Error: hxc213 writer 0 iter 73
2026/07/31 11:34:20    Duration: 795.411442ms
2026/07/31 11:34:20    Servers Deployed: 0
2026/07/31 11:34:20    Servers Deployed: 0
2026/07/31 11:34:20 🔄 Triggering automatic rollback...
2026/07/31 11:34:20 🔄 Triggering automatic rollback...
2026/07/31 11:34:20 🔄 Rollback requested for 0 deployed server(s) (reason: hxc213 writer 2 iter 121)
2026/07/31 11:34:20 ❌ Rollback NOT completed: rollback NOT completed: real SSH rollback transport not wired (0/0 servers reverted)
2026/07/31 11:34:20 📢 Notification: rollback_not_completed - rollback NOT completed: real SSH rollback transport not wired (0/0 servers reverted)
2026/07/31 11:34:20 📢 Notification: deployment_failed - Production deployment failed: hxc213 writer 2 iter 121
2026/07/31 11:34:20 
❌ PRODUCTION DEPLOYMENT FAILED
2026/07/31 11:34:20 📊 Failure Summary:
2026/07/31 11:34:20    Failed Phase: deployment
2026/07/31 11:34:20    Error: hxc213 writer 2 iter 122
2026/07/31 11:34:20    Duration: 797.260547ms
2026/07/31 11:34:20    Servers Deployed: 0
2026/07/31 11:34:20 🔄 Triggering automatic rollback...
2026/07/31 11:34:20 🔄 Rollback requested for 0 deployed server(s) (reason: hxc213 writer 2 iter 122)
2026/07/31 11:34:20 ❌ Rollback NOT completed: rollback NOT completed: real SSH rollback transport not wired (0/0 servers reverted)
2026/07/31 11:34:20 📢 Notification: rollback_not_completed - rollback NOT completed: real SSH rollback transport not wired (0/0 servers reverted)
2026/07/31 11:34:20 📢 Notification: deployment_failed - Production deployment failed: hxc213 writer 2 iter 122
2026/07/31 11:34:20 
❌ PRODUCTION DEPLOYMENT FAILED
2026/07/31 11:34:20 📊 Failure Summary:
2026/07/31 11:34:20    Failed Phase: deployment
2026/07/31 11:34:20    Error: hxc213 writer 2 iter 123
2026/07/31 11:34:20    Duration: 797.3548ms
2026/07/31 11:34:20    Servers Deployed: 0
2026/07/31 11:34:20 🔄 Triggering automatic rollback...
2026/07/31 11:34:20 🔄 Rollback requested for 0 deployed server(s) (reason: hxc213 writer 2 iter 123)
2026/07/31 11:34:20 ❌ Rollback NOT completed: rollback NOT completed: real SSH rollback transport not wired (0/0 servers reverted)
2026/07/31 11:34:20 📢 Notification: rollback_not_completed - rollback NOT completed: real SSH rollback transport not wired (0/0 servers reverted)
2026/07/31 11:34:20 📢 Notification: deployment_failed - Production deployment failed: hxc213 writer 2 iter 123
2026/07/31 11:34:20 
❌ PRODUCTION DEPLOYMENT FAILED
2026/07/31 11:34:20 📊 Failure Summary:
2026/07/31 11:34:20    Failed Phase: deployment
2026/07/31 11:34:20    Error: hxc213 writer 2 iter 124
2026/07/31 11:34:20    Duration: 797.44122ms
2026/07/31 11:34:20    Servers Deployed: 0
2026/07/31 11:34:20 🔄 Triggering automatic rollback...
2026/07/31 11:34:20 🔄 Rollback requested for 0 deployed server(s) (reason: hxc213 writer 2 iter 124)
2026/07/31 11:34:20 ❌ Rollback NOT completed: rollback NOT completed: real SSH rollback transport not wired (0/0 servers reverted)
2026/07/31 11:34:20 📢 Notification: rollback_not_completed - rollback NOT completed: real SSH rollback transport not wired (0/0 servers reverted)
2026/07/31 11:34:20 📢 Notification: deployment_failed - Production deployment failed: hxc213 writer 2 iter 124
2026/07/31 11:34:20 
❌ PRODUCTION DEPLOYMENT FAILED
2026/07/31 11:34:20 📊 Failure Summary:
2026/07/31 11:34:20    Failed Phase: deployment
2026/07/31 11:34:20    Error: hxc213 writer 2 iter 125
2026/07/31 11:34:20    Duration: 797.529193ms
2026/07/31 11:34:20    Servers Deployed: 0
2026/07/31 11:34:20 🔄 Triggering automatic rollback...
2026/07/31 11:34:20 🔄 Rollback requested for 0 deployed server(s) (reason: hxc213 writer 2 iter 125)
2026/07/31 11:34:20 ❌ Rollback NOT completed: rollback NOT completed: real SSH rollback transport not wired (0/0 servers reverted)
2026/07/31 11:34:20 📢 Notification: rollback_not_completed - rollback NOT completed: real SSH rollback transport not wired (0/0 servers reverted)
2026/07/31 11:34:20 📢 Notification: deployment_failed - Production deployment failed: hxc213 writer 2 iter 125
2026/07/31 11:34:20 
❌ PRODUCTION DEPLOYMENT FAILED
2026/07/31 11:34:20 📊 Failure Summary:
2026/07/31 11:34:20    Failed Phase: deployment
2026/07/31 11:34:20    Error: hxc213 writer 2 iter 126
2026/07/31 11:34:20    Duration: 797.62594ms
2026/07/31 11:34:20    Servers Deployed: 0
2026/07/31 11:34:20 🔄 Triggering automatic rollback...
2026/07/31 11:34:20 🔄 Rollback requested for 0 deployed server(s) (reason: hxc213 writer 2 iter 126)
2026/07/31 11:34:20 ❌ Rollback NOT completed: rollback NOT completed: real SSH rollback transport not wired (0/0 servers reverted)
2026/07/31 11:34:20 📢 Notification: rollback_not_completed - rollback NOT completed: real SSH rollback transport not wired (0/0 servers reverted)
2026/07/31 11:34:20 📢 Notification: deployment_failed - Production deployment failed: hxc213 writer 2 iter 126
2026/07/31 11:34:20 
❌ PRODUCTION DEPLOYMENT FAILED
2026/07/31 11:34:20 📊 Failure Summary:
2026/07/31 11:34:20    Failed Phase: deployment
2026/07/31 11:34:20    Error: hxc213 writer 2 iter 127
2026/07/31 11:34:20    Duration: 797.702846ms
2026/07/31 11:34:20    Servers Deployed: 0
2026/07/31 11:34:20 🔄 Triggering automatic rollback...
2026/07/31 11:34:20 🔄 Rollback requested for 0 deployed server(s) (reason: hxc213 writer 2 iter 127)
2026/07/31 11:34:20 ❌ Rollback NOT completed: rollback NOT completed: real SSH rollback transport not wired (0/0 servers reverted)
2026/07/31 11:34:20 📢 Notification: rollback_not_completed - rollback NOT completed: real SSH rollback transport not wired (0/0 servers reverted)
2026/07/31 11:34:20 📢 Notification: deployment_failed - Production deployment failed: hxc213 writer 2 iter 127
2026/07/31 11:34:20 
❌ PRODUCTION DEPLOYMENT FAILED
2026/07/31 11:34:20 📊 Failure Summary:
2026/07/31 11:34:20    Failed Phase: deployment
2026/07/31 11:34:20    Error: hxc213 writer 2 iter 128
2026/07/31 11:34:20    Duration: 797.79177ms
2026/07/31 11:34:20    Servers Deployed: 0
2026/07/31 11:34:20 🔄 Triggering automatic rollback...
2026/07/31 11:34:20 🔄 Rollback requested for 0 deployed server(s) (reason: hxc213 writer 2 iter 128)
2026/07/31 11:34:20 ❌ Rollback NOT completed: rollback NOT completed: real SSH rollback transport not wired (0/0 servers reverted)
2026/07/31 11:34:20 📢 Notification: rollback_not_completed - rollback NOT completed: real SSH rollback transport not wired (0/0 servers reverted)
2026/07/31 11:34:20 📢 Notification: deployment_failed - Production deployment failed: hxc213 writer 2 iter 128
2026/07/31 11:34:20 
❌ PRODUCTION DEPLOYMENT FAILED
2026/07/31 11:34:20 📊 Failure Summary:
2026/07/31 11:34:20    Failed Phase: deployment
2026/07/31 11:34:20    Error: hxc213 writer 2 iter 129
2026/07/31 11:34:20    Duration: 797.876959ms
2026/07/31 11:34:20    Servers Deployed: 0
2026/07/31 11:34:20 🔄 Triggering automatic rollback...
2026/07/31 11:34:20 🔄 Rollback requested for 0 deployed server(s) (reason: hxc213 writer 2 iter 129)
2026/07/31 11:34:20 ❌ Rollback NOT completed: rollback NOT completed: real SSH rollback transport not wired (0/0 servers reverted)
2026/07/31 11:34:20 📢 Notification: rollback_not_completed - rollback NOT completed: real SSH rollback transport not wired (0/0 servers reverted)
2026/07/31 11:34:20 📢 Notification: deployment_failed - Production deployment failed: hxc213 writer 2 iter 129
2026/07/31 11:34:20 
❌ PRODUCTION DEPLOYMENT FAILED
2026/07/31 11:34:20 📊 Failure Summary:
2026/07/31 11:34:20    Failed Phase: deployment
2026/07/31 11:34:20    Error: hxc213 writer 2 iter 130
2026/07/31 11:34:20    Duration: 797.957771ms
2026/07/31 11:34:20    Servers Deployed: 0
2026/07/31 11:34:20 🔄 Triggering automatic rollback...
2026/07/31 11:34:20 🔄 Rollback requested for 0 deployed server(s) (reason: hxc213 writer 2 iter 130)
2026/07/31 11:34:20 ❌ Rollback NOT completed: rollback NOT completed: real SSH rollback transport not wired (0/0 servers reverted)
2026/07/31 11:34:20 📢 Notification: rollback_not_completed - rollback NOT completed: real SSH rollback transport not wired (0/0 servers reverted)
2026/07/31 11:34:20 📢 Notification: deployment_failed - Production deployment failed: hxc213 writer 2 iter 130
2026/07/31 11:34:20 
❌ PRODUCTION DEPLOYMENT FAILED
2026/07/31 11:34:20 ❌ Rollback NOT completed: rollback NOT completed: real SSH rollback transport not wired (0/0 servers reverted)
2026/07/31 11:34:20 📢 Notification: rollback_not_completed - rollback NOT completed: real SSH rollback transport not wired (0/0 servers reverted)
2026/07/31 11:34:20 📢 Notification: deployment_failed - Production deployment failed: hxc213 writer 1 iter 171
2026/07/31 11:34:20 
❌ PRODUCTION DEPLOYMENT FAILED
2026/07/31 11:34:20 📊 Failure Summary:
2026/07/31 11:34:20    Failed Phase: deployment
2026/07/31 11:34:20    Error: hxc213 writer 1 iter 172
2026/07/31 11:34:20    Duration: 798.164293ms
2026/07/31 11:34:20    Servers Deployed: 0
2026/07/31 11:34:20 🔄 Triggering automatic rollback...
2026/07/31 11:34:20 🔄 Rollback requested for 0 deployed server(s) (reason: hxc213 writer 1 iter 172)
2026/07/31 11:34:20 ❌ Rollback NOT completed: rollback NOT completed: real SSH rollback transport not wired (0/0 servers reverted)
2026/07/31 11:34:20 📢 Notification: rollback_not_completed - rollback NOT completed: real SSH rollback transport not wired (0/0 servers reverted)
2026/07/31 11:34:20 📢 Notification: deployment_failed - Production deployment failed: hxc213 writer 1 iter 172
2026/07/31 11:34:20 
❌ PRODUCTION DEPLOYMENT FAILED
2026/07/31 11:34:20 📊 Failure Summary:
2026/07/31 11:34:20    Failed Phase: deployment
2026/07/31 11:34:20    Error: hxc213 writer 1 iter 173
2026/07/31 11:34:20    Duration: 798.30086ms
2026/07/31 11:34:20    Servers Deployed: 0
2026/07/31 11:34:20 🔄 Triggering automatic rollback...
2026/07/31 11:34:20 🔄 Rollback requested for 0 deployed server(s) (reason: hxc213 writer 1 iter 173)
2026/07/31 11:34:20 ❌ Rollback NOT completed: rollback NOT completed: real SSH rollback transport not wired (0/0 servers reverted)
2026/07/31 11:34:20 📢 Notification: rollback_not_completed - rollback NOT completed: real SSH rollback transport not wired (0/0 servers reverted)
2026/07/31 11:34:20 📢 Notification: deployment_failed - Production deployment failed: hxc213 writer 1 iter 173
2026/07/31 11:34:20 
❌ PRODUCTION DEPLOYMENT FAILED
2026/07/31 11:34:20 📊 Failure Summary:
2026/07/31 11:34:20    Failed Phase: deployment
2026/07/31 11:34:20    Error: hxc213 writer 1 iter 174
2026/07/31 11:34:20    Duration: 798.398628ms
2026/07/31 11:34:20    Servers Deployed: 0
2026/07/31 11:34:20 🔄 Triggering automatic rollback...
2026/07/31 11:34:20 🔄 Rollback requested for 0 deployed server(s) (reason: hxc213 writer 1 iter 174)
2026/07/31 11:34:20 ❌ Rollback NOT completed: rollback NOT completed: real SSH rollback transport not wired (0/0 servers reverted)
2026/07/31 11:34:20 📢 Notification: rollback_not_completed - rollback NOT completed: real SSH rollback transport not wired (0/0 servers reverted)
2026/07/31 11:34:20 📢 Notification: deployment_failed - Production deployment failed: hxc213 writer 1 iter 174
2026/07/31 11:34:20 
❌ PRODUCTION DEPLOYMENT FAILED
2026/07/31 11:34:20 📊 Failure Summary:
2026/07/31 11:34:20    Failed Phase: deployment
2026/07/31 11:34:20    Error: hxc213 writer 1 iter 175
2026/07/31 11:34:20    Duration: 798.483716ms
2026/07/31 11:34:20    Servers Deployed: 0
2026/07/31 11:34:20 🔄 Triggering automatic rollback...
2026/07/31 11:34:20 🔄 Rollback requested for 0 deployed server(s) (reason: hxc213 writer 1 iter 175)
2026/07/31 11:34:20 ❌ Rollback NOT completed: rollback NOT completed: real SSH rollback transport not wired (0/0 servers reverted)
2026/07/31 11:34:20 📢 Notification: rollback_not_completed - rollback NOT completed: real SSH rollback transport not wired (0/0 servers reverted)
2026/07/31 11:34:20 📢 Notification: deployment_failed - Production deployment failed: hxc213 writer 1 iter 175
2026/07/31 11:34:20 
❌ PRODUCTION DEPLOYMENT FAILED
2026/07/31 11:34:20 📊 Failure Summary:
2026/07/31 11:34:20    Failed Phase: deployment
2026/07/31 11:34:20    Error: hxc213 writer 1 iter 176
2026/07/31 11:34:20    Duration: 798.573963ms
2026/07/31 11:34:20    Servers Deployed: 0
2026/07/31 11:34:20 🔄 Triggering automatic rollback...
2026/07/31 11:34:20 🔄 Rollback requested for 0 deployed server(s) (reason: hxc213 writer 1 iter 176)
2026/07/31 11:34:20 ❌ Rollback NOT completed: rollback NOT completed: real SSH rollback transport not wired (0/0 servers reverted)
2026/07/31 11:34:20 📢 Notification: rollback_not_completed - rollback NOT completed: real SSH rollback transport not wired (0/0 servers reverted)
2026/07/31 11:34:20 📢 Notification: deployment_failed - Production deployment failed: hxc213 writer 1 iter 176
2026/07/31 11:34:20 
❌ PRODUCTION DEPLOYMENT FAILED
2026/07/31 11:34:20 📊 Failure Summary:
2026/07/31 11:34:20    Failed Phase: deployment
2026/07/31 11:34:20    Error: hxc213 writer 1 iter 177
2026/07/31 11:34:20    Duration: 798.665812ms
2026/07/31 11:34:20    Servers Deployed: 0
2026/07/31 11:34:20 🔄 Triggering automatic rollback...
2026/07/31 11:34:20 🔄 Rollback requested for 0 deployed server(s) (reason: hxc213 writer 1 iter 177)
2026/07/31 11:34:20 ❌ Rollback NOT completed: rollback NOT completed: real SSH rollback transport not wired (0/0 servers reverted)
2026/07/31 11:34:20 📢 Notification: rollback_not_completed - rollback NOT completed: real SSH rollback transport not wired (0/0 servers reverted)
2026/07/31 11:34:20 📢 Notification: deployment_failed - Production deployment failed: hxc213 writer 1 iter 177
2026/07/31 11:34:20 
❌ PRODUCTION DEPLOYMENT FAILED
2026/07/31 11:34:20 📊 Failure Summary:
2026/07/31 11:34:20    Failed Phase: deployment
2026/07/31 11:34:20    Error: hxc213 writer 1 iter 178
2026/07/31 11:34:20    Duration: 798.743038ms
2026/07/31 11:34:20    Servers Deployed: 0
2026/07/31 11:34:20 🔄 Triggering automatic rollback...
2026/07/31 11:34:20 🔄 Rollback requested for 0 deployed server(s) (reason: hxc213 writer 1 iter 178)
2026/07/31 11:34:20 ❌ Rollback NOT completed: rollback NOT completed: real SSH rollback transport not wired (0/0 servers reverted)
2026/07/31 11:34:20 📢 Notification: rollback_not_completed - rollback NOT completed: real SSH rollback transport not wired (0/0 servers reverted)
2026/07/31 11:34:20 📢 Notification: deployment_failed - Production deployment failed: hxc213 writer 1 iter 178
2026/07/31 11:34:20 
❌ PRODUCTION DEPLOYMENT FAILED
2026/07/31 11:34:20 📊 Failure Summary:
2026/07/31 11:34:20    Failed Phase: deployment
2026/07/31 11:34:20    Error: hxc213 writer 1 iter 179
2026/07/31 11:34:20    Duration: 798.83003ms
2026/07/31 11:34:20    Servers Deployed: 0
2026/07/31 11:34:20 🔄 Triggering automatic rollback...
2026/07/31 11:34:20 🔄 Rollback requested for 0 deployed server(s) (reason: hxc213 writer 1 iter 179)
2026/07/31 11:34:20 ❌ Rollback NOT completed: rollback NOT completed: real SSH rollback transport not wired (0/0 servers reverted)
2026/07/31 11:34:20 📢 Notification: rollback_not_completed - rollback NOT completed: real SSH rollback transport not wired (0/0 servers reverted)
2026/07/31 11:34:20 📢 Notification: deployment_failed - Production deployment failed: hxc213 writer 1 iter 179
2026/07/31 11:34:20 
❌ PRODUCTION DEPLOYMENT FAILED
2026/07/31 11:34:20 📊 Failure Summary:
2026/07/31 11:34:20    Failed Phase: deployment
2026/07/31 11:34:20    Error: hxc213 writer 1 iter 180
2026/07/31 11:34:20    Duration: 798.924943ms
2026/07/31 11:34:20    Servers Deployed: 0
2026/07/31 11:34:20 🔄 Triggering automatic rollback...
2026/07/31 11:34:20 🔄 Rollback requested for 0 deployed server(s) (reason: hxc213 writer 1 iter 180)
2026/07/31 11:34:20 ❌ Rollback NOT completed: rollback NOT completed: real SSH rollback transport not wired (0/0 servers reverted)
2026/07/31 11:34:20 📢 Notification: rollback_not_completed - rollback NOT completed: real SSH rollback transport not wired (0/0 servers reverted)
2026/07/31 11:34:20 📢 Notification: deployment_failed - Production deployment failed: hxc213 writer 1 iter 180
2026/07/31 11:34:20 
❌ PRODUCTION DEPLOYMENT FAILED
2026/07/31 11:34:20 📊 Failure Summary:
2026/07/31 11:34:20    Failed Phase: deployment
2026/07/31 11:34:20    Error: hxc213 writer 1 iter 181
2026/07/31 11:34:20    Duration: 799.023062ms
2026/07/31 11:34:20    Servers Deployed: 0
2026/07/31 11:34:20 🔄 Triggering automatic rollback...
2026/07/31 11:34:20 🔄 Rollback requested for 0 deployed server(s) (reason: hxc213 writer 1 iter 181)
2026/07/31 11:34:20 ❌ Rollback NOT completed: rollback NOT completed: real SSH rollback transport not wired (0/0 servers reverted)
2026/07/31 11:34:20 📢 Notification: rollback_not_completed - rollback NOT completed: real SSH rollback transport not wired (0/0 servers reverted)
2026/07/31 11:34:20 📢 Notification: deployment_failed - Production deployment failed: hxc213 writer 1 iter 181
2026/07/31 11:34:20 
❌ PRODUCTION DEPLOYMENT FAILED
2026/07/31 11:34:20 📊 Failure Summary:
2026/07/31 11:34:20    Failed Phase: deployment
2026/07/31 11:34:20    Error: hxc213 writer 1 iter 182
2026/07/31 11:34:20    Duration: 799.168211ms
2026/07/31 11:34:20    Servers Deployed: 0
2026/07/31 11:34:20 🔄 Triggering automatic rollback...
2026/07/31 11:34:20 🔄 Rollback requested for 0 deployed server(s) (reason: hxc213 writer 1 iter 182)
2026/07/31 11:34:20 ❌ Rollback NOT completed: rollback NOT completed: real SSH rollback transport not wired (0/0 servers reverted)
2026/07/31 11:34:20 📢 Notification: rollback_not_completed - rollback NOT completed: real SSH rollback transport not wired (0/0 servers reverted)
2026/07/31 11:34:20 📢 Notification: deployment_failed - Production deployment failed: hxc213 writer 1 iter 182
2026/07/31 11:34:20 
❌ PRODUCTION DEPLOYMENT FAILED
2026/07/31 11:34:20 📊 Failure Summary:
2026/07/31 11:34:20    Failed Phase: deployment
2026/07/31 11:34:20    Error: hxc213 writer 1 iter 183
2026/07/31 11:34:20    Duration: 799.407843ms
2026/07/31 11:34:20    Servers Deployed: 0
2026/07/31 11:34:20 🔄 Triggering automatic rollback...
2026/07/31 11:34:20 🔄 Rollback requested for 0 deployed server(s) (reason: hxc213 writer 1 iter 183)
2026/07/31 11:34:20 ❌ Rollback NOT completed: rollback NOT completed: real SSH rollback transport not wired (0/0 servers reverted)
2026/07/31 11:34:20 📢 Notification: rollback_not_completed - rollback NOT completed: real SSH rollback transport not wired (0/0 servers reverted)
2026/07/31 11:34:20 📢 Notification: deployment_failed - Production deployment failed: hxc213 writer 1 iter 183
2026/07/31 11:34:20 
❌ PRODUCTION DEPLOYMENT FAILED
2026/07/31 11:34:20 📊 Failure Summary:
2026/07/31 11:34:20    Failed Phase: deployment
2026/07/31 11:34:20    Error: hxc213 writer 1 iter 184
2026/07/31 11:34:20    Duration: 799.66393ms
2026/07/31 11:34:20    Servers Deployed: 0
2026/07/31 11:34:20 🔄 Triggering automatic rollback...
2026/07/31 11:34:20 🔄 Rollback requested for 0 deployed server(s) (reason: hxc213 writer 1 iter 184)
2026/07/31 11:34:20 ❌ Rollback NOT completed: rollback NOT completed: real SSH rollback transport not wired (0/0 servers reverted)
2026/07/31 11:34:20 📢 Notification: rollback_not_completed - rollback NOT completed: real SSH rollback transport not wired (0/0 servers reverted)
2026/07/31 11:34:20 📢 Notification: deployment_failed - Production deployment failed: hxc213 writer 1 iter 184
2026/07/31 11:34:20 
❌ PRODUCTION DEPLOYMENT FAILED
2026/07/31 11:34:20 📊 Failure Summary:
2026/07/31 11:34:20    Failed Phase: deployment
2026/07/31 11:34:20    Error: hxc213 writer 1 iter 185
2026/07/31 11:34:20    Duration: 799.90858ms
2026/07/31 11:34:20    Servers Deployed: 0
2026/07/31 11:34:20 🔄 Triggering automatic rollback...
2026/07/31 11:34:20 🔄 Rollback requested for 0 deployed server(s) (reason: hxc213 writer 1 iter 185)
2026/07/31 11:34:20 ❌ Rollback NOT completed: rollback NOT completed: real SSH rollback transport not wired (0/0 servers reverted)
2026/07/31 11:34:20 📢 Notification: rollback_not_completed - rollback NOT completed: real SSH rollback transport not wired (0/0 servers reverted)
2026/07/31 11:34:20 📢 Notification: deployment_failed - Production deployment failed: hxc213 writer 1 iter 185
2026/07/31 11:34:20 
❌ PRODUCTION DEPLOYMENT FAILED
2026/07/31 11:34:20 📊 Failure Summary:
2026/07/31 11:34:20    Failed Phase: deployment
2026/07/31 11:34:20    Error: hxc213 writer 1 iter 186
2026/07/31 11:34:20    Duration: 800.131627ms
2026/07/31 11:34:20    Servers Deployed: 0
2026/07/31 11:34:20 🔄 Triggering automatic rollback...
2026/07/31 11:34:20 🔄 Rollback requested for 0 deployed server(s) (reason: hxc213 writer 1 iter 186)
2026/07/31 11:34:20 ❌ Rollback NOT completed: rollback NOT completed: real SSH rollback transport not wired (0/0 servers reverted)
2026/07/31 11:34:20 📢 Notification: rollback_not_completed - rollback NOT completed: real SSH rollback transport not wired (0/0 servers reverted)
2026/07/31 11:34:20 📢 Notification: deployment_failed - Production deployment failed: hxc213 writer 1 iter 186
2026/07/31 11:34:20 
❌ PRODUCTION DEPLOYMENT FAILED
2026/07/31 11:34:20 📊 Failure Summary:
2026/07/31 11:34:20    Failed Phase: deployment
2026/07/31 11:34:20    Error: hxc213 writer 1 iter 187
2026/07/31 11:34:20    Duration: 800.306001ms
2026/07/31 11:34:20    Servers Deployed: 0
2026/07/31 11:34:20 🔄 Triggering automatic rollback...
2026/07/31 11:34:20 🔄 Rollback requested for 0 deployed server(s) (reason: hxc213 writer 1 iter 187)
2026/07/31 11:34:20 ❌ Rollback NOT completed: rollback NOT completed: real SSH rollback transport not wired (0/0 servers reverted)
2026/07/31 11:34:20 📢 Notification: rollback_not_completed - rollback NOT completed: real SSH rollback transport not wired (0/0 servers reverted)
2026/07/31 11:34:20 📢 Notification: deployment_failed - Production deployment failed: hxc213 writer 1 iter 187
2026/07/31 11:34:20 
❌ PRODUCTION DEPLOYMENT FAILED
2026/07/31 11:34:20 📊 Failure Summary:
2026/07/31 11:34:20    Failed Phase: deployment
2026/07/31 11:34:20    Error: hxc213 writer 1 iter 188
2026/07/31 11:34:20    Duration: 800.395436ms
2026/07/31 11:34:20    Servers Deployed: 0
2026/07/31 11:34:20 🔄 Triggering automatic rollback...
2026/07/31 11:34:20 🔄 Rollback requested for 0 deployed server(s) (reason: hxc213 writer 1 iter 188)
2026/07/31 11:34:20 ❌ Rollback NOT completed: rollback NOT completed: real SSH rollback transport not wired (0/0 servers reverted)
2026/07/31 11:34:20 📢 Notification: rollback_not_completed - rollback NOT completed: real SSH rollback transport not wired (0/0 servers reverted)
2026/07/31 11:34:20 📢 Notification: deployment_failed - Production deployment failed: hxc213 writer 1 iter 188
2026/07/31 11:34:20 
❌ PRODUCTION DEPLOYMENT FAILED
2026/07/31 11:34:20 📊 Failure Summary:
2026/07/31 11:34:20    Failed Phase: deployment
2026/07/31 11:34:20    Error: hxc213 writer 1 iter 189
2026/07/31 11:34:20    Duration: 800.494256ms
2026/07/31 11:34:20 🔄 Rollback requested for 0 deployed server(s) (reason: hxc213 writer 0 iter 73)
2026/07/31 11:34:20 ❌ Rollback NOT completed: rollback NOT completed: real SSH rollback transport not wired (0/0 servers reverted)
2026/07/31 11:34:20 📢 Notification: rollback_not_completed - rollback NOT completed: real SSH rollback transport not wired (0/0 servers reverted)
2026/07/31 11:34:20 📢 Notification: deployment_failed - Production deployment failed: hxc213 writer 0 iter 73
2026/07/31 11:34:20 
❌ PRODUCTION DEPLOYMENT FAILED
2026/07/31 11:34:20 📊 Failure Summary:
2026/07/31 11:34:20    Failed Phase: deployment
2026/07/31 11:34:20    Error: hxc213 writer 0 iter 74
2026/07/31 11:34:20    Duration: 800.595559ms
2026/07/31 11:34:20    Servers Deployed: 0
2026/07/31 11:34:20 🔄 Triggering automatic rollback...
2026/07/31 11:34:20 🔄 Rollback requested for 0 deployed server(s) (reason: hxc213 writer 0 iter 74)
2026/07/31 11:34:20 ❌ Rollback NOT completed: rollback NOT completed: real SSH rollback transport not wired (0/0 servers reverted)
2026/07/31 11:34:20 📢 Notification: rollback_not_completed - rollback NOT completed: real SSH rollback transport not wired (0/0 servers reverted)
2026/07/31 11:34:20 📢 Notification: deployment_failed - Production deployment failed: hxc213 writer 0 iter 74
2026/07/31 11:34:20 
❌ PRODUCTION DEPLOYMENT FAILED
2026/07/31 11:34:20 📊 Failure Summary:
2026/07/31 11:34:20    Failed Phase: deployment
2026/07/31 11:34:20    Error: hxc213 writer 0 iter 75
2026/07/31 11:34:20    Duration: 800.710783ms
2026/07/31 11:34:20    Servers Deployed: 0
2026/07/31 11:34:20 🔄 Triggering automatic rollback...
2026/07/31 11:34:20 🔄 Rollback requested for 0 deployed server(s) (reason: hxc213 writer 0 iter 75)
2026/07/31 11:34:20 ❌ Rollback NOT completed: rollback NOT completed: real SSH rollback transport not wired (0/0 servers reverted)
2026/07/31 11:34:20 📢 Notification: rollback_not_completed - rollback NOT completed: real SSH rollback transport not wired (0/0 servers reverted)
2026/07/31 11:34:20 📢 Notification: deployment_failed - Production deployment failed: hxc213 writer 0 iter 75
2026/07/31 11:34:20 
❌ PRODUCTION DEPLOYMENT FAILED
2026/07/31 11:34:20 📊 Failure Summary:
2026/07/31 11:34:20    Failed Phase: deployment
2026/07/31 11:34:20    Error: hxc213 writer 0 iter 76
2026/07/31 11:34:20    Duration: 800.793448ms
2026/07/31 11:34:20    Servers Deployed: 0
2026/07/31 11:34:20 🔄 Triggering automatic rollback...
2026/07/31 11:34:20 🔄 Rollback requested for 0 deployed server(s) (reason: hxc213 writer 0 iter 76)
2026/07/31 11:34:20 ❌ Rollback NOT completed: rollback NOT completed: real SSH rollback transport not wired (0/0 servers reverted)
2026/07/31 11:34:20 📢 Notification: rollback_not_completed - rollback NOT completed: real SSH rollback transport not wired (0/0 servers reverted)
2026/07/31 11:34:20 📢 Notification: deployment_failed - Production deployment failed: hxc213 writer 0 iter 76
2026/07/31 11:34:20 
❌ PRODUCTION DEPLOYMENT FAILED
2026/07/31 11:34:20 📊 Failure Summary:
2026/07/31 11:34:20    Failed Phase: deployment
2026/07/31 11:34:20    Error: hxc213 writer 0 iter 77
2026/07/31 11:34:20    Duration: 800.888322ms
2026/07/31 11:34:20    Servers Deployed: 0
2026/07/31 11:34:20 🔄 Triggering automatic rollback...
2026/07/31 11:34:20 🔄 Rollback requested for 0 deployed server(s) (reason: hxc213 writer 0 iter 77)
2026/07/31 11:34:20 ❌ Rollback NOT completed: rollback NOT completed: real SSH rollback transport not wired (0/0 servers reverted)
2026/07/31 11:34:20 📢 Notification: rollback_not_completed - rollback NOT completed: real SSH rollback transport not wired (0/0 servers reverted)
2026/07/31 11:34:20 📢 Notification: deployment_failed - Production deployment failed: hxc213 writer 0 iter 77
2026/07/31 11:34:20 
❌ PRODUCTION DEPLOYMENT FAILED
2026/07/31 11:34:20 📊 Failure Summary:
2026/07/31 11:34:20    Failed Phase: deployment
2026/07/31 11:34:20    Error: hxc213 writer 0 iter 78
2026/07/31 11:34:20    Duration: 800.971928ms
2026/07/31 11:34:20    Servers Deployed: 0
2026/07/31 11:34:20 🔄 Triggering automatic rollback...
2026/07/31 11:34:20 🔄 Rollback requested for 0 deployed server(s) (reason: hxc213 writer 0 iter 78)
2026/07/31 11:34:20 ❌ Rollback NOT completed: rollback NOT completed: real SSH rollback transport not wired (0/0 servers reverted)
2026/07/31 11:34:20 📢 Notification: rollback_not_completed - rollback NOT completed: real SSH rollback transport not wired (0/0 servers reverted)
2026/07/31 11:34:20 📢 Notification: deployment_failed - Production deployment failed: hxc213 writer 0 iter 78
2026/07/31 11:34:20 
❌ PRODUCTION DEPLOYMENT FAILED
2026/07/31 11:34:20 📊 Failure Summary:
2026/07/31 11:34:20    Failed Phase: deployment
2026/07/31 11:34:20    Error: hxc213 writer 0 iter 79
2026/07/31 11:34:20    Duration: 801.054393ms
2026/07/31 11:34:20    Servers Deployed: 0
2026/07/31 11:34:20 🔄 Triggering automatic rollback...
2026/07/31 11:34:20 🔄 Rollback requested for 0 deployed server(s) (reason: hxc213 writer 0 iter 79)
2026/07/31 11:34:20 ❌ Rollback NOT completed: rollback NOT completed: real SSH rollback transport not wired (0/0 servers reverted)
2026/07/31 11:34:20 📢 Notification: rollback_not_completed - rollback NOT completed: real SSH rollback transport not wired (0/0 servers reverted)
2026/07/31 11:34:20 📢 Notification: deployment_failed - Production deployment failed: hxc213 writer 0 iter 79
2026/07/31 11:34:20 
❌ PRODUCTION DEPLOYMENT FAILED
2026/07/31 11:34:20 📊 Failure Summary:
2026/07/31 11:34:20    Failed Phase: deployment
2026/07/31 11:34:20    Error: hxc213 writer 0 iter 80
2026/07/31 11:34:20    Duration: 801.130818ms
2026/07/31 11:34:20    Servers Deployed: 0
2026/07/31 11:34:20 🔄 Triggering automatic rollback...
2026/07/31 11:34:20 🔄 Rollback requested for 0 deployed server(s) (reason: hxc213 writer 0 iter 80)
2026/07/31 11:34:20 ❌ Rollback NOT completed: rollback NOT completed: real SSH rollback transport not wired (0/0 servers reverted)
2026/07/31 11:34:20 📢 Notification: rollback_not_completed - rollback NOT completed: real SSH rollback transport not wired (0/0 servers reverted)
2026/07/31 11:34:20 📢 Notification: deployment_failed - Production deployment failed: hxc213 writer 0 iter 80
2026/07/31 11:34:20 
❌ PRODUCTION DEPLOYMENT FAILED
2026/07/31 11:34:20 📊 Failure Summary:
2026/07/31 11:34:20    Failed Phase: deployment
2026/07/31 11:34:20    Error: hxc213 writer 0 iter 81
2026/07/31 11:34:20    Duration: 801.221886ms
2026/07/31 11:34:20    Servers Deployed: 0
2026/07/31 11:34:20 🔄 Triggering automatic rollback...
2026/07/31 11:34:20 🔄 Rollback requested for 0 deployed server(s) (reason: hxc213 writer 0 iter 81)
2026/07/31 11:34:20 ❌ Rollback NOT completed: rollback NOT completed: real SSH rollback transport not wired (0/0 servers reverted)
2026/07/31 11:34:20 📢 Notification: rollback_not_completed - rollback NOT completed: real SSH rollback transport not wired (0/0 servers reverted)
2026/07/31 11:34:20 📢 Notification: deployment_failed - Production deployment failed: hxc213 writer 0 iter 81
2026/07/31 11:34:20 
❌ PRODUCTION DEPLOYMENT FAILED
2026/07/31 11:34:20 📊 Failure Summary:
2026/07/31 11:34:20    Failed Phase: deployment
2026/07/31 11:34:20    Error: hxc213 writer 0 iter 82
2026/07/31 11:34:20    Duration: 801.294416ms
2026/07/31 11:34:20    Servers Deployed: 0
2026/07/31 11:34:20 🔄 Triggering automatic rollback...
2026/07/31 11:34:20 🔄 Rollback requested for 0 deployed server(s) (reason: hxc213 writer 0 iter 82)
2026/07/31 11:34:20 ❌ Rollback NOT completed: rollback NOT completed: real SSH rollback transport not wired (0/0 servers reverted)
2026/07/31 11:34:20 📢 Notification: rollback_not_completed - rollback NOT completed: real SSH rollback transport not wired (0/0 servers reverted)
2026/07/31 11:34:20 📢 Notification: deployment_failed - Production deployment failed: hxc213 writer 0 iter 82
2026/07/31 11:34:20 
❌ PRODUCTION DEPLOYMENT FAILED
2026/07/31 11:34:20 📊 Failure Summary:
2026/07/31 11:34:20    Failed Phase: deployment
2026/07/31 11:34:20    Error: hxc213 writer 0 iter 83
2026/07/31 11:34:20    Duration: 801.371753ms
2026/07/31 11:34:20    Servers Deployed: 0
2026/07/31 11:34:20 🔄 Triggering automatic rollback...
2026/07/31 11:34:20 🔄 Rollback requested for 0 deployed server(s) (reason: hxc213 writer 0 iter 83)
2026/07/31 11:34:20 ❌ Rollback NOT completed: rollback NOT completed: real SSH rollback transport not wired (0/0 servers reverted)
2026/07/31 11:34:20 📢 Notification: rollback_not_completed - rollback NOT completed: real SSH rollback transport not wired (0/0 servers reverted)
2026/07/31 11:34:20 📢 Notification: deployment_failed - Production deployment failed: hxc213 writer 0 iter 83
2026/07/31 11:34:20 
❌ PRODUCTION DEPLOYMENT FAILED
2026/07/31 11:34:20 📊 Failure Summary:
2026/07/31 11:34:20    Failed Phase: deployment
2026/07/31 11:34:20    Error: hxc213 writer 0 iter 84
2026/07/31 11:34:20    Duration: 801.460176ms
2026/07/31 11:34:20    Servers Deployed: 0
2026/07/31 11:34:20 🔄 Triggering automatic rollback...
2026/07/31 11:34:20 🔄 Rollback requested for 0 deployed server(s) (reason: hxc213 writer 0 iter 84)
2026/07/31 11:34:20 ❌ Rollback NOT completed: rollback NOT completed: real SSH rollback transport not wired (0/0 servers reverted)
2026/07/31 11:34:20 📢 Notification: rollback_not_completed - rollback NOT completed: real SSH rollback transport not wired (0/0 servers reverted)
2026/07/31 11:34:20 📊 Failure Summary:
2026/07/31 11:34:20    Servers Deployed: 0
2026/07/31 11:34:20 📢 Notification: deployment_failed - Production deployment failed: hxc213 writer 0 iter 84
2026/07/31 11:34:20 
❌ PRODUCTION DEPLOYMENT FAILED
2026/07/31 11:34:20 📊 Failure Summary:
2026/07/31 11:34:20    Failed Phase: deployment
2026/07/31 11:34:20    Error: hxc213 writer 0 iter 85
2026/07/31 11:34:20    Duration: 803.945083ms
2026/07/31 11:34:20    Servers Deployed: 0
2026/07/31 11:34:20 🔄 Triggering automatic rollback...
2026/07/31 11:34:20 🔄 Rollback requested for 0 deployed server(s) (reason: hxc213 writer 0 iter 85)
2026/07/31 11:34:20 ❌ Rollback NOT completed: rollback NOT completed: real SSH rollback transport not wired (0/0 servers reverted)
2026/07/31 11:34:20 📢 Notification: rollback_not_completed - rollback NOT completed: real SSH rollback transport not wired (0/0 servers reverted)
2026/07/31 11:34:20 📢 Notification: deployment_failed - Production deployment failed: hxc213 writer 0 iter 85
2026/07/31 11:34:20 
❌ PRODUCTION DEPLOYMENT FAILED
2026/07/31 11:34:20 📊 Failure Summary:
2026/07/31 11:34:20    Failed Phase: deployment
2026/07/31 11:34:20    Error: hxc213 writer 0 iter 86
2026/07/31 11:34:20    Duration: 804.037072ms
2026/07/31 11:34:20    Servers Deployed: 0
2026/07/31 11:34:20 🔄 Triggering automatic rollback...
2026/07/31 11:34:20 🔄 Rollback requested for 0 deployed server(s) (reason: hxc213 writer 0 iter 86)
2026/07/31 11:34:20 ❌ Rollback NOT completed: rollback NOT completed: real SSH rollback transport not wired (0/0 servers reverted)
2026/07/31 11:34:20 📢 Notification: rollback_not_completed - rollback NOT completed: real SSH rollback transport not wired (0/0 servers reverted)
2026/07/31 11:34:20 📢 Notification: deployment_failed - Production deployment failed: hxc213 writer 0 iter 86
2026/07/31 11:34:20 
❌ PRODUCTION DEPLOYMENT FAILED
2026/07/31 11:34:20 📊 Failure Summary:
2026/07/31 11:34:20    Failed Phase: deployment
2026/07/31 11:34:20    Error: hxc213 writer 0 iter 87
2026/07/31 11:34:20    Duration: 804.142411ms
2026/07/31 11:34:20    Servers Deployed: 0
2026/07/31 11:34:20 🔄 Triggering automatic rollback...
2026/07/31 11:34:20 🔄 Rollback requested for 0 deployed server(s) (reason: hxc213 writer 0 iter 87)
2026/07/31 11:34:20 ❌ Rollback NOT completed: rollback NOT completed: real SSH rollback transport not wired (0/0 servers reverted)
2026/07/31 11:34:20 📢 Notification: rollback_not_completed - rollback NOT completed: real SSH rollback transport not wired (0/0 servers reverted)
2026/07/31 11:34:20 📢 Notification: deployment_failed - Production deployment failed: hxc213 writer 0 iter 87
2026/07/31 11:34:20 
❌ PRODUCTION DEPLOYMENT FAILED
2026/07/31 11:34:20 📊 Failure Summary:
2026/07/31 11:34:20    Failed Phase: deployment
2026/07/31 11:34:20    Error: hxc213 writer 0 iter 88
2026/07/31 11:34:20    Duration: 804.223734ms
2026/07/31 11:34:20    Servers Deployed: 0
2026/07/31 11:34:20 🔄 Triggering automatic rollback...
2026/07/31 11:34:20 🔄 Rollback requested for 0 deployed server(s) (reason: hxc213 writer 0 iter 88)
2026/07/31 11:34:20 ❌ Rollback NOT completed: rollback NOT completed: real SSH rollback transport not wired (0/0 servers reverted)
2026/07/31 11:34:20 📢 Notification: rollback_not_completed - rollback NOT completed: real SSH rollback transport not wired (0/0 servers reverted)
2026/07/31 11:34:20 📢 Notification: deployment_failed - Production deployment failed: hxc213 writer 0 iter 88
2026/07/31 11:34:20 
❌ PRODUCTION DEPLOYMENT FAILED
2026/07/31 11:34:20 📊 Failure Summary:
2026/07/31 11:34:20    Failed Phase: deployment
2026/07/31 11:34:20    Error: hxc213 writer 0 iter 89
2026/07/31 11:34:20    Duration: 804.292638ms
2026/07/31 11:34:20    Servers Deployed: 0
2026/07/31 11:34:20 🔄 Triggering automatic rollback...
2026/07/31 11:34:20 🔄 Rollback requested for 0 deployed server(s) (reason: hxc213 writer 0 iter 89)
2026/07/31 11:34:20 ❌ Rollback NOT completed: rollback NOT completed: real SSH rollback transport not wired (0/0 servers reverted)
2026/07/31 11:34:20 📢 Notification: rollback_not_completed - rollback NOT completed: real SSH rollback transport not wired (0/0 servers reverted)
2026/07/31 11:34:20 📢 Notification: deployment_failed - Production deployment failed: hxc213 writer 0 iter 89
2026/07/31 11:34:20 
❌ PRODUCTION DEPLOYMENT FAILED
2026/07/31 11:34:20 📊 Failure Summary:
2026/07/31 11:34:20    Failed Phase: deployment
2026/07/31 11:34:20    Error: hxc213 writer 0 iter 90
2026/07/31 11:34:20    Duration: 804.379559ms
2026/07/31 11:34:20    Servers Deployed: 0
2026/07/31 11:34:20 🔄 Triggering automatic rollback...
2026/07/31 11:34:20 🔄 Rollback requested for 0 deployed server(s) (reason: hxc213 writer 0 iter 90)
2026/07/31 11:34:20 ❌ Rollback NOT completed: rollback NOT completed: real SSH rollback transport not wired (0/0 servers reverted)
2026/07/31 11:34:20 📢 Notification: rollback_not_completed - rollback NOT completed: real SSH rollback transport not wired (0/0 servers reverted)
2026/07/31 11:34:20 📢 Notification: deployment_failed - Production deployment failed: hxc213 writer 0 iter 90
2026/07/31 11:34:20 
❌ PRODUCTION DEPLOYMENT FAILED
2026/07/31 11:34:20 📊 Failure Summary:
2026/07/31 11:34:20    Failed Phase: deployment
2026/07/31 11:34:20    Error: hxc213 writer 0 iter 91
2026/07/31 11:34:20    Duration: 804.482856ms
2026/07/31 11:34:20    Servers Deployed: 0
2026/07/31 11:34:20 🔄 Triggering automatic rollback...
2026/07/31 11:34:20 🔄 Rollback requested for 0 deployed server(s) (reason: hxc213 writer 0 iter 91)
2026/07/31 11:34:20 ❌ Rollback NOT completed: rollback NOT completed: real SSH rollback transport not wired (0/0 servers reverted)
2026/07/31 11:34:20 📢 Notification: rollback_not_completed - rollback NOT completed: real SSH rollback transport not wired (0/0 servers reverted)
2026/07/31 11:34:20 📢 Notification: deployment_failed - Production deployment failed: hxc213 writer 0 iter 91
2026/07/31 11:34:20 
❌ PRODUCTION DEPLOYMENT FAILED
2026/07/31 11:34:20 📊 Failure Summary:
2026/07/31 11:34:20    Failed Phase: deployment
2026/07/31 11:34:20    Error: hxc213 writer 0 iter 92
2026/07/31 11:34:20    Duration: 804.56511ms
2026/07/31 11:34:20    Servers Deployed: 0
2026/07/31 11:34:20 🔄 Triggering automatic rollback...
2026/07/31 11:34:20 🔄 Rollback requested for 0 deployed server(s) (reason: hxc213 writer 0 iter 92)
2026/07/31 11:34:20 ❌ Rollback NOT completed: rollback NOT completed: real SSH rollback transport not wired (0/0 servers reverted)
2026/07/31 11:34:20 📢 Notification: rollback_not_completed - rollback NOT completed: real SSH rollback transport not wired (0/0 servers reverted)
2026/07/31 11:34:20 📢 Notification: deployment_failed - Production deployment failed: hxc213 writer 0 iter 92
2026/07/31 11:34:20 
❌ PRODUCTION DEPLOYMENT FAILED
2026/07/31 11:34:20 📊 Failure Summary:
2026/07/31 11:34:20    Failed Phase: deployment
2026/07/31 11:34:20    Error: hxc213 writer 0 iter 93
2026/07/31 11:34:20    Duration: 804.649317ms
2026/07/31 11:34:20    Servers Deployed: 0
2026/07/31 11:34:20 🔄 Triggering automatic rollback...
2026/07/31 11:34:20 🔄 Rollback requested for 0 deployed server(s) (reason: hxc213 writer 0 iter 93)
2026/07/31 11:34:20 ❌ Rollback NOT completed: rollback NOT completed: real SSH rollback transport not wired (0/0 servers reverted)
2026/07/31 11:34:20 📢 Notification: rollback_not_completed - rollback NOT completed: real SSH rollback transport not wired (0/0 servers reverted)
2026/07/31 11:34:20 📢 Notification: deployment_failed - Production deployment failed: hxc213 writer 0 iter 93
2026/07/31 11:34:20 
❌ PRODUCTION DEPLOYMENT FAILED
2026/07/31 11:34:20 📊 Failure Summary:
2026/07/31 11:34:20    Failed Phase: deployment
2026/07/31 11:34:20    Error: hxc213 writer 0 iter 94
2026/07/31 11:34:20    Duration: 804.735207ms
2026/07/31 11:34:20    Servers Deployed: 0
2026/07/31 11:34:20 🔄 Triggering automatic rollback...
2026/07/31 11:34:20 🔄 Rollback requested for 0 deployed server(s) (reason: hxc213 writer 0 iter 94)
2026/07/31 11:34:20 ❌ Rollback NOT completed: rollback NOT completed: real SSH rollback transport not wired (0/0 servers reverted)
2026/07/31 11:34:20 📢 Notification: rollback_not_completed - rollback NOT completed: real SSH rollback transport not wired (0/0 servers reverted)
2026/07/31 11:34:20 📢 Notification: deployment_failed - Production deployment failed: hxc213 writer 0 iter 94
2026/07/31 11:34:20 
❌ PRODUCTION DEPLOYMENT FAILED
2026/07/31 11:34:20 📊 Failure Summary:
2026/07/31 11:34:20    Failed Phase: deployment
2026/07/31 11:34:20    Error: hxc213 writer 0 iter 95
2026/07/31 11:34:20    Duration: 805.503518ms
2026/07/31 11:34:20    Servers Deployed: 0
2026/07/31 11:34:20 🔄 Triggering automatic rollback...
2026/07/31 11:34:20 🔄 Rollback requested for 0 deployed server(s) (reason: hxc213 writer 0 iter 95)
2026/07/31 11:34:20 ❌ Rollback NOT completed: rollback NOT completed: real SSH rollback transport not wired (0/0 servers reverted)
2026/07/31 11:34:20 📢 Notification: rollback_not_completed - rollback NOT completed: real SSH rollback transport not wired (0/0 servers reverted)
2026/07/31 11:34:20 📢 Notification: deployment_failed - Production deployment failed: hxc213 writer 0 iter 95
2026/07/31 11:34:20 
❌ PRODUCTION DEPLOYMENT FAILED
2026/07/31 11:34:20 📊 Failure Summary:
2026/07/31 11:34:20    Failed Phase: deployment
2026/07/31 11:34:20    Error: hxc213 writer 0 iter 96
2026/07/31 11:34:20    Duration: 805.578752ms
2026/07/31 11:34:20    Servers Deployed: 0
2026/07/31 11:34:20 🔄 Triggering automatic rollback...
2026/07/31 11:34:20 🔄 Rollback requested for 0 deployed server(s) (reason: hxc213 writer 0 iter 96)
2026/07/31 11:34:20 ❌ Rollback NOT completed: rollback NOT completed: real SSH rollback transport not wired (0/0 servers reverted)
2026/07/31 11:34:20 📢 Notification: rollback_not_completed - rollback NOT completed: real SSH rollback transport not wired (0/0 servers reverted)
2026/07/31 11:34:20 📢 Notification: deployment_failed - Production deployment failed: hxc213 writer 0 iter 96
2026/07/31 11:34:20 
❌ PRODUCTION DEPLOYMENT FAILED
2026/07/31 11:34:20 📊 Failure Summary:
2026/07/31 11:34:20    Failed Phase: deployment
2026/07/31 11:34:20    Error: hxc213 writer 0 iter 97
2026/07/31 11:34:20    Duration: 805.666815ms
2026/07/31 11:34:20    Servers Deployed: 0
2026/07/31 11:34:20 🔄 Triggering automatic rollback...
2026/07/31 11:34:20 🔄 Rollback requested for 0 deployed server(s) (reason: hxc213 writer 0 iter 97)
2026/07/31 11:34:20 ❌ Rollback NOT completed: rollback NOT completed: real SSH rollback transport not wired (0/0 servers reverted)
2026/07/31 11:34:20 📢 Notification: rollback_not_completed - rollback NOT completed: real SSH rollback transport not wired (0/0 servers reverted)
2026/07/31 11:34:20 📢 Notification: deployment_failed - Production deployment failed: hxc213 writer 0 iter 97
2026/07/31 11:34:20 
❌ PRODUCTION DEPLOYMENT FAILED
2026/07/31 11:34:20 📊 Failure Summary:
2026/07/31 11:34:20    Failed Phase: deployment
2026/07/31 11:34:20    Error: hxc213 writer 0 iter 98
2026/07/31 11:34:20    Duration: 805.753897ms
2026/07/31 11:34:20    Servers Deployed: 0
2026/07/31 11:34:20 🔄 Triggering automatic rollback...
2026/07/31 11:34:20 🔄 Rollback requested for 0 deployed server(s) (reason: hxc213 writer 0 iter 98)
2026/07/31 11:34:20 ❌ Rollback NOT completed: rollback NOT completed: real SSH rollback transport not wired (0/0 servers reverted)
2026/07/31 11:34:20 📢 Notification: rollback_not_completed - rollback NOT completed: real SSH rollback transport not wired (0/0 servers reverted)
2026/07/31 11:34:20 📢 Notification: deployment_failed - Production deployment failed: hxc213 writer 0 iter 98
2026/07/31 11:34:20 
❌ PRODUCTION DEPLOYMENT FAILED
2026/07/31 11:34:20 📊 Failure Summary:
2026/07/31 11:34:20    Failed Phase: deployment
2026/07/31 11:34:20    Error: hxc213 writer 0 iter 99
2026/07/31 11:34:20    Duration: 805.847759ms
2026/07/31 11:34:20    Servers Deployed: 0
2026/07/31 11:34:20 🔄 Triggering automatic rollback...
2026/07/31 11:34:20 🔄 Rollback requested for 0 deployed server(s) (reason: hxc213 writer 0 iter 99)
2026/07/31 11:34:20 ❌ Rollback NOT completed: rollback NOT completed: real SSH rollback transport not wired (0/0 servers reverted)
2026/07/31 11:34:20 📢 Notification: rollback_not_completed - rollback NOT completed: real SSH rollback transport not wired (0/0 servers reverted)
2026/07/31 11:34:20 📢 Notification: deployment_failed - Production deployment failed: hxc213 writer 0 iter 99
2026/07/31 11:34:20 
❌ PRODUCTION DEPLOYMENT FAILED
2026/07/31 11:34:20 📊 Failure Summary:
2026/07/31 11:34:20    Failed Phase: deployment
2026/07/31 11:34:20    Error: hxc213 writer 0 iter 100
2026/07/31 11:34:20    Duration: 805.932116ms
2026/07/31 11:34:20    Servers Deployed: 0
2026/07/31 11:34:20 🔄 Triggering automatic rollback...
2026/07/31 11:34:20 🔄 Rollback requested for 0 deployed server(s) (reason: hxc213 writer 0 iter 100)
2026/07/31 11:34:20 ❌ Rollback NOT completed: rollback NOT completed: real SSH rollback transport not wired (0/0 servers reverted)
2026/07/31 11:34:20 📢 Notification: rollback_not_completed - rollback NOT completed: real SSH rollback transport not wired (0/0 servers reverted)
2026/07/31 11:34:20 📢 Notification: deployment_failed - Production deployment failed: hxc213 writer 0 iter 100
2026/07/31 11:34:20 
❌ PRODUCTION DEPLOYMENT FAILED
2026/07/31 11:34:20 📊 Failure Summary:
2026/07/31 11:34:20    Failed Phase: deployment
2026/07/31 11:34:20    Error: hxc213 writer 0 iter 101
2026/07/31 11:34:20    Duration: 806.020029ms
2026/07/31 11:34:20    Servers Deployed: 0
2026/07/31 11:34:20 🔄 Triggering automatic rollback...
2026/07/31 11:34:20 🔄 Rollback requested for 0 deployed server(s) (reason: hxc213 writer 0 iter 101)
2026/07/31 11:34:20 ❌ Rollback NOT completed: rollback NOT completed: real SSH rollback transport not wired (0/0 servers reverted)
2026/07/31 11:34:20 📢 Notification: rollback_not_completed - rollback NOT completed: real SSH rollback transport not wired (0/0 servers reverted)
2026/07/31 11:34:20 📢 Notification: deployment_failed - Production deployment failed: hxc213 writer 0 iter 101
2026/07/31 11:34:20 
❌ PRODUCTION DEPLOYMENT FAILED
2026/07/31 11:34:20 📊 Failure Summary:
2026/07/31 11:34:20    Failed Phase: deployment
2026/07/31 11:34:20    Error: hxc213 writer 0 iter 102
2026/07/31 11:34:20    Duration: 806.104337ms
2026/07/31 11:34:20    Servers Deployed: 0
2026/07/31 11:34:20 🔄 Triggering automatic rollback...
2026/07/31 11:34:20 🔄 Rollback requested for 0 deployed server(s) (reason: hxc213 writer 0 iter 102)
2026/07/31 11:34:20 ❌ Rollback NOT completed: rollback NOT completed: real SSH rollback transport not wired (0/0 servers reverted)
2026/07/31 11:34:20 📢 Notification: rollback_not_completed - rollback NOT completed: real SSH rollback transport not wired (0/0 servers reverted)
2026/07/31 11:34:20 📢 Notification: deployment_failed - Production deployment failed: hxc213 writer 0 iter 102
2026/07/31 11:34:20 
❌ PRODUCTION DEPLOYMENT FAILED
2026/07/31 11:34:20 📊 Failure Summary:
2026/07/31 11:34:20    Failed Phase: deployment
2026/07/31 11:34:20    Error: hxc213 writer 0 iter 103
2026/07/31 11:34:20    Duration: 806.187462ms
2026/07/31 11:34:20    Servers Deployed: 0
2026/07/31 11:34:20 🔄 Triggering automatic rollback...
2026/07/31 11:34:20 🔄 Rollback requested for 0 deployed server(s) (reason: hxc213 writer 0 iter 103)
2026/07/31 11:34:20 ❌ Rollback NOT completed: rollback NOT completed: real SSH rollback transport not wired (0/0 servers reverted)
2026/07/31 11:34:20 📢 Notification: rollback_not_completed - rollback NOT completed: real SSH rollback transport not wired (0/0 servers reverted)
2026/07/31 11:34:20 📢 Notification: deployment_failed - Production deployment failed: hxc213 writer 0 iter 103
2026/07/31 11:34:20 
❌ PRODUCTION DEPLOYMENT FAILED
2026/07/31 11:34:20 📊 Failure Summary:
2026/07/31 11:34:20 🔄 Triggering automatic rollback...
2026/07/31 11:34:20    Failed Phase: deployment
2026/07/31 11:34:20    Failed Phase: deployment
2026/07/31 11:34:20    Error: hxc213 writer 0 iter 104
2026/07/31 11:34:20    Duration: 806.286372ms
2026/07/31 11:34:20    Servers Deployed: 0
2026/07/31 11:34:20 🔄 Triggering automatic rollback...
2026/07/31 11:34:20 🔄 Rollback requested for 0 deployed server(s) (reason: hxc213 writer 0 iter 104)
2026/07/31 11:34:20 ❌ Rollback NOT completed: rollback NOT completed: real SSH rollback transport not wired (0/0 servers reverted)
2026/07/31 11:34:20 📢 Notification: rollback_not_completed - rollback NOT completed: real SSH rollback transport not wired (0/0 servers reverted)
2026/07/31 11:34:20 📢 Notification: deployment_failed - Production deployment failed: hxc213 writer 0 iter 104
2026/07/31 11:34:20 
❌ PRODUCTION DEPLOYMENT FAILED
2026/07/31 11:34:20 📊 Failure Summary:
2026/07/31 11:34:20    Failed Phase: deployment
2026/07/31 11:34:20    Error: hxc213 writer 0 iter 105
2026/07/31 11:34:20    Duration: 896.252936ms
2026/07/31 11:34:20    Servers Deployed: 0
2026/07/31 11:34:20 🔄 Triggering automatic rollback...
2026/07/31 11:34:20 🔄 Rollback requested for 0 deployed server(s) (reason: hxc213 writer 0 iter 105)
2026/07/31 11:34:20 ❌ Rollback NOT completed: rollback NOT completed: real SSH rollback transport not wired (0/0 servers reverted)
2026/07/31 11:34:20 📢 Notification: rollback_not_completed - rollback NOT completed: real SSH rollback transport not wired (0/0 servers reverted)
2026/07/31 11:34:20 📢 Notification: deployment_failed - Production deployment failed: hxc213 writer 0 iter 105
2026/07/31 11:34:20 
❌ PRODUCTION DEPLOYMENT FAILED
2026/07/31 11:34:20 📊 Failure Summary:
2026/07/31 11:34:20    Failed Phase: deployment
2026/07/31 11:34:20    Error: hxc213 writer 0 iter 106
2026/07/31 11:34:20    Duration: 896.346628ms
2026/07/31 11:34:20    Servers Deployed: 0
2026/07/31 11:34:20 🔄 Triggering automatic rollback...
2026/07/31 11:34:20 🔄 Rollback requested for 0 deployed server(s) (reason: hxc213 writer 0 iter 106)
2026/07/31 11:34:20 ❌ Rollback NOT completed: rollback NOT completed: real SSH rollback transport not wired (0/0 servers reverted)
2026/07/31 11:34:20 📢 Notification: rollback_not_completed - rollback NOT completed: real SSH rollback transport not wired (0/0 servers reverted)
2026/07/31 11:34:20 📢 Notification: deployment_failed - Production deployment failed: hxc213 writer 0 iter 106
2026/07/31 11:34:20 
❌ PRODUCTION DEPLOYMENT FAILED
2026/07/31 11:34:20 📊 Failure Summary:
2026/07/31 11:34:20    Failed Phase: deployment
2026/07/31 11:34:20    Error: hxc213 writer 0 iter 107
2026/07/31 11:34:20    Duration: 896.438016ms
2026/07/31 11:34:20    Servers Deployed: 0
2026/07/31 11:34:20 🔄 Triggering automatic rollback...
2026/07/31 11:34:20 🔄 Rollback requested for 0 deployed server(s) (reason: hxc213 writer 0 iter 107)
2026/07/31 11:34:20 ❌ Rollback NOT completed: rollback NOT completed: real SSH rollback transport not wired (0/0 servers reverted)
2026/07/31 11:34:20 📢 Notification: rollback_not_completed - rollback NOT completed: real SSH rollback transport not wired (0/0 servers reverted)
2026/07/31 11:34:20 📢 Notification: deployment_failed - Production deployment failed: hxc213 writer 0 iter 107
2026/07/31 11:34:20 
❌ PRODUCTION DEPLOYMENT FAILED
2026/07/31 11:34:20 📊 Failure Summary:
2026/07/31 11:34:20    Failed Phase: deployment
2026/07/31 11:34:20    Error: hxc213 writer 0 iter 108
2026/07/31 11:34:20    Duration: 896.519679ms
2026/07/31 11:34:20    Servers Deployed: 0
2026/07/31 11:34:20 🔄 Triggering automatic rollback...
2026/07/31 11:34:20 🔄 Rollback requested for 0 deployed server(s) (reason: hxc213 writer 0 iter 108)
2026/07/31 11:34:20 ❌ Rollback NOT completed: rollback NOT completed: real SSH rollback transport not wired (0/0 servers reverted)
2026/07/31 11:34:20 📢 Notification: rollback_not_completed - rollback NOT completed: real SSH rollback transport not wired (0/0 servers reverted)
2026/07/31 11:34:20 📢 Notification: deployment_failed - Production deployment failed: hxc213 writer 0 iter 108
2026/07/31 11:34:20 
❌ PRODUCTION DEPLOYMENT FAILED
2026/07/31 11:34:20 📊 Failure Summary:
2026/07/31 11:34:20    Failed Phase: deployment
2026/07/31 11:34:20    Error: hxc213 writer 0 iter 109
2026/07/31 11:34:20    Duration: 896.610697ms
2026/07/31 11:34:20    Servers Deployed: 0
2026/07/31 11:34:20 🔄 Triggering automatic rollback...
2026/07/31 11:34:20 🔄 Rollback requested for 0 deployed server(s) (reason: hxc213 writer 0 iter 109)
2026/07/31 11:34:20 ❌ Rollback NOT completed: rollback NOT completed: real SSH rollback transport not wired (0/0 servers reverted)
2026/07/31 11:34:20 📢 Notification: rollback_not_completed - rollback NOT completed: real SSH rollback transport not wired (0/0 servers reverted)
2026/07/31 11:34:20 📢 Notification: deployment_failed - Production deployment failed: hxc213 writer 0 iter 109
2026/07/31 11:34:20 
❌ PRODUCTION DEPLOYMENT FAILED
2026/07/31 11:34:20 📊 Failure Summary:
2026/07/31 11:34:20    Failed Phase: deployment
2026/07/31 11:34:20    Error: hxc213 writer 0 iter 110
2026/07/31 11:34:20    Duration: 896.685029ms
2026/07/31 11:34:20    Servers Deployed: 0
2026/07/31 11:34:20 🔄 Triggering automatic rollback...
2026/07/31 11:34:20 🔄 Rollback requested for 0 deployed server(s) (reason: hxc213 writer 0 iter 110)
2026/07/31 11:34:20 ❌ Rollback NOT completed: rollback NOT completed: real SSH rollback transport not wired (0/0 servers reverted)
2026/07/31 11:34:20 📢 Notification: rollback_not_completed - rollback NOT completed: real SSH rollback transport not wired (0/0 servers reverted)
2026/07/31 11:34:20 📢 Notification: deployment_failed - Production deployment failed: hxc213 writer 0 iter 110
2026/07/31 11:34:20 
❌ PRODUCTION DEPLOYMENT FAILED
2026/07/31 11:34:20 📊 Failure Summary:
2026/07/31 11:34:20    Failed Phase: deployment
2026/07/31 11:34:20    Error: hxc213 writer 0 iter 111
2026/07/31 11:34:20    Duration: 896.763037ms
2026/07/31 11:34:20    Servers Deployed: 0
2026/07/31 11:34:20 🔄 Triggering automatic rollback...
2026/07/31 11:34:20 🔄 Rollback requested for 0 deployed server(s) (reason: hxc213 writer 0 iter 111)
2026/07/31 11:34:20 ❌ Rollback NOT completed: rollback NOT completed: real SSH rollback transport not wired (0/0 servers reverted)
2026/07/31 11:34:20 📢 Notification: rollback_not_completed - rollback NOT completed: real SSH rollback transport not wired (0/0 servers reverted)
2026/07/31 11:34:20 📢 Notification: deployment_failed - Production deployment failed: hxc213 writer 0 iter 111
2026/07/31 11:34:20 
❌ PRODUCTION DEPLOYMENT FAILED
2026/07/31 11:34:20 📊 Failure Summary:
2026/07/31 11:34:20    Failed Phase: deployment
2026/07/31 11:34:20    Error: hxc213 writer 0 iter 112
2026/07/31 11:34:20    Duration: 896.869108ms
2026/07/31 11:34:20    Servers Deployed: 0
2026/07/31 11:34:20 🔄 Triggering automatic rollback...
2026/07/31 11:34:20 🔄 Rollback requested for 0 deployed server(s) (reason: hxc213 writer 0 iter 112)
2026/07/31 11:34:20 ❌ Rollback NOT completed: rollback NOT completed: real SSH rollback transport not wired (0/0 servers reverted)
2026/07/31 11:34:20 📢 Notification: rollback_not_completed - rollback NOT completed: real SSH rollback transport not wired (0/0 servers reverted)
2026/07/31 11:34:20 📢 Notification: deployment_failed - Production deployment failed: hxc213 writer 0 iter 112
2026/07/31 11:34:20 
❌ PRODUCTION DEPLOYMENT FAILED
2026/07/31 11:34:20 📊 Failure Summary:
2026/07/31 11:34:20    Failed Phase: deployment
2026/07/31 11:34:20    Error: hxc213 writer 0 iter 113
2026/07/31 11:34:20    Duration: 896.957551ms
2026/07/31 11:34:20    Servers Deployed: 0
2026/07/31 11:34:20 🔄 Triggering automatic rollback...
2026/07/31 11:34:20 🔄 Rollback requested for 0 deployed server(s) (reason: hxc213 writer 0 iter 113)
2026/07/31 11:34:20 ❌ Rollback NOT completed: rollback NOT completed: real SSH rollback transport not wired (0/0 servers reverted)
2026/07/31 11:34:20 📢 Notification: rollback_not_completed - rollback NOT completed: real SSH rollback transport not wired (0/0 servers reverted)
2026/07/31 11:34:20 📢 Notification: deployment_failed - Production deployment failed: hxc213 writer 0 iter 113
2026/07/31 11:34:20 
❌ PRODUCTION DEPLOYMENT FAILED
2026/07/31 11:34:20 📊 Failure Summary:
2026/07/31 11:34:20    Failed Phase: deployment
2026/07/31 11:34:20    Error: hxc213 writer 0 iter 114
2026/07/31 11:34:20    Duration: 897.131164ms
2026/07/31 11:34:20    Servers Deployed: 0
2026/07/31 11:34:20 🔄 Triggering automatic rollback...
2026/07/31 11:34:20 🔄 Rollback requested for 0 deployed server(s) (reason: hxc213 writer 0 iter 114)
2026/07/31 11:34:20 ❌ Rollback NOT completed: rollback NOT completed: real SSH rollback transport not wired (0/0 servers reverted)
2026/07/31 11:34:20 📢 Notification: rollback_not_completed - rollback NOT completed: real SSH rollback transport not wired (0/0 servers reverted)
2026/07/31 11:34:20 📢 Notification: deployment_failed - Production deployment failed: hxc213 writer 0 iter 114
2026/07/31 11:34:20 
❌ PRODUCTION DEPLOYMENT FAILED
2026/07/31 11:34:20 📊 Failure Summary:
2026/07/31 11:34:20    Failed Phase: deployment
2026/07/31 11:34:20    Error: hxc213 writer 0 iter 115
2026/07/31 11:34:20    Duration: 897.211966ms
2026/07/31 11:34:20    Servers Deployed: 0
2026/07/31 11:34:20 🔄 Triggering automatic rollback...
2026/07/31 11:34:20 🔄 Rollback requested for 0 deployed server(s) (reason: hxc213 writer 0 iter 115)
2026/07/31 11:34:20 ❌ Rollback NOT completed: rollback NOT completed: real SSH rollback transport not wired (0/0 servers reverted)
2026/07/31 11:34:20 📢 Notification: rollback_not_completed - rollback NOT completed: real SSH rollback transport not wired (0/0 servers reverted)
2026/07/31 11:34:20 📢 Notification: deployment_failed - Production deployment failed: hxc213 writer 0 iter 115
2026/07/31 11:34:20 
❌ PRODUCTION DEPLOYMENT FAILED
2026/07/31 11:34:20 📊 Failure Summary:
2026/07/31 11:34:20    Failed Phase: deployment
2026/07/31 11:34:20    Error: hxc213 writer 0 iter 116
2026/07/31 11:34:20    Duration: 897.292157ms
2026/07/31 11:34:20    Servers Deployed: 0
2026/07/31 11:34:20 🔄 Triggering automatic rollback...
2026/07/31 11:34:20 🔄 Rollback requested for 0 deployed server(s) (reason: hxc213 writer 0 iter 116)
2026/07/31 11:34:20 ❌ Rollback NOT completed: rollback NOT completed: real SSH rollback transport not wired (0/0 servers reverted)
2026/07/31 11:34:20 📢 Notification: rollback_not_completed - rollback NOT completed: real SSH rollback transport not wired (0/0 servers reverted)
2026/07/31 11:34:20 📢 Notification: deployment_failed - Production deployment failed: hxc213 writer 0 iter 116
2026/07/31 11:34:20 
❌ PRODUCTION DEPLOYMENT FAILED
2026/07/31 11:34:20 📊 Failure Summary:
2026/07/31 11:34:20    Failed Phase: deployment
2026/07/31 11:34:20    Error: hxc213 writer 0 iter 117
2026/07/31 11:34:20    Duration: 897.369424ms
2026/07/31 11:34:20    Servers Deployed: 0
2026/07/31 11:34:20 🔄 Triggering automatic rollback...
2026/07/31 11:34:20 🔄 Rollback requested for 0 deployed server(s) (reason: hxc213 writer 0 iter 117)
2026/07/31 11:34:20 ❌ Rollback NOT completed: rollback NOT completed: real SSH rollback transport not wired (0/0 servers reverted)
2026/07/31 11:34:20 📢 Notification: rollback_not_completed - rollback NOT completed: real SSH rollback transport not wired (0/0 servers reverted)
2026/07/31 11:34:20 📢 Notification: deployment_failed - Production deployment failed: hxc213 writer 0 iter 117
2026/07/31 11:34:20 
❌ PRODUCTION DEPLOYMENT FAILED
2026/07/31 11:34:20 📊 Failure Summary:
2026/07/31 11:34:20    Failed Phase: deployment
2026/07/31 11:34:20    Error: hxc213 writer 0 iter 118
2026/07/31 11:34:20    Duration: 897.4595ms
2026/07/31 11:34:20    Servers Deployed: 0
2026/07/31 11:34:20 🔄 Triggering automatic rollback...
2026/07/31 11:34:20 🔄 Rollback requested for 0 deployed server(s) (reason: hxc213 writer 0 iter 118)
2026/07/31 11:34:20 ❌ Rollback NOT completed: rollback NOT completed: real SSH rollback transport not wired (0/0 servers reverted)
2026/07/31 11:34:20 📢 Notification: rollback_not_completed - rollback NOT completed: real SSH rollback transport not wired (0/0 servers reverted)
2026/07/31 11:34:20 📢 Notification: deployment_failed - Production deployment failed: hxc213 writer 0 iter 118
2026/07/31 11:34:20 
❌ PRODUCTION DEPLOYMENT FAILED
2026/07/31 11:34:20 📊 Failure Summary:
2026/07/31 11:34:20    Failed Phase: deployment
2026/07/31 11:34:20    Error: hxc213 writer 0 iter 119
2026/07/31 11:34:20    Duration: 897.535876ms
2026/07/31 11:34:20    Servers Deployed: 0
2026/07/31 11:34:20 🔄 Triggering automatic rollback...
2026/07/31 11:34:20 🔄 Rollback requested for 0 deployed server(s) (reason: hxc213 writer 0 iter 119)
2026/07/31 11:34:20 ❌ Rollback NOT completed: rollback NOT completed: real SSH rollback transport not wired (0/0 servers reverted)
2026/07/31 11:34:20 📢 Notification: rollback_not_completed - rollback NOT completed: real SSH rollback transport not wired (0/0 servers reverted)
2026/07/31 11:34:20 📢 Notification: deployment_failed - Production deployment failed: hxc213 writer 0 iter 119
2026/07/31 11:34:20 
❌ PRODUCTION DEPLOYMENT FAILED
2026/07/31 11:34:20 📊 Failure Summary:
2026/07/31 11:34:20    Failed Phase: deployment
2026/07/31 11:34:20    Error: hxc213 writer 0 iter 120
2026/07/31 11:34:20    Duration: 897.606513ms
2026/07/31 11:34:20    Servers Deployed: 0
2026/07/31 11:34:20 🔄 Triggering automatic rollback...
2026/07/31 11:34:20 🔄 Rollback requested for 0 deployed server(s) (reason: hxc213 writer 0 iter 120)
2026/07/31 11:34:20 ❌ Rollback NOT completed: rollback NOT completed: real SSH rollback transport not wired (0/0 servers reverted)
2026/07/31 11:34:20 📢 Notification: rollback_not_completed - rollback NOT completed: real SSH rollback transport not wired (0/0 servers reverted)
2026/07/31 11:34:20 📢 Notification: deployment_failed - Production deployment failed: hxc213 writer 0 iter 120
2026/07/31 11:34:20 
❌ PRODUCTION DEPLOYMENT FAILED
2026/07/31 11:34:20 📊 Failure Summary:
2026/07/31 11:34:20    Failed Phase: deployment
2026/07/31 11:34:20    Error: hxc213 writer 0 iter 121
2026/07/31 11:34:20    Duration: 897.679813ms
2026/07/31 11:34:20    Servers Deployed: 0
2026/07/31 11:34:20 🔄 Triggering automatic rollback...
2026/07/31 11:34:20 🔄 Rollback requested for 0 deployed server(s) (reason: hxc213 writer 0 iter 121)
2026/07/31 11:34:20 ❌ Rollback NOT completed: rollback NOT completed: real SSH rollback transport not wired (0/0 servers reverted)
2026/07/31 11:34:20 📢 Notification: rollback_not_completed - rollback NOT completed: real SSH rollback transport not wired (0/0 servers reverted)
2026/07/31 11:34:20 📢 Notification: deployment_failed - Production deployment failed: hxc213 writer 0 iter 121
2026/07/31 11:34:20 
❌ PRODUCTION DEPLOYMENT FAILED
2026/07/31 11:34:20 📊 Failure Summary:
2026/07/31 11:34:20    Failed Phase: deployment
2026/07/31 11:34:20    Error: hxc213 writer 0 iter 122
2026/07/31 11:34:20    Duration: 897.751572ms
2026/07/31 11:34:20    Servers Deployed: 0
2026/07/31 11:34:20 🔄 Triggering automatic rollback...
2026/07/31 11:34:20 🔄 Rollback requested for 0 deployed server(s) (reason: hxc213 writer 0 iter 122)
2026/07/31 11:34:20 ❌ Rollback NOT completed: rollback NOT completed: real SSH rollback transport not wired (0/0 servers reverted)
2026/07/31 11:34:20 📢 Notification: rollback_not_completed - rollback NOT completed: real SSH rollback transport not wired (0/0 servers reverted)
2026/07/31 11:34:20 📢 Notification: deployment_failed - Production deployment failed: hxc213 writer 0 iter 122
2026/07/31 11:34:20 
❌ PRODUCTION DEPLOYMENT FAILED
2026/07/31 11:34:20 📊 Failure Summary:
2026/07/31 11:34:20    Failed Phase: deployment
2026/07/31 11:34:20    Error: hxc213 writer 0 iter 123
2026/07/31 11:34:20    Duration: 897.828679ms
2026/07/31 11:34:20    Servers Deployed: 0
2026/07/31 11:34:20    Error: hxc213 writer 2 iter 131
2026/07/31 11:34:20 🔄 Rollback requested for 0 deployed server(s) (reason: hxc213 writer 1 iter 189)
2026/07/31 11:34:20 ❌ Rollback NOT completed: rollback NOT completed: real SSH rollback transport not wired (0/0 servers reverted)
2026/07/31 11:34:20 📢 Notification: rollback_not_completed - rollback NOT completed: real SSH rollback transport not wired (0/0 servers reverted)
2026/07/31 11:34:20 📢 Notification: deployment_failed - Production deployment failed: hxc213 writer 1 iter 189
2026/07/31 11:34:20 
❌ PRODUCTION DEPLOYMENT FAILED
2026/07/31 11:34:20    Duration: 898.188853ms
2026/07/31 11:34:20    Servers Deployed: 0
2026/07/31 11:34:20 🔄 Triggering automatic rollback...
2026/07/31 11:34:20 🔄 Rollback requested for 0 deployed server(s) (reason: hxc213 writer 2 iter 131)
2026/07/31 11:34:20 ❌ Rollback NOT completed: rollback NOT completed: real SSH rollback transport not wired (0/0 servers reverted)
2026/07/31 11:34:20 📢 Notification: rollback_not_completed - rollback NOT completed: real SSH rollback transport not wired (0/0 servers reverted)
2026/07/31 11:34:20 📢 Notification: deployment_failed - Production deployment failed: hxc213 writer 2 iter 131
2026/07/31 11:34:20 
❌ PRODUCTION DEPLOYMENT FAILED
2026/07/31 11:34:20 📊 Failure Summary:
2026/07/31 11:34:20    Failed Phase: deployment
2026/07/31 11:34:20    Error: hxc213 writer 2 iter 132
2026/07/31 11:34:20    Duration: 898.399612ms
2026/07/31 11:34:20    Servers Deployed: 0
2026/07/31 11:34:20 🔄 Triggering automatic rollback...
2026/07/31 11:34:20 🔄 Rollback requested for 0 deployed server(s) (reason: hxc213 writer 2 iter 132)
2026/07/31 11:34:20 ❌ Rollback NOT completed: rollback NOT completed: real SSH rollback transport not wired (0/0 servers reverted)
2026/07/31 11:34:20 📢 Notification: rollback_not_completed - rollback NOT completed: real SSH rollback transport not wired (0/0 servers reverted)
2026/07/31 11:34:20 📢 Notification: deployment_failed - Production deployment failed: hxc213 writer 2 iter 132
2026/07/31 11:34:20 
❌ PRODUCTION DEPLOYMENT FAILED
2026/07/31 11:34:20 📊 Failure Summary:
2026/07/31 11:34:20    Failed Phase: deployment
2026/07/31 11:34:20    Error: hxc213 writer 2 iter 133
2026/07/31 11:34:20    Duration: 898.491581ms
2026/07/31 11:34:20    Servers Deployed: 0
2026/07/31 11:34:20 🔄 Triggering automatic rollback...
2026/07/31 11:34:20 🔄 Rollback requested for 0 deployed server(s) (reason: hxc213 writer 2 iter 133)
2026/07/31 11:34:20 ❌ Rollback NOT completed: rollback NOT completed: real SSH rollback transport not wired (0/0 servers reverted)
2026/07/31 11:34:20 📢 Notification: rollback_not_completed - rollback NOT completed: real SSH rollback transport not wired (0/0 servers reverted)
2026/07/31 11:34:20 📢 Notification: deployment_failed - Production deployment failed: hxc213 writer 2 iter 133
2026/07/31 11:34:20 
❌ PRODUCTION DEPLOYMENT FAILED
2026/07/31 11:34:20 📊 Failure Summary:
2026/07/31 11:34:20    Failed Phase: deployment
2026/07/31 11:34:20    Error: hxc213 writer 2 iter 134
2026/07/31 11:34:20    Duration: 898.58395ms
2026/07/31 11:34:20    Servers Deployed: 0
2026/07/31 11:34:20 🔄 Triggering automatic rollback...
2026/07/31 11:34:20 🔄 Rollback requested for 0 deployed server(s) (reason: hxc213 writer 2 iter 134)
2026/07/31 11:34:20 ❌ Rollback NOT completed: rollback NOT completed: real SSH rollback transport not wired (0/0 servers reverted)
2026/07/31 11:34:20 📢 Notification: rollback_not_completed - rollback NOT completed: real SSH rollback transport not wired (0/0 servers reverted)
2026/07/31 11:34:20 📢 Notification: deployment_failed - Production deployment failed: hxc213 writer 2 iter 134
2026/07/31 11:34:20 
❌ PRODUCTION DEPLOYMENT FAILED
2026/07/31 11:34:20 📊 Failure Summary:
2026/07/31 11:34:20    Failed Phase: deployment
2026/07/31 11:34:20    Error: hxc213 writer 2 iter 135
2026/07/31 11:34:20    Duration: 898.66952ms
2026/07/31 11:34:20    Servers Deployed: 0
2026/07/31 11:34:20 🔄 Triggering automatic rollback...
2026/07/31 11:34:20 🔄 Rollback requested for 0 deployed server(s) (reason: hxc213 writer 2 iter 135)
2026/07/31 11:34:20 ❌ Rollback NOT completed: rollback NOT completed: real SSH rollback transport not wired (0/0 servers reverted)
2026/07/31 11:34:20 📢 Notification: rollback_not_completed - rollback NOT completed: real SSH rollback transport not wired (0/0 servers reverted)
2026/07/31 11:34:20 📢 Notification: deployment_failed - Production deployment failed: hxc213 writer 2 iter 135
2026/07/31 11:34:20 
❌ PRODUCTION DEPLOYMENT FAILED
2026/07/31 11:34:20 📊 Failure Summary:
2026/07/31 11:34:20    Failed Phase: deployment
2026/07/31 11:34:20    Error: hxc213 writer 2 iter 136
2026/07/31 11:34:20    Duration: 898.746836ms
2026/07/31 11:34:20    Servers Deployed: 0
2026/07/31 11:34:20 🔄 Triggering automatic rollback...
2026/07/31 11:34:20 🔄 Rollback requested for 0 deployed server(s) (reason: hxc213 writer 2 iter 136)
2026/07/31 11:34:20 ❌ Rollback NOT completed: rollback NOT completed: real SSH rollback transport not wired (0/0 servers reverted)
2026/07/31 11:34:20 📢 Notification: rollback_not_completed - rollback NOT completed: real SSH rollback transport not wired (0/0 servers reverted)
2026/07/31 11:34:20 📢 Notification: deployment_failed - Production deployment failed: hxc213 writer 2 iter 136
2026/07/31 11:34:20 
❌ PRODUCTION DEPLOYMENT FAILED
2026/07/31 11:34:20 📊 Failure Summary:
2026/07/31 11:34:20    Failed Phase: deployment
2026/07/31 11:34:20    Error: hxc213 writer 2 iter 137
2026/07/31 11:34:20    Duration: 898.833497ms
2026/07/31 11:34:20    Servers Deployed: 0
2026/07/31 11:34:20 🔄 Triggering automatic rollback...
2026/07/31 11:34:20 🔄 Rollback requested for 0 deployed server(s) (reason: hxc213 writer 2 iter 137)
2026/07/31 11:34:20 ❌ Rollback NOT completed: rollback NOT completed: real SSH rollback transport not wired (0/0 servers reverted)
2026/07/31 11:34:20 📢 Notification: rollback_not_completed - rollback NOT completed: real SSH rollback transport not wired (0/0 servers reverted)
2026/07/31 11:34:20 📢 Notification: deployment_failed - Production deployment failed: hxc213 writer 2 iter 137
2026/07/31 11:34:20 
❌ PRODUCTION DEPLOYMENT FAILED
2026/07/31 11:34:20 📊 Failure Summary:
2026/07/31 11:34:20    Failed Phase: deployment
2026/07/31 11:34:20    Error: hxc213 writer 2 iter 138
2026/07/31 11:34:20    Duration: 898.918005ms
2026/07/31 11:34:20    Servers Deployed: 0
2026/07/31 11:34:20 🔄 Triggering automatic rollback...
2026/07/31 11:34:20 🔄 Rollback requested for 0 deployed server(s) (reason: hxc213 writer 2 iter 138)
2026/07/31 11:34:20 ❌ Rollback NOT completed: rollback NOT completed: real SSH rollback transport not wired (0/0 servers reverted)
2026/07/31 11:34:20 📢 Notification: rollback_not_completed - rollback NOT completed: real SSH rollback transport not wired (0/0 servers reverted)
2026/07/31 11:34:20 📢 Notification: deployment_failed - Production deployment failed: hxc213 writer 2 iter 138
2026/07/31 11:34:20 
❌ PRODUCTION DEPLOYMENT FAILED
2026/07/31 11:34:20 📊 Failure Summary:
2026/07/31 11:34:20    Failed Phase: deployment
2026/07/31 11:34:20    Error: hxc213 writer 2 iter 139
2026/07/31 11:34:20    Duration: 898.995222ms
2026/07/31 11:34:20    Servers Deployed: 0
2026/07/31 11:34:20 🔄 Triggering automatic rollback...
2026/07/31 11:34:20 🔄 Rollback requested for 0 deployed server(s) (reason: hxc213 writer 2 iter 139)
2026/07/31 11:34:20 ❌ Rollback NOT completed: rollback NOT completed: real SSH rollback transport not wired (0/0 servers reverted)
2026/07/31 11:34:20 📢 Notification: rollback_not_completed - rollback NOT completed: real SSH rollback transport not wired (0/0 servers reverted)
2026/07/31 11:34:20 📢 Notification: deployment_failed - Production deployment failed: hxc213 writer 2 iter 139
2026/07/31 11:34:20 
❌ PRODUCTION DEPLOYMENT FAILED
2026/07/31 11:34:20 📊 Failure Summary:
2026/07/31 11:34:20    Failed Phase: deployment
2026/07/31 11:34:20    Error: hxc213 writer 2 iter 140
2026/07/31 11:34:20    Duration: 899.078888ms
2026/07/31 11:34:20 📊 Failure Summary:
2026/07/31 11:34:20    Failed Phase: deployment
2026/07/31 11:34:20    Error: hxc213 writer 1 iter 190
2026/07/31 11:34:20    Duration: 899.078888ms
2026/07/31 11:34:20    Servers Deployed: 0
2026/07/31 11:34:20 🔄 Triggering automatic rollback...
2026/07/31 11:34:20 🔄 Rollback requested for 0 deployed server(s) (reason: hxc213 writer 1 iter 190)
2026/07/31 11:34:20 ❌ Rollback NOT completed: rollback NOT completed: real SSH rollback transport not wired (0/0 servers reverted)
2026/07/31 11:34:20 📢 Notification: rollback_not_completed - rollback NOT completed: real SSH rollback transport not wired (0/0 servers reverted)
2026/07/31 11:34:20 📢 Notification: deployment_failed - Production deployment failed: hxc213 writer 1 iter 190
2026/07/31 11:34:20 
❌ PRODUCTION DEPLOYMENT FAILED
2026/07/31 11:34:20 📊 Failure Summary:
2026/07/31 11:34:20    Failed Phase: deployment
2026/07/31 11:34:20    Error: hxc213 writer 1 iter 191
2026/07/31 11:34:20    Duration: 901.344684ms
2026/07/31 11:34:20    Servers Deployed: 0
2026/07/31 11:34:20 🔄 Triggering automatic rollback...
2026/07/31 11:34:20 🔄 Rollback requested for 0 deployed server(s) (reason: hxc213 writer 1 iter 191)
2026/07/31 11:34:20 ❌ Rollback NOT completed: rollback NOT completed: real SSH rollback transport not wired (0/0 servers reverted)
2026/07/31 11:34:20 📢 Notification: rollback_not_completed - rollback NOT completed: real SSH rollback transport not wired (0/0 servers reverted)
2026/07/31 11:34:20 📢 Notification: deployment_failed - Production deployment failed: hxc213 writer 1 iter 191
2026/07/31 11:34:20 
❌ PRODUCTION DEPLOYMENT FAILED
2026/07/31 11:34:20 📊 Failure Summary:
2026/07/31 11:34:20    Failed Phase: deployment
2026/07/31 11:34:20    Error: hxc213 writer 1 iter 192
2026/07/31 11:34:20    Duration: 901.432416ms
2026/07/31 11:34:20    Servers Deployed: 0
2026/07/31 11:34:20 🔄 Triggering automatic rollback...
2026/07/31 11:34:20 🔄 Rollback requested for 0 deployed server(s) (reason: hxc213 writer 1 iter 192)
2026/07/31 11:34:20 ❌ Rollback NOT completed: rollback NOT completed: real SSH rollback transport not wired (0/0 servers reverted)
2026/07/31 11:34:20 📢 Notification: rollback_not_completed - rollback NOT completed: real SSH rollback transport not wired (0/0 servers reverted)
2026/07/31 11:34:20 📢 Notification: deployment_failed - Production deployment failed: hxc213 writer 1 iter 192
2026/07/31 11:34:20 
❌ PRODUCTION DEPLOYMENT FAILED
2026/07/31 11:34:20 📊 Failure Summary:
2026/07/31 11:34:20    Failed Phase: deployment
2026/07/31 11:34:20    Error: hxc213 writer 1 iter 193
2026/07/31 11:34:20 🔄 Triggering automatic rollback...
2026/07/31 11:34:20    Servers Deployed: 0
2026/07/31 11:34:20 🔄 Triggering automatic rollback...
2026/07/31 11:34:20 🔄 Rollback requested for 0 deployed server(s) (reason: hxc213 writer 0 iter 123)
2026/07/31 11:34:20 ❌ Rollback NOT completed: rollback NOT completed: real SSH rollback transport not wired (0/0 servers reverted)
2026/07/31 11:34:20 📢 Notification: rollback_not_completed - rollback NOT completed: real SSH rollback transport not wired (0/0 servers reverted)
2026/07/31 11:34:20 📢 Notification: deployment_failed - Production deployment failed: hxc213 writer 0 iter 123
2026/07/31 11:34:20 
❌ PRODUCTION DEPLOYMENT FAILED
2026/07/31 11:34:20 📊 Failure Summary:
2026/07/31 11:34:20    Failed Phase: deployment
2026/07/31 11:34:20    Error: hxc213 writer 0 iter 124
2026/07/31 11:34:20    Duration: 901.525617ms
2026/07/31 11:34:20    Servers Deployed: 0
2026/07/31 11:34:20 🔄 Triggering automatic rollback...
2026/07/31 11:34:20 🔄 Rollback requested for 0 deployed server(s) (reason: hxc213 writer 1 iter 193)
2026/07/31 11:34:20 ❌ Rollback NOT completed: rollback NOT completed: real SSH rollback transport not wired (0/0 servers reverted)
2026/07/31 11:34:20 📢 Notification: rollback_not_completed - rollback NOT completed: real SSH rollback transport not wired (0/0 servers reverted)
2026/07/31 11:34:20 📢 Notification: deployment_failed - Production deployment failed: hxc213 writer 1 iter 193
2026/07/31 11:34:20 
❌ PRODUCTION DEPLOYMENT FAILED
2026/07/31 11:34:20 📊 Failure Summary:
2026/07/31 11:34:20    Failed Phase: deployment
2026/07/31 11:34:20    Error: hxc213 writer 1 iter 194
2026/07/31 11:34:20    Duration: 902.283563ms
2026/07/31 11:34:20    Servers Deployed: 0
2026/07/31 11:34:20 🔄 Triggering automatic rollback...
2026/07/31 11:34:20 🔄 Rollback requested for 0 deployed server(s) (reason: hxc213 writer 1 iter 194)
2026/07/31 11:34:20 ❌ Rollback NOT completed: rollback NOT completed: real SSH rollback transport not wired (0/0 servers reverted)
2026/07/31 11:34:20 📢 Notification: rollback_not_completed - rollback NOT completed: real SSH rollback transport not wired (0/0 servers reverted)
2026/07/31 11:34:20 📢 Notification: deployment_failed - Production deployment failed: hxc213 writer 1 iter 194
2026/07/31 11:34:20 
❌ PRODUCTION DEPLOYMENT FAILED
2026/07/31 11:34:20 📊 Failure Summary:
2026/07/31 11:34:20    Failed Phase: deployment
2026/07/31 11:34:20    Error: hxc213 writer 1 iter 195
2026/07/31 11:34:20    Duration: 903.586803ms
2026/07/31 11:34:20    Servers Deployed: 0
2026/07/31 11:34:20 🔄 Triggering automatic rollback...
2026/07/31 11:34:20 🔄 Rollback requested for 0 deployed server(s) (reason: hxc213 writer 1 iter 195)
2026/07/31 11:34:20 ❌ Rollback NOT completed: rollback NOT completed: real SSH rollback transport not wired (0/0 servers reverted)
2026/07/31 11:34:20 📢 Notification: rollback_not_completed - rollback NOT completed: real SSH rollback transport not wired (0/0 servers reverted)
2026/07/31 11:34:20 📢 Notification: deployment_failed - Production deployment failed: hxc213 writer 1 iter 195
2026/07/31 11:34:20 
❌ PRODUCTION DEPLOYMENT FAILED
2026/07/31 11:34:20 📊 Failure Summary:
2026/07/31 11:34:20    Failed Phase: deployment
2026/07/31 11:34:20    Error: hxc213 writer 1 iter 196
2026/07/31 11:34:20    Duration: 903.671351ms
2026/07/31 11:34:20    Servers Deployed: 0
2026/07/31 11:34:20 🔄 Triggering automatic rollback...
2026/07/31 11:34:20 🔄 Rollback requested for 0 deployed server(s) (reason: hxc213 writer 1 iter 196)
2026/07/31 11:34:20 ❌ Rollback NOT completed: rollback NOT completed: real SSH rollback transport not wired (0/0 servers reverted)
2026/07/31 11:34:20 📢 Notification: rollback_not_completed - rollback NOT completed: real SSH rollback transport not wired (0/0 servers reverted)
2026/07/31 11:34:20 📢 Notification: deployment_failed - Production deployment failed: hxc213 writer 1 iter 196
2026/07/31 11:34:20 
❌ PRODUCTION DEPLOYMENT FAILED
2026/07/31 11:34:20 📊 Failure Summary:
2026/07/31 11:34:20    Failed Phase: deployment
2026/07/31 11:34:20    Error: hxc213 writer 1 iter 197
2026/07/31 11:34:20    Duration: 903.755438ms
2026/07/31 11:34:20    Servers Deployed: 0
2026/07/31 11:34:20 🔄 Triggering automatic rollback...
2026/07/31 11:34:20 🔄 Rollback requested for 0 deployed server(s) (reason: hxc213 writer 1 iter 197)
2026/07/31 11:34:20 ❌ Rollback NOT completed: rollback NOT completed: real SSH rollback transport not wired (0/0 servers reverted)
2026/07/31 11:34:20 📢 Notification: rollback_not_completed - rollback NOT completed: real SSH rollback transport not wired (0/0 servers reverted)
2026/07/31 11:34:20 📢 Notification: deployment_failed - Production deployment failed: hxc213 writer 1 iter 197
2026/07/31 11:34:20 
❌ PRODUCTION DEPLOYMENT FAILED
2026/07/31 11:34:20 📊 Failure Summary:
2026/07/31 11:34:20    Failed Phase: deployment
2026/07/31 11:34:20    Error: hxc213 writer 1 iter 198
2026/07/31 11:34:20    Duration: 903.839184ms
2026/07/31 11:34:20    Servers Deployed: 0
2026/07/31 11:34:20 🔄 Triggering automatic rollback...
2026/07/31 11:34:20 🔄 Rollback requested for 0 deployed server(s) (reason: hxc213 writer 1 iter 198)
2026/07/31 11:34:20 ❌ Rollback NOT completed: rollback NOT completed: real SSH rollback transport not wired (0/0 servers reverted)
2026/07/31 11:34:20 📢 Notification: rollback_not_completed - rollback NOT completed: real SSH rollback transport not wired (0/0 servers reverted)
2026/07/31 11:34:20 📢 Notification: deployment_failed - Production deployment failed: hxc213 writer 1 iter 198
2026/07/31 11:34:20 
❌ PRODUCTION DEPLOYMENT FAILED
2026/07/31 11:34:20 📊 Failure Summary:
2026/07/31 11:34:20    Failed Phase: deployment
2026/07/31 11:34:20    Error: hxc213 writer 1 iter 199
2026/07/31 11:34:20    Duration: 903.953107ms
2026/07/31 11:34:20    Servers Deployed: 0
2026/07/31 11:34:20 🔄 Triggering automatic rollback...
2026/07/31 11:34:20 🔄 Rollback requested for 0 deployed server(s) (reason: hxc213 writer 1 iter 199)
2026/07/31 11:34:20 ❌ Rollback NOT completed: rollback NOT completed: real SSH rollback transport not wired (0/0 servers reverted)
2026/07/31 11:34:20 📢 Notification: rollback_not_completed - rollback NOT completed: real SSH rollback transport not wired (0/0 servers reverted)
2026/07/31 11:34:20 📢 Notification: deployment_failed - Production deployment failed: hxc213 writer 1 iter 199
2026/07/31 11:34:20 
❌ PRODUCTION DEPLOYMENT FAILED
2026/07/31 11:34:20 📊 Failure Summary:
2026/07/31 11:34:20    Failed Phase: deployment
2026/07/31 11:34:20    Error: hxc213 writer 1 iter 200
2026/07/31 11:34:20    Duration: 904.029612ms
2026/07/31 11:34:20    Servers Deployed: 0
2026/07/31 11:34:20 🔄 Triggering automatic rollback...
2026/07/31 11:34:20 🔄 Rollback requested for 0 deployed server(s) (reason: hxc213 writer 1 iter 200)
2026/07/31 11:34:20 ❌ Rollback NOT completed: rollback NOT completed: real SSH rollback transport not wired (0/0 servers reverted)
2026/07/31 11:34:20 📢 Notification: rollback_not_completed - rollback NOT completed: real SSH rollback transport not wired (0/0 servers reverted)
2026/07/31 11:34:20 📢 Notification: deployment_failed - Production deployment failed: hxc213 writer 1 iter 200
2026/07/31 11:34:20 
❌ PRODUCTION DEPLOYMENT FAILED
2026/07/31 11:34:20 📊 Failure Summary:
2026/07/31 11:34:20    Failed Phase: deployment
2026/07/31 11:34:20    Error: hxc213 writer 1 iter 201
2026/07/31 11:34:20    Duration: 904.107139ms
2026/07/31 11:34:20    Servers Deployed: 0
2026/07/31 11:34:20 🔄 Triggering automatic rollback...
2026/07/31 11:34:20 🔄 Rollback requested for 0 deployed server(s) (reason: hxc213 writer 1 iter 201)
2026/07/31 11:34:20 ❌ Rollback NOT completed: rollback NOT completed: real SSH rollback transport not wired (0/0 servers reverted)
2026/07/31 11:34:20 📢 Notification: rollback_not_completed - rollback NOT completed: real SSH rollback transport not wired (0/0 servers reverted)
2026/07/31 11:34:20 📢 Notification: deployment_failed - Production deployment failed: hxc213 writer 1 iter 201
2026/07/31 11:34:20 
❌ PRODUCTION DEPLOYMENT FAILED
2026/07/31 11:34:20 📊 Failure Summary:
2026/07/31 11:34:20    Failed Phase: deployment
2026/07/31 11:34:20    Error: hxc213 writer 1 iter 202
2026/07/31 11:34:20    Duration: 904.185538ms
2026/07/31 11:34:20    Servers Deployed: 0
2026/07/31 11:34:20 🔄 Triggering automatic rollback...
2026/07/31 11:34:20 🔄 Rollback requested for 0 deployed server(s) (reason: hxc213 writer 1 iter 202)
2026/07/31 11:34:20 ❌ Rollback NOT completed: rollback NOT completed: real SSH rollback transport not wired (0/0 servers reverted)
2026/07/31 11:34:20 📢 Notification: rollback_not_completed - rollback NOT completed: real SSH rollback transport not wired (0/0 servers reverted)
2026/07/31 11:34:20 📢 Notification: deployment_failed - Production deployment failed: hxc213 writer 1 iter 202
2026/07/31 11:34:20 
❌ PRODUCTION DEPLOYMENT FAILED
2026/07/31 11:34:20 📊 Failure Summary:
2026/07/31 11:34:20    Failed Phase: deployment
2026/07/31 11:34:20    Error: hxc213 writer 1 iter 203
2026/07/31 11:34:20    Duration: 904.267953ms
2026/07/31 11:34:20    Servers Deployed: 0
2026/07/31 11:34:20 🔄 Triggering automatic rollback...
2026/07/31 11:34:20 🔄 Rollback requested for 0 deployed server(s) (reason: hxc213 writer 1 iter 203)
2026/07/31 11:34:20 ❌ Rollback NOT completed: rollback NOT completed: real SSH rollback transport not wired (0/0 servers reverted)
2026/07/31 11:34:20 📢 Notification: rollback_not_completed - rollback NOT completed: real SSH rollback transport not wired (0/0 servers reverted)
2026/07/31 11:34:20 📢 Notification: deployment_failed - Production deployment failed: hxc213 writer 1 iter 203
2026/07/31 11:34:20 
❌ PRODUCTION DEPLOYMENT FAILED
2026/07/31 11:34:20 📊 Failure Summary:
2026/07/31 11:34:20    Failed Phase: deployment
2026/07/31 11:34:20    Error: hxc213 writer 1 iter 204
2026/07/31 11:34:20    Duration: 904.976694ms
2026/07/31 11:34:20    Servers Deployed: 0
2026/07/31 11:34:20 🔄 Triggering automatic rollback...
2026/07/31 11:34:20 🔄 Rollback requested for 0 deployed server(s) (reason: hxc213 writer 1 iter 204)
2026/07/31 11:34:20 ❌ Rollback NOT completed: rollback NOT completed: real SSH rollback transport not wired (0/0 servers reverted)
2026/07/31 11:34:20 📢 Notification: rollback_not_completed - rollback NOT completed: real SSH rollback transport not wired (0/0 servers reverted)
2026/07/31 11:34:20 📢 Notification: deployment_failed - Production deployment failed: hxc213 writer 1 iter 204
2026/07/31 11:34:20 
❌ PRODUCTION DEPLOYMENT FAILED
2026/07/31 11:34:20 📊 Failure Summary:
2026/07/31 11:34:20    Failed Phase: deployment
2026/07/31 11:34:20    Error: hxc213 writer 1 iter 205
2026/07/31 11:34:20    Duration: 905.060471ms
2026/07/31 11:34:20    Servers Deployed: 0
2026/07/31 11:34:20 🔄 Triggering automatic rollback...
2026/07/31 11:34:20 🔄 Rollback requested for 0 deployed server(s) (reason: hxc213 writer 1 iter 205)
2026/07/31 11:34:20 ❌ Rollback NOT completed: rollback NOT completed: real SSH rollback transport not wired (0/0 servers reverted)
2026/07/31 11:34:20 📢 Notification: rollback_not_completed - rollback NOT completed: real SSH rollback transport not wired (0/0 servers reverted)
2026/07/31 11:34:20 📢 Notification: deployment_failed - Production deployment failed: hxc213 writer 1 iter 205
2026/07/31 11:34:20 
❌ PRODUCTION DEPLOYMENT FAILED
2026/07/31 11:34:20 📊 Failure Summary:
2026/07/31 11:34:20    Failed Phase: deployment
2026/07/31 11:34:20    Error: hxc213 writer 1 iter 206
2026/07/31 11:34:20    Duration: 905.147362ms
2026/07/31 11:34:20    Servers Deployed: 0
2026/07/31 11:34:20 🔄 Triggering automatic rollback...
2026/07/31 11:34:20 🔄 Rollback requested for 0 deployed server(s) (reason: hxc213 writer 1 iter 206)
2026/07/31 11:34:20 ❌ Rollback NOT completed: rollback NOT completed: real SSH rollback transport not wired (0/0 servers reverted)
2026/07/31 11:34:20 📢 Notification: rollback_not_completed - rollback NOT completed: real SSH rollback transport not wired (0/0 servers reverted)
2026/07/31 11:34:20 📢 Notification: deployment_failed - Production deployment failed: hxc213 writer 1 iter 206
2026/07/31 11:34:20 
❌ PRODUCTION DEPLOYMENT FAILED
2026/07/31 11:34:20 📊 Failure Summary:
2026/07/31 11:34:20    Failed Phase: deployment
2026/07/31 11:34:20    Error: hxc213 writer 1 iter 207
2026/07/31 11:34:20    Duration: 905.228164ms
2026/07/31 11:34:20    Servers Deployed: 0
2026/07/31 11:34:20 🔄 Triggering automatic rollback...
2026/07/31 11:34:20 🔄 Rollback requested for 0 deployed server(s) (reason: hxc213 writer 1 iter 207)
2026/07/31 11:34:20 ❌ Rollback NOT completed: rollback NOT completed: real SSH rollback transport not wired (0/0 servers reverted)
2026/07/31 11:34:20 📢 Notification: rollback_not_completed - rollback NOT completed: real SSH rollback transport not wired (0/0 servers reverted)
2026/07/31 11:34:20 📢 Notification: deployment_failed - Production deployment failed: hxc213 writer 1 iter 207
2026/07/31 11:34:20 
❌ PRODUCTION DEPLOYMENT FAILED
2026/07/31 11:34:20 📊 Failure Summary:
2026/07/31 11:34:20    Failed Phase: deployment
2026/07/31 11:34:20    Error: hxc213 writer 1 iter 208
2026/07/31 11:34:20    Duration: 905.320013ms
2026/07/31 11:34:20    Servers Deployed: 0
2026/07/31 11:34:20 🔄 Triggering automatic rollback...
2026/07/31 11:34:20 🔄 Rollback requested for 0 deployed server(s) (reason: hxc213 writer 1 iter 208)
2026/07/31 11:34:20 ❌ Rollback NOT completed: rollback NOT completed: real SSH rollback transport not wired (0/0 servers reverted)
2026/07/31 11:34:20 📢 Notification: rollback_not_completed - rollback NOT completed: real SSH rollback transport not wired (0/0 servers reverted)
2026/07/31 11:34:20 📢 Notification: deployment_failed - Production deployment failed: hxc213 writer 1 iter 208
2026/07/31 11:34:20 
❌ PRODUCTION DEPLOYMENT FAILED
2026/07/31 11:34:20 📊 Failure Summary:
2026/07/31 11:34:20    Failed Phase: deployment
2026/07/31 11:34:20    Error: hxc213 writer 1 iter 209
2026/07/31 11:34:20    Duration: 905.409238ms
2026/07/31 11:34:20    Servers Deployed: 0
2026/07/31 11:34:20 🔄 Triggering automatic rollback...
2026/07/31 11:34:20 🔄 Rollback requested for 0 deployed server(s) (reason: hxc213 writer 1 iter 209)
2026/07/31 11:34:20 ❌ Rollback NOT completed: rollback NOT completed: real SSH rollback transport not wired (0/0 servers reverted)
2026/07/31 11:34:20 📢 Notification: rollback_not_completed - rollback NOT completed: real SSH rollback transport not wired (0/0 servers reverted)
2026/07/31 11:34:20 📢 Notification: deployment_failed - Production deployment failed: hxc213 writer 1 iter 209
2026/07/31 11:34:20 
❌ PRODUCTION DEPLOYMENT FAILED
2026/07/31 11:34:20 📊 Failure Summary:
2026/07/31 11:34:20    Failed Phase: deployment
2026/07/31 11:34:20    Error: hxc213 writer 1 iter 210
2026/07/31 11:34:20    Duration: 905.499815ms
2026/07/31 11:34:20    Servers Deployed: 0
2026/07/31 11:34:20 🔄 Triggering automatic rollback...
2026/07/31 11:34:20 🔄 Rollback requested for 0 deployed server(s) (reason: hxc213 writer 1 iter 210)
2026/07/31 11:34:20 ❌ Rollback NOT completed: rollback NOT completed: real SSH rollback transport not wired (0/0 servers reverted)
2026/07/31 11:34:20 📢 Notification: rollback_not_completed - rollback NOT completed: real SSH rollback transport not wired (0/0 servers reverted)
2026/07/31 11:34:20 📢 Notification: deployment_failed - Production deployment failed: hxc213 writer 1 iter 210
2026/07/31 11:34:20 
❌ PRODUCTION DEPLOYMENT FAILED
2026/07/31 11:34:20 📊 Failure Summary:
2026/07/31 11:34:20    Failed Phase: deployment
2026/07/31 11:34:20    Error: hxc213 writer 1 iter 211
2026/07/31 11:34:20    Duration: 905.554558ms
2026/07/31 11:34:20    Servers Deployed: 0
2026/07/31 11:34:20 🔄 Triggering automatic rollback...
2026/07/31 11:34:20 🔄 Rollback requested for 0 deployed server(s) (reason: hxc213 writer 1 iter 211)
2026/07/31 11:34:20 ❌ Rollback NOT completed: rollback NOT completed: real SSH rollback transport not wired (0/0 servers reverted)
2026/07/31 11:34:20 📢 Notification: rollback_not_completed - rollback NOT completed: real SSH rollback transport not wired (0/0 servers reverted)
2026/07/31 11:34:20 📢 Notification: deployment_failed - Production deployment failed: hxc213 writer 1 iter 211
2026/07/31 11:34:20 
❌ PRODUCTION DEPLOYMENT FAILED
2026/07/31 11:34:20 📊 Failure Summary:
2026/07/31 11:34:20    Failed Phase: deployment
2026/07/31 11:34:20    Error: hxc213 writer 1 iter 212
2026/07/31 11:34:20    Duration: 905.608439ms
2026/07/31 11:34:20    Servers Deployed: 0
2026/07/31 11:34:20 🔄 Triggering automatic rollback...
2026/07/31 11:34:20 🔄 Rollback requested for 0 deployed server(s) (reason: hxc213 writer 1 iter 212)
2026/07/31 11:34:20 ❌ Rollback NOT completed: rollback NOT completed: real SSH rollback transport not wired (0/0 servers reverted)
2026/07/31 11:34:20 📢 Notification: rollback_not_completed - rollback NOT completed: real SSH rollback transport not wired (0/0 servers reverted)
2026/07/31 11:34:20 📢 Notification: deployment_failed - Production deployment failed: hxc213 writer 1 iter 212
2026/07/31 11:34:20 
❌ PRODUCTION DEPLOYMENT FAILED
2026/07/31 11:34:20 📊 Failure Summary:
2026/07/31 11:34:20 🔄 Rollback requested for 0 deployed server(s) (reason: hxc213 writer 2 iter 140)
2026/07/31 11:34:20    Duration: 902.133155ms
2026/07/31 11:34:20    Servers Deployed: 0
2026/07/31 11:34:20 🔄 Triggering automatic rollback...
2026/07/31 11:34:20 🔄 Rollback requested for 0 deployed server(s) (reason: hxc213 writer 0 iter 124)
2026/07/31 11:34:20 ❌ Rollback NOT completed: rollback NOT completed: real SSH rollback transport not wired (0/0 servers reverted)
2026/07/31 11:34:20 📢 Notification: rollback_not_completed - rollback NOT completed: real SSH rollback transport not wired (0/0 servers reverted)
2026/07/31 11:34:20 📢 Notification: deployment_failed - Production deployment failed: hxc213 writer 0 iter 124
2026/07/31 11:34:20 
❌ PRODUCTION DEPLOYMENT FAILED
2026/07/31 11:34:20 📊 Failure Summary:
2026/07/31 11:34:20    Failed Phase: deployment
2026/07/31 11:34:20    Error: hxc213 writer 0 iter 125
2026/07/31 11:34:20    Duration: 994.417183ms
2026/07/31 11:34:20    Failed Phase: deployment
2026/07/31 11:34:20 ❌ Rollback NOT completed: rollback NOT completed: real SSH rollback transport not wired (0/0 servers reverted)
2026/07/31 11:34:20    Error: hxc213 writer 1 iter 213
2026/07/31 11:34:20 📢 Notification: rollback_not_completed - rollback NOT completed: real SSH rollback transport not wired (0/0 servers reverted)
2026/07/31 11:34:20    Servers Deployed: 0
2026/07/31 11:34:20 📢 Notification: deployment_failed - Production deployment failed: hxc213 writer 2 iter 140
2026/07/31 11:34:20 🔄 Triggering automatic rollback...
2026/07/31 11:34:20 🔄 Rollback requested for 0 deployed server(s) (reason: hxc213 writer 0 iter 125)
2026/07/31 11:34:20 ❌ Rollback NOT completed: rollback NOT completed: real SSH rollback transport not wired (0/0 servers reverted)
2026/07/31 11:34:20 📢 Notification: rollback_not_completed - rollback NOT completed: real SSH rollback transport not wired (0/0 servers reverted)
2026/07/31 11:34:20 📢 Notification: deployment_failed - Production deployment failed: hxc213 writer 0 iter 125
2026/07/31 11:34:20 
❌ PRODUCTION DEPLOYMENT FAILED
2026/07/31 11:34:20 📊 Failure Summary:
2026/07/31 11:34:20    Failed Phase: deployment
2026/07/31 11:34:20    Error: hxc213 writer 0 iter 126
2026/07/31 11:34:20    Duration: 994.584516ms
2026/07/31 11:34:20    Servers Deployed: 0
2026/07/31 11:34:20 🔄 Triggering automatic rollback...
2026/07/31 11:34:20 🔄 Rollback requested for 0 deployed server(s) (reason: hxc213 writer 0 iter 126)
2026/07/31 11:34:20 ❌ Rollback NOT completed: rollback NOT completed: real SSH rollback transport not wired (0/0 servers reverted)
2026/07/31 11:34:20 📢 Notification: rollback_not_completed - rollback NOT completed: real SSH rollback transport not wired (0/0 servers reverted)
2026/07/31 11:34:20 📢 Notification: deployment_failed - Production deployment failed: hxc213 writer 0 iter 126
2026/07/31 11:34:20 
❌ PRODUCTION DEPLOYMENT FAILED
2026/07/31 11:34:20 📊 Failure Summary:
2026/07/31 11:34:20    Failed Phase: deployment
2026/07/31 11:34:20    Error: hxc213 writer 0 iter 127
2026/07/31 11:34:20    Duration: 994.682144ms
2026/07/31 11:34:20    Servers Deployed: 0
2026/07/31 11:34:20 🔄 Triggering automatic rollback...
2026/07/31 11:34:20 🔄 Rollback requested for 0 deployed server(s) (reason: hxc213 writer 0 iter 127)
2026/07/31 11:34:20 ❌ Rollback NOT completed: rollback NOT completed: real SSH rollback transport not wired (0/0 servers reverted)
2026/07/31 11:34:20 📢 Notification: rollback_not_completed - rollback NOT completed: real SSH rollback transport not wired (0/0 servers reverted)
2026/07/31 11:34:20 📢 Notification: deployment_failed - Production deployment failed: hxc213 writer 0 iter 127
2026/07/31 11:34:20 
❌ PRODUCTION DEPLOYMENT FAILED
2026/07/31 11:34:20 📊 Failure Summary:
2026/07/31 11:34:20    Failed Phase: deployment
2026/07/31 11:34:20    Error: hxc213 writer 0 iter 128
2026/07/31 11:34:20    Duration: 994.771659ms
2026/07/31 11:34:20    Servers Deployed: 0
2026/07/31 11:34:20 🔄 Triggering automatic rollback...
2026/07/31 11:34:20 🔄 Rollback requested for 0 deployed server(s) (reason: hxc213 writer 0 iter 128)
2026/07/31 11:34:20 ❌ Rollback NOT completed: rollback NOT completed: real SSH rollback transport not wired (0/0 servers reverted)
2026/07/31 11:34:20 📢 Notification: rollback_not_completed - rollback NOT completed: real SSH rollback transport not wired (0/0 servers reverted)
2026/07/31 11:34:20 📢 Notification: deployment_failed - Production deployment failed: hxc213 writer 0 iter 128
2026/07/31 11:34:20 
❌ PRODUCTION DEPLOYMENT FAILED
2026/07/31 11:34:20 📊 Failure Summary:
2026/07/31 11:34:20    Failed Phase: deployment
2026/07/31 11:34:20    Error: hxc213 writer 0 iter 129
2026/07/31 11:34:20    Duration: 994.871761ms
2026/07/31 11:34:20    Servers Deployed: 0
2026/07/31 11:34:20 🔄 Triggering automatic rollback...
2026/07/31 11:34:20 🔄 Rollback requested for 0 deployed server(s) (reason: hxc213 writer 0 iter 129)
2026/07/31 11:34:20 ❌ Rollback NOT completed: rollback NOT completed: real SSH rollback transport not wired (0/0 servers reverted)
2026/07/31 11:34:20 📢 Notification: rollback_not_completed - rollback NOT completed: real SSH rollback transport not wired (0/0 servers reverted)
2026/07/31 11:34:20 📢 Notification: deployment_failed - Production deployment failed: hxc213 writer 0 iter 129
2026/07/31 11:34:20 
❌ PRODUCTION DEPLOYMENT FAILED
2026/07/31 11:34:20 📊 Failure Summary:
2026/07/31 11:34:20    Failed Phase: deployment
2026/07/31 11:34:20    Error: hxc213 writer 0 iter 130
2026/07/31 11:34:20    Duration: 995.062709ms
2026/07/31 11:34:20    Servers Deployed: 0
2026/07/31 11:34:20 🔄 Triggering automatic rollback...
2026/07/31 11:34:20 🔄 Rollback requested for 0 deployed server(s) (reason: hxc213 writer 0 iter 130)
2026/07/31 11:34:20 ❌ Rollback NOT completed: rollback NOT completed: real SSH rollback transport not wired (0/0 servers reverted)
2026/07/31 11:34:20 📢 Notification: rollback_not_completed - rollback NOT completed: real SSH rollback transport not wired (0/0 servers reverted)
2026/07/31 11:34:20 📢 Notification: deployment_failed - Production deployment failed: hxc213 writer 0 iter 130
2026/07/31 11:34:20 
❌ PRODUCTION DEPLOYMENT FAILED
2026/07/31 11:34:20 📊 Failure Summary:
2026/07/31 11:34:20    Failed Phase: deployment
2026/07/31 11:34:20    Error: hxc213 writer 0 iter 131
2026/07/31 11:34:20    Duration: 995.143772ms
2026/07/31 11:34:20    Servers Deployed: 0
2026/07/31 11:34:20 🔄 Triggering automatic rollback...
2026/07/31 11:34:20 🔄 Rollback requested for 0 deployed server(s) (reason: hxc213 writer 0 iter 131)
2026/07/31 11:34:20 ❌ Rollback NOT completed: rollback NOT completed: real SSH rollback transport not wired (0/0 servers reverted)
2026/07/31 11:34:20 📢 Notification: rollback_not_completed - rollback NOT completed: real SSH rollback transport not wired (0/0 servers reverted)
2026/07/31 11:34:20 📢 Notification: deployment_failed - Production deployment failed: hxc213 writer 0 iter 131
2026/07/31 11:34:20 
❌ PRODUCTION DEPLOYMENT FAILED
2026/07/31 11:34:20 📊 Failure Summary:
2026/07/31 11:34:20    Failed Phase: deployment
2026/07/31 11:34:20    Error: hxc213 writer 0 iter 132
2026/07/31 11:34:20    Duration: 995.218064ms
2026/07/31 11:34:20    Servers Deployed: 0
2026/07/31 11:34:20 🔄 Triggering automatic rollback...
2026/07/31 11:34:20 🔄 Rollback requested for 0 deployed server(s) (reason: hxc213 writer 0 iter 132)
2026/07/31 11:34:20 ❌ Rollback NOT completed: rollback NOT completed: real SSH rollback transport not wired (0/0 servers reverted)
2026/07/31 11:34:20 📢 Notification: rollback_not_completed - rollback NOT completed: real SSH rollback transport not wired (0/0 servers reverted)
2026/07/31 11:34:20 📢 Notification: deployment_failed - Production deployment failed: hxc213 writer 0 iter 132
2026/07/31 11:34:20 
❌ PRODUCTION DEPLOYMENT FAILED
2026/07/31 11:34:20 📊 Failure Summary:
2026/07/31 11:34:20    Failed Phase: deployment
2026/07/31 11:34:20    Error: hxc213 writer 0 iter 133
2026/07/31 11:34:20    Duration: 995.298235ms
2026/07/31 11:34:20    Servers Deployed: 0
2026/07/31 11:34:20 🔄 Triggering automatic rollback...
2026/07/31 11:34:20 🔄 Rollback requested for 0 deployed server(s) (reason: hxc213 writer 0 iter 133)
2026/07/31 11:34:20 ❌ Rollback NOT completed: rollback NOT completed: real SSH rollback transport not wired (0/0 servers reverted)
2026/07/31 11:34:20 📢 Notification: rollback_not_completed - rollback NOT completed: real SSH rollback transport not wired (0/0 servers reverted)
2026/07/31 11:34:20 📢 Notification: deployment_failed - Production deployment failed: hxc213 writer 0 iter 133
2026/07/31 11:34:20 
❌ PRODUCTION DEPLOYMENT FAILED
2026/07/31 11:34:20 📊 Failure Summary:
2026/07/31 11:34:20    Failed Phase: deployment
2026/07/31 11:34:20    Error: hxc213 writer 0 iter 134
2026/07/31 11:34:20    Duration: 995.373739ms
2026/07/31 11:34:20    Servers Deployed: 0
2026/07/31 11:34:20 🔄 Triggering automatic rollback...
2026/07/31 11:34:20 🔄 Rollback requested for 0 deployed server(s) (reason: hxc213 writer 0 iter 134)
2026/07/31 11:34:20 ❌ Rollback NOT completed: rollback NOT completed: real SSH rollback transport not wired (0/0 servers reverted)
2026/07/31 11:34:20 📢 Notification: rollback_not_completed - rollback NOT completed: real SSH rollback transport not wired (0/0 servers reverted)
2026/07/31 11:34:20 📢 Notification: deployment_failed - Production deployment failed: hxc213 writer 0 iter 134
2026/07/31 11:34:20 
❌ PRODUCTION DEPLOYMENT FAILED
2026/07/31 11:34:20 📊 Failure Summary:
2026/07/31 11:34:20    Failed Phase: deployment
2026/07/31 11:34:20    Error: hxc213 writer 0 iter 135
2026/07/31 11:34:20    Duration: 995.469955ms
2026/07/31 11:34:20    Servers Deployed: 0
2026/07/31 11:34:20 🔄 Triggering automatic rollback...
2026/07/31 11:34:20 🔄 Rollback requested for 0 deployed server(s) (reason: hxc213 writer 0 iter 135)
2026/07/31 11:34:20 ❌ Rollback NOT completed: rollback NOT completed: real SSH rollback transport not wired (0/0 servers reverted)
2026/07/31 11:34:20 📢 Notification: rollback_not_completed - rollback NOT completed: real SSH rollback transport not wired (0/0 servers reverted)
2026/07/31 11:34:20 📢 Notification: deployment_failed - Production deployment failed: hxc213 writer 0 iter 135
2026/07/31 11:34:20 
❌ PRODUCTION DEPLOYMENT FAILED
2026/07/31 11:34:20 📊 Failure Summary:
2026/07/31 11:34:20    Failed Phase: deployment
2026/07/31 11:34:20    Error: hxc213 writer 0 iter 136
2026/07/31 11:34:20    Duration: 995.551498ms
2026/07/31 11:34:20    Servers Deployed: 0
2026/07/31 11:34:20 🔄 Triggering automatic rollback...
2026/07/31 11:34:20 🔄 Rollback requested for 0 deployed server(s) (reason: hxc213 writer 0 iter 136)
2026/07/31 11:34:20 ❌ Rollback NOT completed: rollback NOT completed: real SSH rollback transport not wired (0/0 servers reverted)
2026/07/31 11:34:20 📢 Notification: rollback_not_completed - rollback NOT completed: real SSH rollback transport not wired (0/0 servers reverted)
2026/07/31 11:34:20 📢 Notification: deployment_failed - Production deployment failed: hxc213 writer 0 iter 136
2026/07/31 11:34:20 
❌ PRODUCTION DEPLOYMENT FAILED
2026/07/31 11:34:20 📊 Failure Summary:
2026/07/31 11:34:20    Failed Phase: deployment
2026/07/31 11:34:20    Error: hxc213 writer 0 iter 137
2026/07/31 11:34:20    Duration: 995.641975ms
2026/07/31 11:34:20    Servers Deployed: 0
2026/07/31 11:34:20 🔄 Triggering automatic rollback...
2026/07/31 11:34:20 🔄 Rollback requested for 0 deployed server(s) (reason: hxc213 writer 0 iter 137)
2026/07/31 11:34:20 ❌ Rollback NOT completed: rollback NOT completed: real SSH rollback transport not wired (0/0 servers reverted)
2026/07/31 11:34:20 📢 Notification: rollback_not_completed - rollback NOT completed: real SSH rollback transport not wired (0/0 servers reverted)
2026/07/31 11:34:20    Duration: 994.417183ms
2026/07/31 11:34:20    Servers Deployed: 0
2026/07/31 11:34:20 🔄 Triggering automatic rollback...
2026/07/31 11:34:20 🔄 Rollback requested for 0 deployed server(s) (reason: hxc213 writer 1 iter 213)
2026/07/31 11:34:20 📢 Notification: deployment_failed - Production deployment failed: hxc213 writer 0 iter 137
2026/07/31 11:34:20 
❌ PRODUCTION DEPLOYMENT FAILED
2026/07/31 11:34:20 📊 Failure Summary:
2026/07/31 11:34:20    Failed Phase: deployment
2026/07/31 11:34:20    Error: hxc213 writer 0 iter 138
2026/07/31 11:34:20    Duration: 996.102101ms
2026/07/31 11:34:20    Servers Deployed: 0
2026/07/31 11:34:20 🔄 Triggering automatic rollback...
2026/07/31 11:34:20 🔄 Rollback requested for 0 deployed server(s) (reason: hxc213 writer 0 iter 138)
2026/07/31 11:34:20 ❌ Rollback NOT completed: rollback NOT completed: real SSH rollback transport not wired (0/0 servers reverted)
2026/07/31 11:34:20 📢 Notification: rollback_not_completed - rollback NOT completed: real SSH rollback transport not wired (0/0 servers reverted)
2026/07/31 11:34:20 📢 Notification: deployment_failed - Production deployment failed: hxc213 writer 0 iter 138
2026/07/31 11:34:20 
❌ PRODUCTION DEPLOYMENT FAILED
2026/07/31 11:34:20 📊 Failure Summary:
2026/07/31 11:34:20    Failed Phase: deployment
2026/07/31 11:34:20    Error: hxc213 writer 0 iter 139
2026/07/31 11:34:20 ❌ Rollback NOT completed: rollback NOT completed: real SSH rollback transport not wired (0/0 servers reverted)
2026/07/31 11:34:20    Duration: 996.228462ms
2026/07/31 11:34:20 📢 Notification: rollback_not_completed - rollback NOT completed: real SSH rollback transport not wired (0/0 servers reverted)
2026/07/31 11:34:20    Servers Deployed: 0
2026/07/31 11:34:20 📢 Notification: deployment_failed - Production deployment failed: hxc213 writer 1 iter 213
2026/07/31 11:34:20 🔄 Triggering automatic rollback...
2026/07/31 11:34:20 
❌ PRODUCTION DEPLOYMENT FAILED
2026/07/31 11:34:20 📊 Failure Summary:
2026/07/31 11:34:20    Failed Phase: deployment
2026/07/31 11:34:20    Error: hxc213 writer 1 iter 214
2026/07/31 11:34:20    Duration: 996.608105ms
2026/07/31 11:34:20    Servers Deployed: 0
2026/07/31 11:34:20 🔄 Triggering automatic rollback...
2026/07/31 11:34:20 
❌ PRODUCTION DEPLOYMENT FAILED
2026/07/31 11:34:20 📊 Failure Summary:
2026/07/31 11:34:20    Failed Phase: deployment
2026/07/31 11:34:20    Error: hxc213 writer 2 iter 141
2026/07/31 11:34:20    Duration: 996.608105ms
2026/07/31 11:34:20    Servers Deployed: 0
2026/07/31 11:34:20 🔄 Triggering automatic rollback...
2026/07/31 11:34:20 🔄 Rollback requested for 0 deployed server(s) (reason: hxc213 writer 0 iter 139)
2026/07/31 11:34:20 ❌ Rollback NOT completed: rollback NOT completed: real SSH rollback transport not wired (0/0 servers reverted)
2026/07/31 11:34:20 📢 Notification: rollback_not_completed - rollback NOT completed: real SSH rollback transport not wired (0/0 servers reverted)
2026/07/31 11:34:20 📢 Notification: deployment_failed - Production deployment failed: hxc213 writer 0 iter 139
2026/07/31 11:34:20 
❌ PRODUCTION DEPLOYMENT FAILED
2026/07/31 11:34:20 📊 Failure Summary:
2026/07/31 11:34:20    Failed Phase: deployment
2026/07/31 11:34:20    Error: hxc213 writer 0 iter 140
2026/07/31 11:34:20    Duration: 998.852027ms
2026/07/31 11:34:20    Servers Deployed: 0
2026/07/31 11:34:20 🔄 Triggering automatic rollback...
2026/07/31 11:34:20 🔄 Rollback requested for 0 deployed server(s) (reason: hxc213 writer 2 iter 141)
2026/07/31 11:34:20 ❌ Rollback NOT completed: rollback NOT completed: real SSH rollback transport not wired (0/0 servers reverted)
2026/07/31 11:34:20 📢 Notification: rollback_not_completed - rollback NOT completed: real SSH rollback transport not wired (0/0 servers reverted)
2026/07/31 11:34:20 📢 Notification: deployment_failed - Production deployment failed: hxc213 writer 2 iter 141
2026/07/31 11:34:20 🔄 Rollback requested for 0 deployed server(s) (reason: hxc213 writer 1 iter 214)
2026/07/31 11:34:20 ❌ Rollback NOT completed: rollback NOT completed: real SSH rollback transport not wired (0/0 servers reverted)
2026/07/31 11:34:20 📢 Notification: rollback_not_completed - rollback NOT completed: real SSH rollback transport not wired (0/0 servers reverted)
2026/07/31 11:34:20 📢 Notification: deployment_failed - Production deployment failed: hxc213 writer 1 iter 214
2026/07/31 11:34:20 
❌ PRODUCTION DEPLOYMENT FAILED
2026/07/31 11:34:20 📊 Failure Summary:
2026/07/31 11:34:20    Failed Phase: deployment
2026/07/31 11:34:20    Error: hxc213 writer 1 iter 215
2026/07/31 11:34:20    Duration: 1.000060434s
2026/07/31 11:34:20    Servers Deployed: 0
2026/07/31 11:34:20 🔄 Triggering automatic rollback...
2026/07/31 11:34:20 🔄 Rollback requested for 0 deployed server(s) (reason: hxc213 writer 0 iter 140)
2026/07/31 11:34:20 ❌ Rollback NOT completed: rollback NOT completed: real SSH rollback transport not wired (0/0 servers reverted)
2026/07/31 11:34:20 📢 Notification: rollback_not_completed - rollback NOT completed: real SSH rollback transport not wired (0/0 servers reverted)
2026/07/31 11:34:20 📢 Notification: deployment_failed - Production deployment failed: hxc213 writer 0 iter 140
2026/07/31 11:34:20 
❌ PRODUCTION DEPLOYMENT FAILED
2026/07/31 11:34:20 📊 Failure Summary:
2026/07/31 11:34:20    Failed Phase: deployment
2026/07/31 11:34:20    Error: hxc213 writer 0 iter 141
2026/07/31 11:34:20    Duration: 1.001011532s
2026/07/31 11:34:20    Servers Deployed: 0
2026/07/31 11:34:20 🔄 Triggering automatic rollback...
2026/07/31 11:34:20 🔄 Rollback requested for 0 deployed server(s) (reason: hxc213 writer 0 iter 141)
2026/07/31 11:34:20 ❌ Rollback NOT completed: rollback NOT completed: real SSH rollback transport not wired (0/0 servers reverted)
2026/07/31 11:34:20 📢 Notification: rollback_not_completed - rollback NOT completed: real SSH rollback transport not wired (0/0 servers reverted)
2026/07/31 11:34:20 📢 Notification: deployment_failed - Production deployment failed: hxc213 writer 0 iter 141
2026/07/31 11:34:20 
❌ PRODUCTION DEPLOYMENT FAILED
2026/07/31 11:34:20 📊 Failure Summary:
2026/07/31 11:34:20    Failed Phase: deployment
2026/07/31 11:34:20    Error: hxc213 writer 0 iter 142
2026/07/31 11:34:20    Duration: 1.001126866s
2026/07/31 11:34:20    Servers Deployed: 0
2026/07/31 11:34:20 🔄 Triggering automatic rollback...
2026/07/31 11:34:20 🔄 Rollback requested for 0 deployed server(s) (reason: hxc213 writer 0 iter 142)
2026/07/31 11:34:20 ❌ Rollback NOT completed: rollback NOT completed: real SSH rollback transport not wired (0/0 servers reverted)
2026/07/31 11:34:20 📢 Notification: rollback_not_completed - rollback NOT completed: real SSH rollback transport not wired (0/0 servers reverted)
2026/07/31 11:34:20 📢 Notification: deployment_failed - Production deployment failed: hxc213 writer 0 iter 142
2026/07/31 11:34:20 
❌ PRODUCTION DEPLOYMENT FAILED
2026/07/31 11:34:20 📊 Failure Summary:
2026/07/31 11:34:20    Failed Phase: deployment
2026/07/31 11:34:20    Error: hxc213 writer 0 iter 143
2026/07/31 11:34:20    Duration: 1.001214749s
2026/07/31 11:34:20    Servers Deployed: 0
2026/07/31 11:34:20 🔄 Triggering automatic rollback...
2026/07/31 11:34:20 🔄 Rollback requested for 0 deployed server(s) (reason: hxc213 writer 0 iter 143)
2026/07/31 11:34:20 ❌ Rollback NOT completed: rollback NOT completed: real SSH rollback transport not wired (0/0 servers reverted)
2026/07/31 11:34:20 📢 Notification: rollback_not_completed - rollback NOT completed: real SSH rollback transport not wired (0/0 servers reverted)
2026/07/31 11:34:20 📢 Notification: deployment_failed - Production deployment failed: hxc213 writer 0 iter 143
2026/07/31 11:34:20 
❌ PRODUCTION DEPLOYMENT FAILED
2026/07/31 11:34:20 📊 Failure Summary:
2026/07/31 11:34:20    Failed Phase: deployment
2026/07/31 11:34:20    Error: hxc213 writer 0 iter 144
2026/07/31 11:34:20    Duration: 1.001309813s
2026/07/31 11:34:20    Servers Deployed: 0
2026/07/31 11:34:20 🔄 Triggering automatic rollback...
2026/07/31 11:34:20 🔄 Rollback requested for 0 deployed server(s) (reason: hxc213 writer 0 iter 144)
2026/07/31 11:34:20 ❌ Rollback NOT completed: rollback NOT completed: real SSH rollback transport not wired (0/0 servers reverted)
2026/07/31 11:34:20 📢 Notification: rollback_not_completed - rollback NOT completed: real SSH rollback transport not wired (0/0 servers reverted)
2026/07/31 11:34:20 📢 Notification: deployment_failed - Production deployment failed: hxc213 writer 0 iter 144
2026/07/31 11:34:20 
❌ PRODUCTION DEPLOYMENT FAILED
2026/07/31 11:34:20 📊 Failure Summary:
2026/07/31 11:34:20    Failed Phase: deployment
2026/07/31 11:34:20    Error: hxc213 writer 0 iter 145
2026/07/31 11:34:20    Duration: 1.001424326s
2026/07/31 11:34:20    Servers Deployed: 0
2026/07/31 11:34:20 🔄 Triggering automatic rollback...
2026/07/31 11:34:20 🔄 Rollback requested for 0 deployed server(s) (reason: hxc213 writer 0 iter 145)
2026/07/31 11:34:20 ❌ Rollback NOT completed: rollback NOT completed: real SSH rollback transport not wired (0/0 servers reverted)
2026/07/31 11:34:20 📢 Notification: rollback_not_completed - rollback NOT completed: real SSH rollback transport not wired (0/0 servers reverted)
2026/07/31 11:34:20 📢 Notification: deployment_failed - Production deployment failed: hxc213 writer 0 iter 145
2026/07/31 11:34:20 
❌ PRODUCTION DEPLOYMENT FAILED
2026/07/31 11:34:20 📊 Failure Summary:
2026/07/31 11:34:20    Failed Phase: deployment
2026/07/31 11:34:20    Error: hxc213 writer 0 iter 146
2026/07/31 11:34:20    Duration: 1.001567162s
2026/07/31 11:34:20    Servers Deployed: 0
2026/07/31 11:34:20 🔄 Triggering automatic rollback...
2026/07/31 11:34:20 🔄 Rollback requested for 0 deployed server(s) (reason: hxc213 writer 0 iter 146)
2026/07/31 11:34:20 ❌ Rollback NOT completed: rollback NOT completed: real SSH rollback transport not wired (0/0 servers reverted)
2026/07/31 11:34:20 📢 Notification: rollback_not_completed - rollback NOT completed: real SSH rollback transport not wired (0/0 servers reverted)
2026/07/31 11:34:20 📢 Notification: deployment_failed - Production deployment failed: hxc213 writer 0 iter 146
2026/07/31 11:34:20 
❌ PRODUCTION DEPLOYMENT FAILED
2026/07/31 11:34:20 📊 Failure Summary:
2026/07/31 11:34:20    Failed Phase: deployment
2026/07/31 11:34:20    Error: hxc213 writer 0 iter 147
2026/07/31 11:34:20    Duration: 1.001673513s
2026/07/31 11:34:20    Servers Deployed: 0
2026/07/31 11:34:20 🔄 Triggering automatic rollback...
2026/07/31 11:34:20 🔄 Rollback requested for 0 deployed server(s) (reason: hxc213 writer 0 iter 147)
2026/07/31 11:34:20 ❌ Rollback NOT completed: rollback NOT completed: real SSH rollback transport not wired (0/0 servers reverted)
2026/07/31 11:34:20 📢 Notification: rollback_not_completed - rollback NOT completed: real SSH rollback transport not wired (0/0 servers reverted)
2026/07/31 11:34:20 📢 Notification: deployment_failed - Production deployment failed: hxc213 writer 0 iter 147
2026/07/31 11:34:20 
❌ PRODUCTION DEPLOYMENT FAILED
2026/07/31 11:34:20 📊 Failure Summary:
2026/07/31 11:34:20    Failed Phase: deployment
2026/07/31 11:34:20    Error: hxc213 writer 0 iter 148
2026/07/31 11:34:20    Duration: 1.00179085s
2026/07/31 11:34:20    Servers Deployed: 0
2026/07/31 11:34:20 🔄 Triggering automatic rollback...
2026/07/31 11:34:20 🔄 Rollback requested for 0 deployed server(s) (reason: hxc213 writer 0 iter 148)
2026/07/31 11:34:20 ❌ Rollback NOT completed: rollback NOT completed: real SSH rollback transport not wired (0/0 servers reverted)
2026/07/31 11:34:20 📢 Notification: rollback_not_completed - rollback NOT completed: real SSH rollback transport not wired (0/0 servers reverted)
2026/07/31 11:34:20 📢 Notification: deployment_failed - Production deployment failed: hxc213 writer 0 iter 148
2026/07/31 11:34:20 
❌ PRODUCTION DEPLOYMENT FAILED
2026/07/31 11:34:20 📊 Failure Summary:
2026/07/31 11:34:20    Failed Phase: deployment
2026/07/31 11:34:20    Error: hxc213 writer 0 iter 149
2026/07/31 11:34:20    Duration: 1.001901217s
2026/07/31 11:34:20    Servers Deployed: 0
2026/07/31 11:34:20 🔄 Triggering automatic rollback...
2026/07/31 11:34:20 🔄 Rollback requested for 0 deployed server(s) (reason: hxc213 writer 0 iter 149)
2026/07/31 11:34:20 ❌ Rollback NOT completed: rollback NOT completed: real SSH rollback transport not wired (0/0 servers reverted)
2026/07/31 11:34:20 📢 Notification: rollback_not_completed - rollback NOT completed: real SSH rollback transport not wired (0/0 servers reverted)
2026/07/31 11:34:20 📢 Notification: deployment_failed - Production deployment failed: hxc213 writer 0 iter 149
2026/07/31 11:34:20 
❌ PRODUCTION DEPLOYMENT FAILED
2026/07/31 11:34:20 📊 Failure Summary:
2026/07/31 11:34:20 
❌ PRODUCTION DEPLOYMENT FAILED
2026/07/31 11:34:20 📊 Failure Summary:
2026/07/31 11:34:20    Failed Phase: deployment
2026/07/31 11:34:20    Error: hxc213 writer 2 iter 142
2026/07/31 11:34:20 🔄 Rollback requested for 0 deployed server(s) (reason: hxc213 writer 1 iter 215)
2026/07/31 11:34:20 ❌ Rollback NOT completed: rollback NOT completed: real SSH rollback transport not wired (0/0 servers reverted)
2026/07/31 11:34:20 📢 Notification: rollback_not_completed - rollback NOT completed: real SSH rollback transport not wired (0/0 servers reverted)
2026/07/31 11:34:20 📢 Notification: deployment_failed - Production deployment failed: hxc213 writer 1 iter 215
2026/07/31 11:34:20    Failed Phase: deployment
2026/07/31 11:34:20    Error: hxc213 writer 0 iter 150
2026/07/31 11:34:20    Duration: 1.002005214s
2026/07/31 11:34:20    Servers Deployed: 0
2026/07/31 11:34:20 🔄 Triggering automatic rollback...
2026/07/31 11:34:20 🔄 Rollback requested for 0 deployed server(s) (reason: hxc213 writer 0 iter 150)
2026/07/31 11:34:20 ❌ Rollback NOT completed: rollback NOT completed: real SSH rollback transport not wired (0/0 servers reverted)
2026/07/31 11:34:20 📢 Notification: rollback_not_completed - rollback NOT completed: real SSH rollback transport not wired (0/0 servers reverted)
2026/07/31 11:34:20 📢 Notification: deployment_failed - Production deployment failed: hxc213 writer 0 iter 150
2026/07/31 11:34:20 
❌ PRODUCTION DEPLOYMENT FAILED
2026/07/31 11:34:20 📊 Failure Summary:
2026/07/31 11:34:20    Failed Phase: deployment
2026/07/31 11:34:20    Error: hxc213 writer 0 iter 151
2026/07/31 11:34:20    Duration: 1.005427187s
2026/07/31 11:34:20    Servers Deployed: 0
2026/07/31 11:34:20 🔄 Triggering automatic rollback...
2026/07/31 11:34:20 🔄 Rollback requested for 0 deployed server(s) (reason: hxc213 writer 0 iter 151)
2026/07/31 11:34:20 ❌ Rollback NOT completed: rollback NOT completed: real SSH rollback transport not wired (0/0 servers reverted)
2026/07/31 11:34:20 📢 Notification: rollback_not_completed - rollback NOT completed: real SSH rollback transport not wired (0/0 servers reverted)
2026/07/31 11:34:20 📢 Notification: deployment_failed - Production deployment failed: hxc213 writer 0 iter 151
2026/07/31 11:34:20 
❌ PRODUCTION DEPLOYMENT FAILED
2026/07/31 11:34:20 📊 Failure Summary:
2026/07/31 11:34:20    Failed Phase: deployment
2026/07/31 11:34:20    Error: hxc213 writer 0 iter 152
2026/07/31 11:34:20    Duration: 1.005542362s
2026/07/31 11:34:20    Servers Deployed: 0
2026/07/31 11:34:20 🔄 Triggering automatic rollback...
2026/07/31 11:34:20 🔄 Rollback requested for 0 deployed server(s) (reason: hxc213 writer 0 iter 152)
2026/07/31 11:34:20 ❌ Rollback NOT completed: rollback NOT completed: real SSH rollback transport not wired (0/0 servers reverted)
2026/07/31 11:34:20 📢 Notification: rollback_not_completed - rollback NOT completed: real SSH rollback transport not wired (0/0 servers reverted)
2026/07/31 11:34:20 📢 Notification: deployment_failed - Production deployment failed: hxc213 writer 0 iter 152
2026/07/31 11:34:20 
❌ PRODUCTION DEPLOYMENT FAILED
2026/07/31 11:34:20 📊 Failure Summary:
2026/07/31 11:34:20    Failed Phase: deployment
2026/07/31 11:34:20    Error: hxc213 writer 0 iter 153
2026/07/31 11:34:20    Duration: 1.005644226s
2026/07/31 11:34:20    Servers Deployed: 0
2026/07/31 11:34:20 🔄 Triggering automatic rollback...
2026/07/31 11:34:20    Duration: 1.002005214s
2026/07/31 11:34:20    Servers Deployed: 0
2026/07/31 11:34:20 🔄 Triggering automatic rollback...
2026/07/31 11:34:20 🔄 Rollback requested for 0 deployed server(s) (reason: hxc213 writer 0 iter 153)
2026/07/31 11:34:20 ❌ Rollback NOT completed: rollback NOT completed: real SSH rollback transport not wired (0/0 servers reverted)
2026/07/31 11:34:20 📢 Notification: rollback_not_completed - rollback NOT completed: real SSH rollback transport not wired (0/0 servers reverted)
2026/07/31 11:34:20 📢 Notification: deployment_failed - Production deployment failed: hxc213 writer 0 iter 153
2026/07/31 11:34:20 
❌ PRODUCTION DEPLOYMENT FAILED
2026/07/31 11:34:20 📊 Failure Summary:
2026/07/31 11:34:20    Failed Phase: deployment
2026/07/31 11:34:20    Error: hxc213 writer 0 iter 154
2026/07/31 11:34:20    Duration: 1.005899321s
2026/07/31 11:34:20    Servers Deployed: 0
2026/07/31 11:34:20 🔄 Triggering automatic rollback...
2026/07/31 11:34:20 🔄 Rollback requested for 0 deployed server(s) (reason: hxc213 writer 0 iter 154)
2026/07/31 11:34:20 ❌ Rollback NOT completed: rollback NOT completed: real SSH rollback transport not wired (0/0 servers reverted)
2026/07/31 11:34:20 📢 Notification: rollback_not_completed - rollback NOT completed: real SSH rollback transport not wired (0/0 servers reverted)
2026/07/31 11:34:20 📢 Notification: deployment_failed - Production deployment failed: hxc213 writer 0 iter 154
2026/07/31 11:34:20 
❌ PRODUCTION DEPLOYMENT FAILED
2026/07/31 11:34:20 📊 Failure Summary:
2026/07/31 11:34:20    Failed Phase: deployment
2026/07/31 11:34:20    Error: hxc213 writer 0 iter 155
2026/07/31 11:34:20    Duration: 1.006198333s
2026/07/31 11:34:20    Servers Deployed: 0
2026/07/31 11:34:20 🔄 Triggering automatic rollback...
2026/07/31 11:34:20 🔄 Rollback requested for 0 deployed server(s) (reason: hxc213 writer 0 iter 155)
2026/07/31 11:34:20 ❌ Rollback NOT completed: rollback NOT completed: real SSH rollback transport not wired (0/0 servers reverted)
2026/07/31 11:34:20 📢 Notification: rollback_not_completed - rollback NOT completed: real SSH rollback transport not wired (0/0 servers reverted)
2026/07/31 11:34:20 📢 Notification: deployment_failed - Production deployment failed: hxc213 writer 0 iter 155
2026/07/31 11:34:20 
❌ PRODUCTION DEPLOYMENT FAILED
2026/07/31 11:34:20 📊 Failure Summary:
2026/07/31 11:34:20    Failed Phase: deployment
2026/07/31 11:34:20    Error: hxc213 writer 0 iter 156
2026/07/31 11:34:20    Duration: 1.006279035s
2026/07/31 11:34:20    Servers Deployed: 0
2026/07/31 11:34:20 🔄 Triggering automatic rollback...
2026/07/31 11:34:20 🔄 Rollback requested for 0 deployed server(s) (reason: hxc213 writer 0 iter 156)
2026/07/31 11:34:20 ❌ Rollback NOT completed: rollback NOT completed: real SSH rollback transport not wired (0/0 servers reverted)
2026/07/31 11:34:20 📢 Notification: rollback_not_completed - rollback NOT completed: real SSH rollback transport not wired (0/0 servers reverted)
2026/07/31 11:34:20 📢 Notification: deployment_failed - Production deployment failed: hxc213 writer 0 iter 156
2026/07/31 11:34:20 
❌ PRODUCTION DEPLOYMENT FAILED
2026/07/31 11:34:20 📊 Failure Summary:
2026/07/31 11:34:20    Failed Phase: deployment
2026/07/31 11:34:20    Error: hxc213 writer 0 iter 157
2026/07/31 11:34:20    Duration: 1.006362752s
2026/07/31 11:34:20    Servers Deployed: 0
2026/07/31 11:34:20 🔄 Triggering automatic rollback...
2026/07/31 11:34:20 🔄 Rollback requested for 0 deployed server(s) (reason: hxc213 writer 0 iter 157)
2026/07/31 11:34:20 ❌ Rollback NOT completed: rollback NOT completed: real SSH rollback transport not wired (0/0 servers reverted)
2026/07/31 11:34:20 📢 Notification: rollback_not_completed - rollback NOT completed: real SSH rollback transport not wired (0/0 servers reverted)
2026/07/31 11:34:20 📢 Notification: deployment_failed - Production deployment failed: hxc213 writer 0 iter 157
2026/07/31 11:34:20 
❌ PRODUCTION DEPLOYMENT FAILED
2026/07/31 11:34:20 📊 Failure Summary:
2026/07/31 11:34:20    Failed Phase: deployment
2026/07/31 11:34:20    Error: hxc213 writer 0 iter 158
2026/07/31 11:34:20    Duration: 1.006472237s
2026/07/31 11:34:20    Servers Deployed: 0
2026/07/31 11:34:20 🔄 Triggering automatic rollback...
2026/07/31 11:34:20 🔄 Rollback requested for 0 deployed server(s) (reason: hxc213 writer 0 iter 158)
2026/07/31 11:34:20 ❌ Rollback NOT completed: rollback NOT completed: real SSH rollback transport not wired (0/0 servers reverted)
2026/07/31 11:34:20 📢 Notification: rollback_not_completed - rollback NOT completed: real SSH rollback transport not wired (0/0 servers reverted)
2026/07/31 11:34:20 📢 Notification: deployment_failed - Production deployment failed: hxc213 writer 0 iter 158
2026/07/31 11:34:20 
❌ PRODUCTION DEPLOYMENT FAILED
2026/07/31 11:34:20 📊 Failure Summary:
2026/07/31 11:34:20    Failed Phase: deployment
2026/07/31 11:34:20    Error: hxc213 writer 0 iter 159
2026/07/31 11:34:20    Duration: 1.006591768s
2026/07/31 11:34:20    Servers Deployed: 0
2026/07/31 11:34:20 🔄 Triggering automatic rollback...
2026/07/31 11:34:20 🔄 Rollback requested for 0 deployed server(s) (reason: hxc213 writer 0 iter 159)
2026/07/31 11:34:20 ❌ Rollback NOT completed: rollback NOT completed: real SSH rollback transport not wired (0/0 servers reverted)
2026/07/31 11:34:20 📢 Notification: rollback_not_completed - rollback NOT completed: real SSH rollback transport not wired (0/0 servers reverted)
2026/07/31 11:34:20 📢 Notification: deployment_failed - Production deployment failed: hxc213 writer 0 iter 159
2026/07/31 11:34:20 
❌ PRODUCTION DEPLOYMENT FAILED
2026/07/31 11:34:20 📊 Failure Summary:
2026/07/31 11:34:20    Failed Phase: deployment
2026/07/31 11:34:20    Error: hxc213 writer 0 iter 160
2026/07/31 11:34:20    Duration: 1.006723497s
2026/07/31 11:34:20    Servers Deployed: 0
2026/07/31 11:34:20 🔄 Triggering automatic rollback...
2026/07/31 11:34:20 🔄 Rollback requested for 0 deployed server(s) (reason: hxc213 writer 0 iter 160)
2026/07/31 11:34:20 ❌ Rollback NOT completed: rollback NOT completed: real SSH rollback transport not wired (0/0 servers reverted)
2026/07/31 11:34:20 📢 Notification: rollback_not_completed - rollback NOT completed: real SSH rollback transport not wired (0/0 servers reverted)
2026/07/31 11:34:20 📢 Notification: deployment_failed - Production deployment failed: hxc213 writer 0 iter 160
2026/07/31 11:34:20 
❌ PRODUCTION DEPLOYMENT FAILED
2026/07/31 11:34:20 📊 Failure Summary:
2026/07/31 11:34:20    Failed Phase: deployment
2026/07/31 11:34:20    Error: hxc213 writer 0 iter 161
2026/07/31 11:34:20    Duration: 1.006850489s
2026/07/31 11:34:20    Servers Deployed: 0
2026/07/31 11:34:20 🔄 Triggering automatic rollback...
2026/07/31 11:34:20 🔄 Rollback requested for 0 deployed server(s) (reason: hxc213 writer 0 iter 161)
2026/07/31 11:34:20 ❌ Rollback NOT completed: rollback NOT completed: real SSH rollback transport not wired (0/0 servers reverted)
2026/07/31 11:34:20 📢 Notification: rollback_not_completed - rollback NOT completed: real SSH rollback transport not wired (0/0 servers reverted)
2026/07/31 11:34:20 📢 Notification: deployment_failed - Production deployment failed: hxc213 writer 0 iter 161
2026/07/31 11:34:20 
❌ PRODUCTION DEPLOYMENT FAILED
2026/07/31 11:34:20 📊 Failure Summary:
2026/07/31 11:34:20    Failed Phase: deployment
2026/07/31 11:34:20    Error: hxc213 writer 0 iter 162
2026/07/31 11:34:20    Duration: 1.006975859s
2026/07/31 11:34:20    Servers Deployed: 0
2026/07/31 11:34:20 🔄 Triggering automatic rollback...
2026/07/31 11:34:20 🔄 Rollback requested for 0 deployed server(s) (reason: hxc213 writer 0 iter 162)
2026/07/31 11:34:20 ❌ Rollback NOT completed: rollback NOT completed: real SSH rollback transport not wired (0/0 servers reverted)
2026/07/31 11:34:20 📢 Notification: rollback_not_completed - rollback NOT completed: real SSH rollback transport not wired (0/0 servers reverted)
2026/07/31 11:34:20 📢 Notification: deployment_failed - Production deployment failed: hxc213 writer 0 iter 162
2026/07/31 11:34:20 
❌ PRODUCTION DEPLOYMENT FAILED
2026/07/31 11:34:20 📊 Failure Summary:
2026/07/31 11:34:20    Failed Phase: deployment
2026/07/31 11:34:20    Error: hxc213 writer 0 iter 163
2026/07/31 11:34:20    Duration: 1.007100958s
2026/07/31 11:34:20    Servers Deployed: 0
2026/07/31 11:34:20 🔄 Triggering automatic rollback...
2026/07/31 11:34:20 🔄 Rollback requested for 0 deployed server(s) (reason: hxc213 writer 0 iter 163)
2026/07/31 11:34:20 ❌ Rollback NOT completed: rollback NOT completed: real SSH rollback transport not wired (0/0 servers reverted)
2026/07/31 11:34:20 
❌ PRODUCTION DEPLOYMENT FAILED
2026/07/31 11:34:20 📊 Failure Summary:
2026/07/31 11:34:20    Failed Phase: deployment
2026/07/31 11:34:20    Error: hxc213 writer 1 iter 216
2026/07/31 11:34:20    Duration: 1.007100958s
2026/07/31 11:34:20    Servers Deployed: 0
2026/07/31 11:34:20 🔄 Triggering automatic rollback...
2026/07/31 11:34:20 🔄 Rollback requested for 0 deployed server(s) (reason: hxc213 writer 1 iter 216)
2026/07/31 11:34:20 ❌ Rollback NOT completed: rollback NOT completed: real SSH rollback transport not wired (0/0 servers reverted)
2026/07/31 11:34:20 📢 Notification: rollback_not_completed - rollback NOT completed: real SSH rollback transport not wired (0/0 servers reverted)
2026/07/31 11:34:20 📢 Notification: deployment_failed - Production deployment failed: hxc213 writer 1 iter 216
2026/07/31 11:34:20 
❌ PRODUCTION DEPLOYMENT FAILED
2026/07/31 11:34:20 📊 Failure Summary:
2026/07/31 11:34:20    Failed Phase: deployment
2026/07/31 11:34:20    Error: hxc213 writer 1 iter 217
2026/07/31 11:34:20    Duration: 1.097659056s
2026/07/31 11:34:20    Servers Deployed: 0
2026/07/31 11:34:20 🔄 Triggering automatic rollback...
2026/07/31 11:34:20 🔄 Rollback requested for 0 deployed server(s) (reason: hxc213 writer 1 iter 217)
2026/07/31 11:34:20 ❌ Rollback NOT completed: rollback NOT completed: real SSH rollback transport not wired (0/0 servers reverted)
2026/07/31 11:34:20 📢 Notification: rollback_not_completed - rollback NOT completed: real SSH rollback transport not wired (0/0 servers reverted)
2026/07/31 11:34:20 📢 Notification: deployment_failed - Production deployment failed: hxc213 writer 1 iter 217
2026/07/31 11:34:20 
❌ PRODUCTION DEPLOYMENT FAILED
2026/07/31 11:34:20 📊 Failure Summary:
2026/07/31 11:34:20    Failed Phase: deployment
2026/07/31 11:34:20    Error: hxc213 writer 1 iter 218
2026/07/31 11:34:20    Duration: 1.097763203s
2026/07/31 11:34:20    Servers Deployed: 0
2026/07/31 11:34:20 🔄 Triggering automatic rollback...
2026/07/31 11:34:20 🔄 Rollback requested for 0 deployed server(s) (reason: hxc213 writer 1 iter 218)
2026/07/31 11:34:20 ❌ Rollback NOT completed: rollback NOT completed: real SSH rollback transport not wired (0/0 servers reverted)
2026/07/31 11:34:20 📢 Notification: rollback_not_completed - rollback NOT completed: real SSH rollback transport not wired (0/0 servers reverted)
2026/07/31 11:34:20 📢 Notification: deployment_failed - Production deployment failed: hxc213 writer 1 iter 218
2026/07/31 11:34:20 
❌ PRODUCTION DEPLOYMENT FAILED
2026/07/31 11:34:20 📊 Failure Summary:
2026/07/31 11:34:20    Failed Phase: deployment
2026/07/31 11:34:20    Error: hxc213 writer 1 iter 219
2026/07/31 11:34:20    Duration: 1.097867641s
2026/07/31 11:34:20    Servers Deployed: 0
2026/07/31 11:34:20 🔄 Triggering automatic rollback...
2026/07/31 11:34:20 🔄 Rollback requested for 0 deployed server(s) (reason: hxc213 writer 1 iter 219)
2026/07/31 11:34:20 ❌ Rollback NOT completed: rollback NOT completed: real SSH rollback transport not wired (0/0 servers reverted)
2026/07/31 11:34:20 📢 Notification: rollback_not_completed - rollback NOT completed: real SSH rollback transport not wired (0/0 servers reverted)
2026/07/31 11:34:20 📢 Notification: deployment_failed - Production deployment failed: hxc213 writer 1 iter 219
2026/07/31 11:34:20 
❌ PRODUCTION DEPLOYMENT FAILED
2026/07/31 11:34:20 📊 Failure Summary:
2026/07/31 11:34:20    Failed Phase: deployment
2026/07/31 11:34:20    Error: hxc213 writer 1 iter 220
2026/07/31 11:34:20    Duration: 1.09797935s
2026/07/31 11:34:20    Servers Deployed: 0
2026/07/31 11:34:20 🔄 Triggering automatic rollback...
2026/07/31 11:34:20 🔄 Rollback requested for 0 deployed server(s) (reason: hxc213 writer 1 iter 220)
2026/07/31 11:34:20 ❌ Rollback NOT completed: rollback NOT completed: real SSH rollback transport not wired (0/0 servers reverted)
2026/07/31 11:34:20 📢 Notification: rollback_not_completed - rollback NOT completed: real SSH rollback transport not wired (0/0 servers reverted)
2026/07/31 11:34:20 📢 Notification: rollback_not_completed - rollback NOT completed: real SSH rollback transport not wired (0/0 servers reverted)
2026/07/31 11:34:20 🔄 Rollback requested for 0 deployed server(s) (reason: hxc213 writer 2 iter 142)
2026/07/31 11:34:20 ❌ Rollback NOT completed: rollback NOT completed: real SSH rollback transport not wired (0/0 servers reverted)
2026/07/31 11:34:20 📢 Notification: rollback_not_completed - rollback NOT completed: real SSH rollback transport not wired (0/0 servers reverted)
2026/07/31 11:34:20 📢 Notification: deployment_failed - Production deployment failed: hxc213 writer 2 iter 142
2026/07/31 11:34:20 
❌ PRODUCTION DEPLOYMENT FAILED
2026/07/31 11:34:20 📢 Notification: deployment_failed - Production deployment failed: hxc213 writer 0 iter 163
2026/07/31 11:34:20 📊 Failure Summary:
2026/07/31 11:34:20    Failed Phase: deployment
2026/07/31 11:34:20 
❌ PRODUCTION DEPLOYMENT FAILED
2026/07/31 11:34:20 📢 Notification: deployment_failed - Production deployment failed: hxc213 writer 1 iter 220
2026/07/31 11:34:20 📊 Failure Summary:
2026/07/31 11:34:20    Error: hxc213 writer 2 iter 143
2026/07/31 11:34:20    Failed Phase: deployment
2026/07/31 11:34:20    Error: hxc213 writer 0 iter 164
2026/07/31 11:34:20    Duration: 1.099140686s
2026/07/31 11:34:20    Servers Deployed: 0
2026/07/31 11:34:20 🔄 Triggering automatic rollback...
2026/07/31 11:34:20    Duration: 1.099140686s
2026/07/31 11:34:20    Servers Deployed: 0
2026/07/31 11:34:20 🔄 Triggering automatic rollback...
2026/07/31 11:34:20 
❌ PRODUCTION DEPLOYMENT FAILED
2026/07/31 11:34:20 📊 Failure Summary:
2026/07/31 11:34:20    Failed Phase: deployment
2026/07/31 11:34:20    Error: hxc213 writer 1 iter 221
2026/07/31 11:34:20    Duration: 1.099140686s
2026/07/31 11:34:20    Servers Deployed: 0
2026/07/31 11:34:20 🔄 Triggering automatic rollback...
2026/07/31 11:34:20 🔄 Rollback requested for 0 deployed server(s) (reason: hxc213 writer 2 iter 143)
2026/07/31 11:34:20 🔄 Rollback requested for 0 deployed server(s) (reason: hxc213 writer 1 iter 221)
2026/07/31 11:34:20 ❌ Rollback NOT completed: rollback NOT completed: real SSH rollback transport not wired (0/0 servers reverted)
2026/07/31 11:34:20 📢 Notification: rollback_not_completed - rollback NOT completed: real SSH rollback transport not wired (0/0 servers reverted)
2026/07/31 11:34:20 🔄 Rollback requested for 0 deployed server(s) (reason: hxc213 writer 0 iter 164)
2026/07/31 11:34:20 ❌ Rollback NOT completed: rollback NOT completed: real SSH rollback transport not wired (0/0 servers reverted)
2026/07/31 11:34:20 ❌ Rollback NOT completed: rollback NOT completed: real SSH rollback transport not wired (0/0 servers reverted)
2026/07/31 11:34:20 📢 Notification: rollback_not_completed - rollback NOT completed: real SSH rollback transport not wired (0/0 servers reverted)
2026/07/31 11:34:20 📢 Notification: rollback_not_completed - rollback NOT completed: real SSH rollback transport not wired (0/0 servers reverted)
2026/07/31 11:34:20 📢 Notification: deployment_failed - Production deployment failed: hxc213 writer 1 iter 221
2026/07/31 11:34:20 📢 Notification: deployment_failed - Production deployment failed: hxc213 writer 0 iter 164
2026/07/31 11:34:20 
❌ PRODUCTION DEPLOYMENT FAILED
2026/07/31 11:34:20 📢 Notification: deployment_failed - Production deployment failed: hxc213 writer 2 iter 143
2026/07/31 11:34:20 
❌ PRODUCTION DEPLOYMENT FAILED
2026/07/31 11:34:20 📊 Failure Summary:
2026/07/31 11:34:20    Failed Phase: deployment
2026/07/31 11:34:20    Error: hxc213 writer 2 iter 144
2026/07/31 11:34:20    Duration: 1.104378093s
2026/07/31 11:34:20    Servers Deployed: 0
2026/07/31 11:34:20 🔄 Triggering automatic rollback...
2026/07/31 11:34:20 🔄 Rollback requested for 0 deployed server(s) (reason: hxc213 writer 2 iter 144)
2026/07/31 11:34:20 ❌ Rollback NOT completed: rollback NOT completed: real SSH rollback transport not wired (0/0 servers reverted)
2026/07/31 11:34:20 📢 Notification: rollback_not_completed - rollback NOT completed: real SSH rollback transport not wired (0/0 servers reverted)
2026/07/31 11:34:20 📢 Notification: deployment_failed - Production deployment failed: hxc213 writer 2 iter 144
2026/07/31 11:34:20 
❌ PRODUCTION DEPLOYMENT FAILED
2026/07/31 11:34:20 📊 Failure Summary:
2026/07/31 11:34:20    Failed Phase: deployment
2026/07/31 11:34:20    Error: hxc213 writer 2 iter 145
2026/07/31 11:34:20    Duration: 1.104542191s
2026/07/31 11:34:20    Servers Deployed: 0
2026/07/31 11:34:20 🔄 Triggering automatic rollback...
2026/07/31 11:34:20 🔄 Rollback requested for 0 deployed server(s) (reason: hxc213 writer 2 iter 145)
2026/07/31 11:34:20 ❌ Rollback NOT completed: rollback NOT completed: real SSH rollback transport not wired (0/0 servers reverted)
2026/07/31 11:34:20 📢 Notification: rollback_not_completed - rollback NOT completed: real SSH rollback transport not wired (0/0 servers reverted)
2026/07/31 11:34:20 📢 Notification: deployment_failed - Production deployment failed: hxc213 writer 2 iter 145
2026/07/31 11:34:20 
❌ PRODUCTION DEPLOYMENT FAILED
2026/07/31 11:34:20 📊 Failure Summary:
2026/07/31 11:34:20    Failed Phase: deployment
2026/07/31 11:34:20    Error: hxc213 writer 2 iter 146
2026/07/31 11:34:20    Duration: 1.104635953s
2026/07/31 11:34:20    Servers Deployed: 0
2026/07/31 11:34:20 🔄 Triggering automatic rollback...
2026/07/31 11:34:20 🔄 Rollback requested for 0 deployed server(s) (reason: hxc213 writer 2 iter 146)
2026/07/31 11:34:20 ❌ Rollback NOT completed: rollback NOT completed: real SSH rollback transport not wired (0/0 servers reverted)
2026/07/31 11:34:20 📢 Notification: rollback_not_completed - rollback NOT completed: real SSH rollback transport not wired (0/0 servers reverted)
2026/07/31 11:34:20 📢 Notification: deployment_failed - Production deployment failed: hxc213 writer 2 iter 146
2026/07/31 11:34:20 
❌ PRODUCTION DEPLOYMENT FAILED
2026/07/31 11:34:20 📊 Failure Summary:
2026/07/31 11:34:20    Failed Phase: deployment
2026/07/31 11:34:20    Error: hxc213 writer 2 iter 147
2026/07/31 11:34:20    Duration: 1.104747001s
2026/07/31 11:34:20    Servers Deployed: 0
2026/07/31 11:34:20 🔄 Triggering automatic rollback...
2026/07/31 11:34:20 🔄 Rollback requested for 0 deployed server(s) (reason: hxc213 writer 2 iter 147)
2026/07/31 11:34:20 ❌ Rollback NOT completed: rollback NOT completed: real SSH rollback transport not wired (0/0 servers reverted)
2026/07/31 11:34:20 📢 Notification: rollback_not_completed - rollback NOT completed: real SSH rollback transport not wired (0/0 servers reverted)
2026/07/31 11:34:20 📢 Notification: deployment_failed - Production deployment failed: hxc213 writer 2 iter 147
2026/07/31 11:34:20 
❌ PRODUCTION DEPLOYMENT FAILED
2026/07/31 11:34:20 📊 Failure Summary:
2026/07/31 11:34:20    Failed Phase: deployment
2026/07/31 11:34:20    Error: hxc213 writer 2 iter 148
2026/07/31 11:34:20    Duration: 1.104837828s
2026/07/31 11:34:20    Servers Deployed: 0
2026/07/31 11:34:20 🔄 Triggering automatic rollback...
2026/07/31 11:34:20 🔄 Rollback requested for 0 deployed server(s) (reason: hxc213 writer 2 iter 148)
2026/07/31 11:34:20 ❌ Rollback NOT completed: rollback NOT completed: real SSH rollback transport not wired (0/0 servers reverted)
2026/07/31 11:34:20 📢 Notification: rollback_not_completed - rollback NOT completed: real SSH rollback transport not wired (0/0 servers reverted)
2026/07/31 11:34:20 📢 Notification: deployment_failed - Production deployment failed: hxc213 writer 2 iter 148
2026/07/31 11:34:20 
❌ PRODUCTION DEPLOYMENT FAILED
2026/07/31 11:34:20 📊 Failure Summary:
2026/07/31 11:34:20    Failed Phase: deployment
2026/07/31 11:34:20    Error: hxc213 writer 2 iter 149
2026/07/31 11:34:20    Duration: 1.104930148s
2026/07/31 11:34:20    Servers Deployed: 0
2026/07/31 11:34:20 🔄 Triggering automatic rollback...
2026/07/31 11:34:20 🔄 Rollback requested for 0 deployed server(s) (reason: hxc213 writer 2 iter 149)
2026/07/31 11:34:20 ❌ Rollback NOT completed: rollback NOT completed: real SSH rollback transport not wired (0/0 servers reverted)
2026/07/31 11:34:20 📢 Notification: rollback_not_completed - rollback NOT completed: real SSH rollback transport not wired (0/0 servers reverted)
2026/07/31 11:34:20 📢 Notification: deployment_failed - Production deployment failed: hxc213 writer 2 iter 149
2026/07/31 11:34:20 
❌ PRODUCTION DEPLOYMENT FAILED
2026/07/31 11:34:20 📊 Failure Summary:
2026/07/31 11:34:20    Failed Phase: deployment
2026/07/31 11:34:20    Error: hxc213 writer 2 iter 150
2026/07/31 11:34:20    Duration: 1.10502422s
2026/07/31 11:34:20    Servers Deployed: 0
2026/07/31 11:34:20 🔄 Triggering automatic rollback...
2026/07/31 11:34:20 🔄 Rollback requested for 0 deployed server(s) (reason: hxc213 writer 2 iter 150)
2026/07/31 11:34:20 ❌ Rollback NOT completed: rollback NOT completed: real SSH rollback transport not wired (0/0 servers reverted)
2026/07/31 11:34:20 📢 Notification: rollback_not_completed - rollback NOT completed: real SSH rollback transport not wired (0/0 servers reverted)
2026/07/31 11:34:20 📢 Notification: deployment_failed - Production deployment failed: hxc213 writer 2 iter 150
2026/07/31 11:34:20 
❌ PRODUCTION DEPLOYMENT FAILED
2026/07/31 11:34:20 📊 Failure Summary:
2026/07/31 11:34:20    Failed Phase: deployment
2026/07/31 11:34:20    Error: hxc213 writer 2 iter 151
2026/07/31 11:34:20    Duration: 1.105113615s
2026/07/31 11:34:20    Servers Deployed: 0
2026/07/31 11:34:20 🔄 Triggering automatic rollback...
2026/07/31 11:34:20 🔄 Rollback requested for 0 deployed server(s) (reason: hxc213 writer 2 iter 151)
2026/07/31 11:34:20 ❌ Rollback NOT completed: rollback NOT completed: real SSH rollback transport not wired (0/0 servers reverted)
2026/07/31 11:34:20 📢 Notification: rollback_not_completed - rollback NOT completed: real SSH rollback transport not wired (0/0 servers reverted)
2026/07/31 11:34:20 📢 Notification: deployment_failed - Production deployment failed: hxc213 writer 2 iter 151
2026/07/31 11:34:20 
❌ PRODUCTION DEPLOYMENT FAILED
2026/07/31 11:34:20 📊 Failure Summary:
2026/07/31 11:34:20    Failed Phase: deployment
2026/07/31 11:34:20    Error: hxc213 writer 2 iter 152
2026/07/31 11:34:20    Duration: 1.105205304s
2026/07/31 11:34:20    Servers Deployed: 0
2026/07/31 11:34:20 🔄 Triggering automatic rollback...
2026/07/31 11:34:20 🔄 Rollback requested for 0 deployed server(s) (reason: hxc213 writer 2 iter 152)
2026/07/31 11:34:20 ❌ Rollback NOT completed: rollback NOT completed: real SSH rollback transport not wired (0/0 servers reverted)
2026/07/31 11:34:20 📢 Notification: rollback_not_completed - rollback NOT completed: real SSH rollback transport not wired (0/0 servers reverted)
2026/07/31 11:34:20 📢 Notification: deployment_failed - Production deployment failed: hxc213 writer 2 iter 152
2026/07/31 11:34:20 
❌ PRODUCTION DEPLOYMENT FAILED
2026/07/31 11:34:20 📊 Failure Summary:
2026/07/31 11:34:20    Failed Phase: deployment
2026/07/31 11:34:20    Error: hxc213 writer 2 iter 153
2026/07/31 11:34:20    Duration: 1.105293647s
2026/07/31 11:34:20    Servers Deployed: 0
2026/07/31 11:34:20 🔄 Triggering automatic rollback...
2026/07/31 11:34:20 🔄 Rollback requested for 0 deployed server(s) (reason: hxc213 writer 2 iter 153)
2026/07/31 11:34:20 ❌ Rollback NOT completed: rollback NOT completed: real SSH rollback transport not wired (0/0 servers reverted)
2026/07/31 11:34:20 📢 Notification: rollback_not_completed - rollback NOT completed: real SSH rollback transport not wired (0/0 servers reverted)
2026/07/31 11:34:20 📢 Notification: deployment_failed - Production deployment failed: hxc213 writer 2 iter 153
2026/07/31 11:34:20 
❌ PRODUCTION DEPLOYMENT FAILED
2026/07/31 11:34:20 📊 Failure Summary:
2026/07/31 11:34:20    Failed Phase: deployment
2026/07/31 11:34:20    Error: hxc213 writer 2 iter 154
2026/07/31 11:34:20    Duration: 1.105398256s
2026/07/31 11:34:20    Servers Deployed: 0
2026/07/31 11:34:20 
❌ PRODUCTION DEPLOYMENT FAILED
2026/07/31 11:34:20 📊 Failure Summary:
2026/07/31 11:34:20    Failed Phase: deployment
2026/07/31 11:34:20    Error: hxc213 writer 0 iter 165
2026/07/31 11:34:20    Duration: 1.105398256s
2026/07/31 11:34:20    Servers Deployed: 0
2026/07/31 11:34:20 🔄 Triggering automatic rollback...
2026/07/31 11:34:20 🔄 Rollback requested for 0 deployed server(s) (reason: hxc213 writer 0 iter 165)
2026/07/31 11:34:20 ❌ Rollback NOT completed: rollback NOT completed: real SSH rollback transport not wired (0/0 servers reverted)
2026/07/31 11:34:20 📢 Notification: rollback_not_completed - rollback NOT completed: real SSH rollback transport not wired (0/0 servers reverted)
2026/07/31 11:34:20 📢 Notification: deployment_failed - Production deployment failed: hxc213 writer 0 iter 165
2026/07/31 11:34:20 
❌ PRODUCTION DEPLOYMENT FAILED
2026/07/31 11:34:20 📊 Failure Summary:
2026/07/31 11:34:20    Failed Phase: deployment
2026/07/31 11:34:20    Error: hxc213 writer 0 iter 166
2026/07/31 11:34:20    Duration: 1.105620121s
2026/07/31 11:34:20    Servers Deployed: 0
2026/07/31 11:34:20 🔄 Triggering automatic rollback...
2026/07/31 11:34:20 🔄 Rollback requested for 0 deployed server(s) (reason: hxc213 writer 0 iter 166)
2026/07/31 11:34:20 ❌ Rollback NOT completed: rollback NOT completed: real SSH rollback transport not wired (0/0 servers reverted)
2026/07/31 11:34:20 📢 Notification: rollback_not_completed - rollback NOT completed: real SSH rollback transport not wired (0/0 servers reverted)
2026/07/31 11:34:20 📢 Notification: deployment_failed - Production deployment failed: hxc213 writer 0 iter 166
2026/07/31 11:34:20 
❌ PRODUCTION DEPLOYMENT FAILED
2026/07/31 11:34:20 📊 Failure Summary:
2026/07/31 11:34:20    Failed Phase: deployment
2026/07/31 11:34:20    Error: hxc213 writer 0 iter 167
2026/07/31 11:34:20    Duration: 1.105702355s
2026/07/31 11:34:20    Servers Deployed: 0
2026/07/31 11:34:20 🔄 Triggering automatic rollback...
2026/07/31 11:34:20 🔄 Rollback requested for 0 deployed server(s) (reason: hxc213 writer 0 iter 167)
2026/07/31 11:34:20 ❌ Rollback NOT completed: rollback NOT completed: real SSH rollback transport not wired (0/0 servers reverted)
2026/07/31 11:34:20 📢 Notification: rollback_not_completed - rollback NOT completed: real SSH rollback transport not wired (0/0 servers reverted)
2026/07/31 11:34:20 📢 Notification: deployment_failed - Production deployment failed: hxc213 writer 0 iter 167
2026/07/31 11:34:20 
❌ PRODUCTION DEPLOYMENT FAILED
2026/07/31 11:34:20 📊 Failure Summary:
2026/07/31 11:34:20    Failed Phase: deployment
2026/07/31 11:34:20    Error: hxc213 writer 0 iter 168
2026/07/31 11:34:20    Duration: 1.105774785s
2026/07/31 11:34:20    Servers Deployed: 0
2026/07/31 11:34:20 🔄 Triggering automatic rollback...
2026/07/31 11:34:20 🔄 Rollback requested for 0 deployed server(s) (reason: hxc213 writer 0 iter 168)
2026/07/31 11:34:20 ❌ Rollback NOT completed: rollback NOT completed: real SSH rollback transport not wired (0/0 servers reverted)
2026/07/31 11:34:20 📢 Notification: rollback_not_completed - rollback NOT completed: real SSH rollback transport not wired (0/0 servers reverted)
2026/07/31 11:34:20 📢 Notification: deployment_failed - Production deployment failed: hxc213 writer 0 iter 168
2026/07/31 11:34:20 
❌ PRODUCTION DEPLOYMENT FAILED
2026/07/31 11:34:20 📊 Failure Summary:
2026/07/31 11:34:20    Failed Phase: deployment
2026/07/31 11:34:20    Error: hxc213 writer 0 iter 169
2026/07/31 11:34:20    Duration: 1.105855777s
2026/07/31 11:34:20    Servers Deployed: 0
2026/07/31 11:34:20 🔄 Triggering automatic rollback...
2026/07/31 11:34:20 🔄 Rollback requested for 0 deployed server(s) (reason: hxc213 writer 0 iter 169)
2026/07/31 11:34:20 ❌ Rollback NOT completed: rollback NOT completed: real SSH rollback transport not wired (0/0 servers reverted)
2026/07/31 11:34:20 📢 Notification: rollback_not_completed - rollback NOT completed: real SSH rollback transport not wired (0/0 servers reverted)
2026/07/31 11:34:20 📢 Notification: deployment_failed - Production deployment failed: hxc213 writer 0 iter 169
2026/07/31 11:34:20 
❌ PRODUCTION DEPLOYMENT FAILED
2026/07/31 11:34:20 📊 Failure Summary:
2026/07/31 11:34:20    Failed Phase: deployment
2026/07/31 11:34:20    Error: hxc213 writer 0 iter 170
2026/07/31 11:34:20    Duration: 1.105932764s
2026/07/31 11:34:20    Servers Deployed: 0
2026/07/31 11:34:20 🔄 Triggering automatic rollback...
2026/07/31 11:34:20 🔄 Rollback requested for 0 deployed server(s) (reason: hxc213 writer 0 iter 170)
2026/07/31 11:34:20 ❌ Rollback NOT completed: rollback NOT completed: real SSH rollback transport not wired (0/0 servers reverted)
2026/07/31 11:34:20 📢 Notification: rollback_not_completed - rollback NOT completed: real SSH rollback transport not wired (0/0 servers reverted)
2026/07/31 11:34:20 📢 Notification: deployment_failed - Production deployment failed: hxc213 writer 0 iter 170
2026/07/31 11:34:20 
❌ PRODUCTION DEPLOYMENT FAILED
2026/07/31 11:34:20 📊 Failure Summary:
2026/07/31 11:34:20    Failed Phase: deployment
2026/07/31 11:34:20    Error: hxc213 writer 0 iter 171
2026/07/31 11:34:20    Duration: 1.106002669s
2026/07/31 11:34:20    Servers Deployed: 0
2026/07/31 11:34:20 🔄 Triggering automatic rollback...
2026/07/31 11:34:20 🔄 Rollback requested for 0 deployed server(s) (reason: hxc213 writer 0 iter 171)
2026/07/31 11:34:20 ❌ Rollback NOT completed: rollback NOT completed: real SSH rollback transport not wired (0/0 servers reverted)
2026/07/31 11:34:20 📢 Notification: rollback_not_completed - rollback NOT completed: real SSH rollback transport not wired (0/0 servers reverted)
2026/07/31 11:34:20 📢 Notification: deployment_failed - Production deployment failed: hxc213 writer 0 iter 171
2026/07/31 11:34:20 
❌ PRODUCTION DEPLOYMENT FAILED
2026/07/31 11:34:20 📊 Failure Summary:
2026/07/31 11:34:20    Failed Phase: deployment
2026/07/31 11:34:20    Error: hxc213 writer 0 iter 172
2026/07/31 11:34:20    Duration: 1.106079165s
2026/07/31 11:34:20    Servers Deployed: 0
2026/07/31 11:34:20 🔄 Triggering automatic rollback...
2026/07/31 11:34:20 🔄 Rollback requested for 0 deployed server(s) (reason: hxc213 writer 0 iter 172)
2026/07/31 11:34:20 ❌ Rollback NOT completed: rollback NOT completed: real SSH rollback transport not wired (0/0 servers reverted)
2026/07/31 11:34:20 📢 Notification: rollback_not_completed - rollback NOT completed: real SSH rollback transport not wired (0/0 servers reverted)
2026/07/31 11:34:20 📢 Notification: deployment_failed - Production deployment failed: hxc213 writer 0 iter 172
2026/07/31 11:34:20 
❌ PRODUCTION DEPLOYMENT FAILED
2026/07/31 11:34:20 📊 Failure Summary:
2026/07/31 11:34:20    Failed Phase: deployment
2026/07/31 11:34:20    Error: hxc213 writer 0 iter 173
2026/07/31 11:34:20    Duration: 1.106166337s
2026/07/31 11:34:20    Servers Deployed: 0
2026/07/31 11:34:20 🔄 Triggering automatic rollback...
2026/07/31 11:34:20 🔄 Rollback requested for 0 deployed server(s) (reason: hxc213 writer 0 iter 173)
2026/07/31 11:34:20 ❌ Rollback NOT completed: rollback NOT completed: real SSH rollback transport not wired (0/0 servers reverted)
2026/07/31 11:34:20 📢 Notification: rollback_not_completed - rollback NOT completed: real SSH rollback transport not wired (0/0 servers reverted)
2026/07/31 11:34:20 📢 Notification: deployment_failed - Production deployment failed: hxc213 writer 0 iter 173
2026/07/31 11:34:20 
❌ PRODUCTION DEPLOYMENT FAILED
2026/07/31 11:34:20 📊 Failure Summary:
2026/07/31 11:34:20    Failed Phase: deployment
2026/07/31 11:34:20    Error: hxc213 writer 0 iter 174
2026/07/31 11:34:20    Duration: 1.106229462s
2026/07/31 11:34:20    Servers Deployed: 0
2026/07/31 11:34:20 🔄 Triggering automatic rollback...
2026/07/31 11:34:20 🔄 Rollback requested for 0 deployed server(s) (reason: hxc213 writer 0 iter 174)
2026/07/31 11:34:20 ❌ Rollback NOT completed: rollback NOT completed: real SSH rollback transport not wired (0/0 servers reverted)
2026/07/31 11:34:20 📢 Notification: rollback_not_completed - rollback NOT completed: real SSH rollback transport not wired (0/0 servers reverted)
2026/07/31 11:34:20 📢 Notification: deployment_failed - Production deployment failed: hxc213 writer 0 iter 174
2026/07/31 11:34:20 
❌ PRODUCTION DEPLOYMENT FAILED
2026/07/31 11:34:20 📊 Failure Summary:
2026/07/31 11:34:20    Failed Phase: deployment
2026/07/31 11:34:20    Error: hxc213 writer 0 iter 175
2026/07/31 11:34:20    Duration: 1.106306519s
2026/07/31 11:34:20    Servers Deployed: 0
2026/07/31 11:34:20 🔄 Triggering automatic rollback...
2026/07/31 11:34:20 🔄 Rollback requested for 0 deployed server(s) (reason: hxc213 writer 0 iter 175)
2026/07/31 11:34:20 ❌ Rollback NOT completed: rollback NOT completed: real SSH rollback transport not wired (0/0 servers reverted)
2026/07/31 11:34:20 📢 Notification: rollback_not_completed - rollback NOT completed: real SSH rollback transport not wired (0/0 servers reverted)
2026/07/31 11:34:20 📢 Notification: deployment_failed - Production deployment failed: hxc213 writer 0 iter 175
2026/07/31 11:34:20 
❌ PRODUCTION DEPLOYMENT FAILED
2026/07/31 11:34:20 📊 Failure Summary:
2026/07/31 11:34:20    Failed Phase: deployment
2026/07/31 11:34:20    Error: hxc213 writer 0 iter 176
2026/07/31 11:34:20    Duration: 1.106388322s
2026/07/31 11:34:20    Servers Deployed: 0
2026/07/31 11:34:20 🔄 Triggering automatic rollback...
2026/07/31 11:34:20 🔄 Rollback requested for 0 deployed server(s) (reason: hxc213 writer 0 iter 176)
2026/07/31 11:34:20 ❌ Rollback NOT completed: rollback NOT completed: real SSH rollback transport not wired (0/0 servers reverted)
2026/07/31 11:34:20 📢 Notification: rollback_not_completed - rollback NOT completed: real SSH rollback transport not wired (0/0 servers reverted)
2026/07/31 11:34:20 📢 Notification: deployment_failed - Production deployment failed: hxc213 writer 0 iter 176
2026/07/31 11:34:20 
❌ PRODUCTION DEPLOYMENT FAILED
2026/07/31 11:34:20 📊 Failure Summary:
2026/07/31 11:34:20    Failed Phase: deployment
2026/07/31 11:34:20    Error: hxc213 writer 0 iter 177
2026/07/31 11:34:20    Duration: 1.106460912s
2026/07/31 11:34:20    Servers Deployed: 0
2026/07/31 11:34:20 🔄 Triggering automatic rollback...
2026/07/31 11:34:20 🔄 Rollback requested for 0 deployed server(s) (reason: hxc213 writer 0 iter 177)
2026/07/31 11:34:20 ❌ Rollback NOT completed: rollback NOT completed: real SSH rollback transport not wired (0/0 servers reverted)
2026/07/31 11:34:20 📢 Notification: rollback_not_completed - rollback NOT completed: real SSH rollback transport not wired (0/0 servers reverted)
2026/07/31 11:34:20 📢 Notification: deployment_failed - Production deployment failed: hxc213 writer 0 iter 177
2026/07/31 11:34:20 
❌ PRODUCTION DEPLOYMENT FAILED
2026/07/31 11:34:20 📊 Failure Summary:
2026/07/31 11:34:20    Failed Phase: deployment
2026/07/31 11:34:20    Error: hxc213 writer 0 iter 178
2026/07/31 11:34:20    Duration: 1.106544218s
2026/07/31 11:34:20    Servers Deployed: 0
2026/07/31 11:34:20 🔄 Triggering automatic rollback...
2026/07/31 11:34:20 🔄 Rollback requested for 0 deployed server(s) (reason: hxc213 writer 0 iter 178)
2026/07/31 11:34:20 ❌ Rollback NOT completed: rollback NOT completed: real SSH rollback transport not wired (0/0 servers reverted)
2026/07/31 11:34:20 📢 Notification: rollback_not_completed - rollback NOT completed: real SSH rollback transport not wired (0/0 servers reverted)
2026/07/31 11:34:20 📢 Notification: deployment_failed - Production deployment failed: hxc213 writer 0 iter 178
2026/07/31 11:34:20 
❌ PRODUCTION DEPLOYMENT FAILED
2026/07/31 11:34:20 📊 Failure Summary:
2026/07/31 11:34:20    Failed Phase: deployment
2026/07/31 11:34:20    Error: hxc213 writer 0 iter 179
2026/07/31 11:34:20    Duration: 1.106626372s
2026/07/31 11:34:20    Servers Deployed: 0
2026/07/31 11:34:20 🔄 Triggering automatic rollback...
2026/07/31 11:34:20 🔄 Rollback requested for 0 deployed server(s) (reason: hxc213 writer 0 iter 179)
2026/07/31 11:34:20 ❌ Rollback NOT completed: rollback NOT completed: real SSH rollback transport not wired (0/0 servers reverted)
2026/07/31 11:34:20 📢 Notification: rollback_not_completed - rollback NOT completed: real SSH rollback transport not wired (0/0 servers reverted)
2026/07/31 11:34:20 📢 Notification: deployment_failed - Production deployment failed: hxc213 writer 0 iter 179
2026/07/31 11:34:20 
❌ PRODUCTION DEPLOYMENT FAILED
2026/07/31 11:34:20 📊 Failure Summary:
2026/07/31 11:34:20    Failed Phase: deployment
2026/07/31 11:34:20    Error: hxc213 writer 0 iter 180
2026/07/31 11:34:20    Duration: 1.106703048s
2026/07/31 11:34:20    Servers Deployed: 0
2026/07/31 11:34:20 🔄 Triggering automatic rollback...
2026/07/31 11:34:20 🔄 Rollback requested for 0 deployed server(s) (reason: hxc213 writer 0 iter 180)
2026/07/31 11:34:20 ❌ Rollback NOT completed: rollback NOT completed: real SSH rollback transport not wired (0/0 servers reverted)
2026/07/31 11:34:20 📢 Notification: rollback_not_completed - rollback NOT completed: real SSH rollback transport not wired (0/0 servers reverted)
2026/07/31 11:34:20 📢 Notification: deployment_failed - Production deployment failed: hxc213 writer 0 iter 180
2026/07/31 11:34:20 
❌ PRODUCTION DEPLOYMENT FAILED
2026/07/31 11:34:20 📊 Failure Summary:
2026/07/31 11:34:20    Failed Phase: deployment
2026/07/31 11:34:20    Error: hxc213 writer 0 iter 181
2026/07/31 11:34:20    Duration: 1.106786434s
2026/07/31 11:34:20    Servers Deployed: 0
2026/07/31 11:34:20 🔄 Triggering automatic rollback...
2026/07/31 11:34:20 🔄 Rollback requested for 0 deployed server(s) (reason: hxc213 writer 0 iter 181)
2026/07/31 11:34:20 ❌ Rollback NOT completed: rollback NOT completed: real SSH rollback transport not wired (0/0 servers reverted)
2026/07/31 11:34:20 📢 Notification: rollback_not_completed - rollback NOT completed: real SSH rollback transport not wired (0/0 servers reverted)
2026/07/31 11:34:20 📢 Notification: deployment_failed - Production deployment failed: hxc213 writer 0 iter 181
2026/07/31 11:34:20 
❌ PRODUCTION DEPLOYMENT FAILED
2026/07/31 11:34:20 📊 Failure Summary:
2026/07/31 11:34:20    Failed Phase: deployment
2026/07/31 11:34:20    Error: hxc213 writer 0 iter 182
2026/07/31 11:34:20    Duration: 1.106854897s
2026/07/31 11:34:20    Servers Deployed: 0
2026/07/31 11:34:20 🔄 Triggering automatic rollback...
2026/07/31 11:34:20 🔄 Rollback requested for 0 deployed server(s) (reason: hxc213 writer 0 iter 182)
2026/07/31 11:34:20 ❌ Rollback NOT completed: rollback NOT completed: real SSH rollback transport not wired (0/0 servers reverted)
2026/07/31 11:34:20 📢 Notification: rollback_not_completed - rollback NOT completed: real SSH rollback transport not wired (0/0 servers reverted)
2026/07/31 11:34:20 📢 Notification: deployment_failed - Production deployment failed: hxc213 writer 0 iter 182
2026/07/31 11:34:20 
❌ PRODUCTION DEPLOYMENT FAILED
2026/07/31 11:34:20 📊 Failure Summary:
2026/07/31 11:34:20    Failed Phase: deployment
2026/07/31 11:34:20    Error: hxc213 writer 0 iter 183
2026/07/31 11:34:20    Duration: 1.106938965s
2026/07/31 11:34:20    Servers Deployed: 0
2026/07/31 11:34:20 🔄 Triggering automatic rollback...
2026/07/31 11:34:20 🔄 Rollback requested for 0 deployed server(s) (reason: hxc213 writer 0 iter 183)
2026/07/31 11:34:20 ❌ Rollback NOT completed: rollback NOT completed: real SSH rollback transport not wired (0/0 servers reverted)
2026/07/31 11:34:20 📢 Notification: rollback_not_completed - rollback NOT completed: real SSH rollback transport not wired (0/0 servers reverted)
2026/07/31 11:34:20 📢 Notification: deployment_failed - Production deployment failed: hxc213 writer 0 iter 183
2026/07/31 11:34:20 
❌ PRODUCTION DEPLOYMENT FAILED
2026/07/31 11:34:20 📊 Failure Summary:
2026/07/31 11:34:20    Failed Phase: deployment
2026/07/31 11:34:20    Error: hxc213 writer 0 iter 184
2026/07/31 11:34:20    Duration: 1.107017373s
2026/07/31 11:34:20    Servers Deployed: 0
2026/07/31 11:34:20 🔄 Triggering automatic rollback...
2026/07/31 11:34:20 🔄 Rollback requested for 0 deployed server(s) (reason: hxc213 writer 0 iter 184)
2026/07/31 11:34:20 ❌ Rollback NOT completed: rollback NOT completed: real SSH rollback transport not wired (0/0 servers reverted)
2026/07/31 11:34:20 📢 Notification: rollback_not_completed - rollback NOT completed: real SSH rollback transport not wired (0/0 servers reverted)
2026/07/31 11:34:20 📢 Notification: deployment_failed - Production deployment failed: hxc213 writer 0 iter 184
2026/07/31 11:34:20 
❌ PRODUCTION DEPLOYMENT FAILED
2026/07/31 11:34:20 📊 Failure Summary:
2026/07/31 11:34:20    Failed Phase: deployment
2026/07/31 11:34:20    Error: hxc213 writer 0 iter 185
2026/07/31 11:34:20    Duration: 1.107099778s
2026/07/31 11:34:20    Servers Deployed: 0
2026/07/31 11:34:20 🔄 Triggering automatic rollback...
2026/07/31 11:34:20 🔄 Rollback requested for 0 deployed server(s) (reason: hxc213 writer 0 iter 185)
2026/07/31 11:34:20 ❌ Rollback NOT completed: rollback NOT completed: real SSH rollback transport not wired (0/0 servers reverted)
2026/07/31 11:34:20 📢 Notification: rollback_not_completed - rollback NOT completed: real SSH rollback transport not wired (0/0 servers reverted)
2026/07/31 11:34:20 📢 Notification: deployment_failed - Production deployment failed: hxc213 writer 0 iter 185
2026/07/31 11:34:20 
❌ PRODUCTION DEPLOYMENT FAILED
2026/07/31 11:34:20 📊 Failure Summary:
2026/07/31 11:34:20    Failed Phase: deployment
2026/07/31 11:34:20    Error: hxc213 writer 0 iter 186
2026/07/31 11:34:20    Duration: 1.107178747s
2026/07/31 11:34:20    Servers Deployed: 0
2026/07/31 11:34:20 🔄 Triggering automatic rollback...
2026/07/31 11:34:20 🔄 Rollback requested for 0 deployed server(s) (reason: hxc213 writer 0 iter 186)
2026/07/31 11:34:20 ❌ Rollback NOT completed: rollback NOT completed: real SSH rollback transport not wired (0/0 servers reverted)
2026/07/31 11:34:20 📢 Notification: rollback_not_completed - rollback NOT completed: real SSH rollback transport not wired (0/0 servers reverted)
2026/07/31 11:34:20 📢 Notification: deployment_failed - Production deployment failed: hxc213 writer 0 iter 186
2026/07/31 11:34:20 
❌ PRODUCTION DEPLOYMENT FAILED
2026/07/31 11:34:20 📊 Failure Summary:
2026/07/31 11:34:20    Failed Phase: deployment
2026/07/31 11:34:20    Error: hxc213 writer 0 iter 187
2026/07/31 11:34:20    Duration: 1.107256795s
2026/07/31 11:34:20    Servers Deployed: 0
2026/07/31 11:34:20 🔄 Triggering automatic rollback...
2026/07/31 11:34:20 🔄 Rollback requested for 0 deployed server(s) (reason: hxc213 writer 0 iter 187)
2026/07/31 11:34:20 ❌ Rollback NOT completed: rollback NOT completed: real SSH rollback transport not wired (0/0 servers reverted)
2026/07/31 11:34:20 📢 Notification: rollback_not_completed - rollback NOT completed: real SSH rollback transport not wired (0/0 servers reverted)
2026/07/31 11:34:20 📢 Notification: deployment_failed - Production deployment failed: hxc213 writer 0 iter 187
2026/07/31 11:34:20 
❌ PRODUCTION DEPLOYMENT FAILED
2026/07/31 11:34:20 📊 Failure Summary:
2026/07/31 11:34:20    Failed Phase: deployment
2026/07/31 11:34:20    Error: hxc213 writer 0 iter 188
2026/07/31 11:34:20    Duration: 1.10732611s
2026/07/31 11:34:20    Servers Deployed: 0
2026/07/31 11:34:20 🔄 Triggering automatic rollback...
2026/07/31 11:34:20 🔄 Rollback requested for 0 deployed server(s) (reason: hxc213 writer 0 iter 188)
2026/07/31 11:34:20 ❌ Rollback NOT completed: rollback NOT completed: real SSH rollback transport not wired (0/0 servers reverted)
2026/07/31 11:34:20 📢 Notification: rollback_not_completed - rollback NOT completed: real SSH rollback transport not wired (0/0 servers reverted)
2026/07/31 11:34:20 📢 Notification: deployment_failed - Production deployment failed: hxc213 writer 0 iter 188
2026/07/31 11:34:20 
❌ PRODUCTION DEPLOYMENT FAILED
2026/07/31 11:34:20 📊 Failure Summary:
2026/07/31 11:34:20    Failed Phase: deployment
2026/07/31 11:34:20    Error: hxc213 writer 0 iter 189
2026/07/31 11:34:20    Duration: 1.107463207s
2026/07/31 11:34:20    Servers Deployed: 0
2026/07/31 11:34:20 🔄 Triggering automatic rollback...
2026/07/31 11:34:20 🔄 Rollback requested for 0 deployed server(s) (reason: hxc213 writer 0 iter 189)
2026/07/31 11:34:20 ❌ Rollback NOT completed: rollback NOT completed: real SSH rollback transport not wired (0/0 servers reverted)
2026/07/31 11:34:20 📢 Notification: rollback_not_completed - rollback NOT completed: real SSH rollback transport not wired (0/0 servers reverted)
2026/07/31 11:34:20 📢 Notification: deployment_failed - Production deployment failed: hxc213 writer 0 iter 189
2026/07/31 11:34:20 
❌ PRODUCTION DEPLOYMENT FAILED
2026/07/31 11:34:20 📊 Failure Summary:
2026/07/31 11:34:20    Failed Phase: deployment
2026/07/31 11:34:20    Error: hxc213 writer 0 iter 190
2026/07/31 11:34:20    Duration: 1.107532191s
2026/07/31 11:34:20    Servers Deployed: 0
2026/07/31 11:34:20 🔄 Triggering automatic rollback...
2026/07/31 11:34:20 🔄 Rollback requested for 0 deployed server(s) (reason: hxc213 writer 0 iter 190)
2026/07/31 11:34:20 ❌ Rollback NOT completed: rollback NOT completed: real SSH rollback transport not wired (0/0 servers reverted)
2026/07/31 11:34:20 📢 Notification: rollback_not_completed - rollback NOT completed: real SSH rollback transport not wired (0/0 servers reverted)
2026/07/31 11:34:20 📢 Notification: deployment_failed - Production deployment failed: hxc213 writer 0 iter 190
2026/07/31 11:34:20 
❌ PRODUCTION DEPLOYMENT FAILED
2026/07/31 11:34:20 📊 Failure Summary:
2026/07/31 11:34:20    Failed Phase: deployment
2026/07/31 11:34:20    Error: hxc213 writer 0 iter 191
2026/07/31 11:34:20    Duration: 1.107597861s
2026/07/31 11:34:20    Servers Deployed: 0
2026/07/31 11:34:20 🔄 Triggering automatic rollback...
2026/07/31 11:34:20 🔄 Rollback requested for 0 deployed server(s) (reason: hxc213 writer 0 iter 191)
2026/07/31 11:34:20 ❌ Rollback NOT completed: rollback NOT completed: real SSH rollback transport not wired (0/0 servers reverted)
2026/07/31 11:34:20 📢 Notification: rollback_not_completed - rollback NOT completed: real SSH rollback transport not wired (0/0 servers reverted)
2026/07/31 11:34:20 📢 Notification: deployment_failed - Production deployment failed: hxc213 writer 0 iter 191
2026/07/31 11:34:20 
❌ PRODUCTION DEPLOYMENT FAILED
2026/07/31 11:34:20 📊 Failure Summary:
2026/07/31 11:34:20    Failed Phase: deployment
2026/07/31 11:34:20    Error: hxc213 writer 0 iter 192
2026/07/31 11:34:20    Duration: 1.107665593s
2026/07/31 11:34:20    Servers Deployed: 0
2026/07/31 11:34:20 🔄 Triggering automatic rollback...
2026/07/31 11:34:20 🔄 Rollback requested for 0 deployed server(s) (reason: hxc213 writer 0 iter 192)
2026/07/31 11:34:20 ❌ Rollback NOT completed: rollback NOT completed: real SSH rollback transport not wired (0/0 servers reverted)
2026/07/31 11:34:20 📢 Notification: rollback_not_completed - rollback NOT completed: real SSH rollback transport not wired (0/0 servers reverted)
2026/07/31 11:34:20 📢 Notification: deployment_failed - Production deployment failed: hxc213 writer 0 iter 192
2026/07/31 11:34:20 
❌ PRODUCTION DEPLOYMENT FAILED
2026/07/31 11:34:20 📊 Failure Summary:
2026/07/31 11:34:20    Failed Phase: deployment
2026/07/31 11:34:20    Error: hxc213 writer 0 iter 193
2026/07/31 11:34:20    Duration: 1.107744382s
2026/07/31 11:34:20    Servers Deployed: 0
2026/07/31 11:34:20 🔄 Triggering automatic rollback...
2026/07/31 11:34:20 🔄 Rollback requested for 0 deployed server(s) (reason: hxc213 writer 0 iter 193)
2026/07/31 11:34:20 ❌ Rollback NOT completed: rollback NOT completed: real SSH rollback transport not wired (0/0 servers reverted)
2026/07/31 11:34:20 📢 Notification: rollback_not_completed - rollback NOT completed: real SSH rollback transport not wired (0/0 servers reverted)
2026/07/31 11:34:20 📢 Notification: deployment_failed - Production deployment failed: hxc213 writer 0 iter 193
2026/07/31 11:34:20 
❌ PRODUCTION DEPLOYMENT FAILED
2026/07/31 11:34:20 📊 Failure Summary:
2026/07/31 11:34:20    Failed Phase: deployment
2026/07/31 11:34:20    Error: hxc213 writer 0 iter 194
2026/07/31 11:34:20    Duration: 1.107810382s
2026/07/31 11:34:20    Servers Deployed: 0
2026/07/31 11:34:20 🔄 Triggering automatic rollback...
2026/07/31 11:34:20 🔄 Rollback requested for 0 deployed server(s) (reason: hxc213 writer 0 iter 194)
2026/07/31 11:34:20 ❌ Rollback NOT completed: rollback NOT completed: real SSH rollback transport not wired (0/0 servers reverted)
2026/07/31 11:34:20 📢 Notification: rollback_not_completed - rollback NOT completed: real SSH rollback transport not wired (0/0 servers reverted)
2026/07/31 11:34:20 📢 Notification: deployment_failed - Production deployment failed: hxc213 writer 0 iter 194
2026/07/31 11:34:20 
❌ PRODUCTION DEPLOYMENT FAILED
2026/07/31 11:34:20 📊 Failure Summary:
2026/07/31 11:34:20    Failed Phase: deployment
2026/07/31 11:34:20    Error: hxc213 writer 0 iter 195
2026/07/31 11:34:20    Duration: 1.107866237s
2026/07/31 11:34:20    Servers Deployed: 0
2026/07/31 11:34:20 🔄 Triggering automatic rollback...
2026/07/31 11:34:20 🔄 Rollback requested for 0 deployed server(s) (reason: hxc213 writer 0 iter 195)
2026/07/31 11:34:20 ❌ Rollback NOT completed: rollback NOT completed: real SSH rollback transport not wired (0/0 servers reverted)
2026/07/31 11:34:20 📢 Notification: rollback_not_completed - rollback NOT completed: real SSH rollback transport not wired (0/0 servers reverted)
2026/07/31 11:34:20 📢 Notification: deployment_failed - Production deployment failed: hxc213 writer 0 iter 195
2026/07/31 11:34:20 
❌ PRODUCTION DEPLOYMENT FAILED
2026/07/31 11:34:20 📊 Failure Summary:
2026/07/31 11:34:20    Failed Phase: deployment
2026/07/31 11:34:20    Error: hxc213 writer 0 iter 196
2026/07/31 11:34:20    Duration: 1.107933198s
2026/07/31 11:34:20    Servers Deployed: 0
2026/07/31 11:34:20 🔄 Triggering automatic rollback...
2026/07/31 11:34:20 🔄 Rollback requested for 0 deployed server(s) (reason: hxc213 writer 0 iter 196)
2026/07/31 11:34:20 ❌ Rollback NOT completed: rollback NOT completed: real SSH rollback transport not wired (0/0 servers reverted)
2026/07/31 11:34:20 📢 Notification: rollback_not_completed - rollback NOT completed: real SSH rollback transport not wired (0/0 servers reverted)
2026/07/31 11:34:20 📢 Notification: deployment_failed - Production deployment failed: hxc213 writer 0 iter 196
2026/07/31 11:34:20 
❌ PRODUCTION DEPLOYMENT FAILED
2026/07/31 11:34:20 📊 Failure Summary:
2026/07/31 11:34:20    Failed Phase: deployment
2026/07/31 11:34:20    Error: hxc213 writer 0 iter 197
2026/07/31 11:34:20    Duration: 1.107990705s
2026/07/31 11:34:20    Servers Deployed: 0
2026/07/31 11:34:20 🔄 Triggering automatic rollback...
2026/07/31 11:34:20 🔄 Rollback requested for 0 deployed server(s) (reason: hxc213 writer 0 iter 197)
2026/07/31 11:34:20 ❌ Rollback NOT completed: rollback NOT completed: real SSH rollback transport not wired (0/0 servers reverted)
2026/07/31 11:34:20 📢 Notification: rollback_not_completed - rollback NOT completed: real SSH rollback transport not wired (0/0 servers reverted)
2026/07/31 11:34:20 📢 Notification: deployment_failed - Production deployment failed: hxc213 writer 0 iter 197
2026/07/31 11:34:20 
❌ PRODUCTION DEPLOYMENT FAILED
2026/07/31 11:34:20 📊 Failure Summary:
2026/07/31 11:34:20    Failed Phase: deployment
2026/07/31 11:34:20    Error: hxc213 writer 0 iter 198
2026/07/31 11:34:20    Duration: 1.10806026s
2026/07/31 11:34:20    Servers Deployed: 0
2026/07/31 11:34:20 🔄 Triggering automatic rollback...
2026/07/31 11:34:20 🔄 Rollback requested for 0 deployed server(s) (reason: hxc213 writer 0 iter 198)
2026/07/31 11:34:20 ❌ Rollback NOT completed: rollback NOT completed: real SSH rollback transport not wired (0/0 servers reverted)
2026/07/31 11:34:20 📢 Notification: rollback_not_completed - rollback NOT completed: real SSH rollback transport not wired (0/0 servers reverted)
2026/07/31 11:34:20 📢 Notification: deployment_failed - Production deployment failed: hxc213 writer 0 iter 198
2026/07/31 11:34:20 
❌ PRODUCTION DEPLOYMENT FAILED
2026/07/31 11:34:20 📊 Failure Summary:
2026/07/31 11:34:20    Failed Phase: deployment
2026/07/31 11:34:20    Error: hxc213 writer 0 iter 199
2026/07/31 11:34:20    Duration: 1.108115594s
2026/07/31 11:34:20    Servers Deployed: 0
2026/07/31 11:34:20 🔄 Triggering automatic rollback...
2026/07/31 11:34:20 🔄 Rollback requested for 0 deployed server(s) (reason: hxc213 writer 0 iter 199)
2026/07/31 11:34:20 ❌ Rollback NOT completed: rollback NOT completed: real SSH rollback transport not wired (0/0 servers reverted)
2026/07/31 11:34:20 📢 Notification: rollback_not_completed - rollback NOT completed: real SSH rollback transport not wired (0/0 servers reverted)
2026/07/31 11:34:20 📢 Notification: deployment_failed - Production deployment failed: hxc213 writer 0 iter 199
2026/07/31 11:34:20 
❌ PRODUCTION DEPLOYMENT FAILED
2026/07/31 11:34:20 📊 Failure Summary:
2026/07/31 11:34:20    Failed Phase: deployment
2026/07/31 11:34:20    Error: hxc213 writer 0 iter 200
2026/07/31 11:34:20    Duration: 1.108170106s
2026/07/31 11:34:20    Servers Deployed: 0
2026/07/31 11:34:20 🔄 Triggering automatic rollback...
2026/07/31 11:34:20 🔄 Rollback requested for 0 deployed server(s) (reason: hxc213 writer 0 iter 200)
2026/07/31 11:34:20 ❌ Rollback NOT completed: rollback NOT completed: real SSH rollback transport not wired (0/0 servers reverted)
2026/07/31 11:34:20 📢 Notification: rollback_not_completed - rollback NOT completed: real SSH rollback transport not wired (0/0 servers reverted)
2026/07/31 11:34:20 📢 Notification: deployment_failed - Production deployment failed: hxc213 writer 0 iter 200
2026/07/31 11:34:20 
❌ PRODUCTION DEPLOYMENT FAILED
2026/07/31 11:34:20 📊 Failure Summary:
2026/07/31 11:34:20    Failed Phase: deployment
2026/07/31 11:34:20    Error: hxc213 writer 0 iter 201
2026/07/31 11:34:20    Duration: 1.108228845s
2026/07/31 11:34:20    Servers Deployed: 0
2026/07/31 11:34:20 🔄 Triggering automatic rollback...
2026/07/31 11:34:20 🔄 Rollback requested for 0 deployed server(s) (reason: hxc213 writer 0 iter 201)
2026/07/31 11:34:20 ❌ Rollback NOT completed: rollback NOT completed: real SSH rollback transport not wired (0/0 servers reverted)
2026/07/31 11:34:20 📢 Notification: rollback_not_completed - rollback NOT completed: real SSH rollback transport not wired (0/0 servers reverted)
2026/07/31 11:34:20 📢 Notification: deployment_failed - Production deployment failed: hxc213 writer 0 iter 201
2026/07/31 11:34:20 
❌ PRODUCTION DEPLOYMENT FAILED
2026/07/31 11:34:20 📊 Failure Summary:
2026/07/31 11:34:20    Failed Phase: deployment
2026/07/31 11:34:20    Error: hxc213 writer 0 iter 202
2026/07/31 11:34:20    Duration: 1.108283177s
2026/07/31 11:34:20    Servers Deployed: 0
2026/07/31 11:34:20 🔄 Triggering automatic rollback...
2026/07/31 11:34:20 🔄 Rollback requested for 0 deployed server(s) (reason: hxc213 writer 0 iter 202)
2026/07/31 11:34:20 ❌ Rollback NOT completed: rollback NOT completed: real SSH rollback transport not wired (0/0 servers reverted)
2026/07/31 11:34:20 📢 Notification: rollback_not_completed - rollback NOT completed: real SSH rollback transport not wired (0/0 servers reverted)
2026/07/31 11:34:20 📊 Failure Summary:
2026/07/31 11:34:20 🔄 Triggering automatic rollback...
2026/07/31 11:34:20 🔄 Rollback requested for 0 deployed server(s) (reason: hxc213 writer 2 iter 154)
2026/07/31 11:34:20 ❌ Rollback NOT completed: rollback NOT completed: real SSH rollback transport not wired (0/0 servers reverted)
2026/07/31 11:34:20 📢 Notification: rollback_not_completed - rollback NOT completed: real SSH rollback transport not wired (0/0 servers reverted)
2026/07/31 11:34:20    Failed Phase: deployment
2026/07/31 11:34:20    Error: hxc213 writer 1 iter 222
2026/07/31 11:34:20    Duration: 1.108283177s
2026/07/31 11:34:20    Servers Deployed: 0
2026/07/31 11:34:20 🔄 Triggering automatic rollback...
2026/07/31 11:34:20 🔄 Rollback requested for 0 deployed server(s) (reason: hxc213 writer 1 iter 222)
2026/07/31 11:34:20 ❌ Rollback NOT completed: rollback NOT completed: real SSH rollback transport not wired (0/0 servers reverted)
2026/07/31 11:34:20 📢 Notification: deployment_failed - Production deployment failed: hxc213 writer 2 iter 154
2026/07/31 11:34:20 
❌ PRODUCTION DEPLOYMENT FAILED
2026/07/31 11:34:20 📊 Failure Summary:
2026/07/31 11:34:20    Failed Phase: deployment
2026/07/31 11:34:20    Error: hxc213 writer 2 iter 155
2026/07/31 11:34:20    Duration: 1.194845255s
2026/07/31 11:34:20    Servers Deployed: 0
2026/07/31 11:34:20 🔄 Triggering automatic rollback...
2026/07/31 11:34:20 📢 Notification: deployment_failed - Production deployment failed: hxc213 writer 0 iter 202
2026/07/31 11:34:20 📢 Notification: rollback_not_completed - rollback NOT completed: real SSH rollback transport not wired (0/0 servers reverted)
2026/07/31 11:34:20 📢 Notification: deployment_failed - Production deployment failed: hxc213 writer 1 iter 222
2026/07/31 11:34:20 🔄 Rollback requested for 0 deployed server(s) (reason: hxc213 writer 2 iter 155)
2026/07/31 11:34:20 ❌ Rollback NOT completed: rollback NOT completed: real SSH rollback transport not wired (0/0 servers reverted)
2026/07/31 11:34:20 📢 Notification: rollback_not_completed - rollback NOT completed: real SSH rollback transport not wired (0/0 servers reverted)
2026/07/31 11:34:20 📢 Notification: deployment_failed - Production deployment failed: hxc213 writer 2 iter 155
2026/07/31 11:34:20 
❌ PRODUCTION DEPLOYMENT FAILED
2026/07/31 11:34:20 📊 Failure Summary:
2026/07/31 11:34:20    Failed Phase: deployment
2026/07/31 11:34:20    Error: hxc213 writer 1 iter 223
2026/07/31 11:34:20    Duration: 1.195724304s
2026/07/31 11:34:20    Servers Deployed: 0
2026/07/31 11:34:20 🔄 Triggering automatic rollback...
2026/07/31 11:34:20 🔄 Rollback requested for 0 deployed server(s) (reason: hxc213 writer 1 iter 223)
2026/07/31 11:34:20 ❌ Rollback NOT completed: rollback NOT completed: real SSH rollback transport not wired (0/0 servers reverted)
2026/07/31 11:34:20 📢 Notification: rollback_not_completed - rollback NOT completed: real SSH rollback transport not wired (0/0 servers reverted)
2026/07/31 11:34:20 📢 Notification: deployment_failed - Production deployment failed: hxc213 writer 1 iter 223
2026/07/31 11:34:20 
❌ PRODUCTION DEPLOYMENT FAILED
2026/07/31 11:34:20 📊 Failure Summary:
2026/07/31 11:34:20    Failed Phase: deployment
2026/07/31 11:34:20    Error: hxc213 writer 1 iter 224
2026/07/31 11:34:20    Duration: 1.196619918s
2026/07/31 11:34:20    Servers Deployed: 0
2026/07/31 11:34:20 🔄 Triggering automatic rollback...
2026/07/31 11:34:20 🔄 Rollback requested for 0 deployed server(s) (reason: hxc213 writer 1 iter 224)
2026/07/31 11:34:20 ❌ Rollback NOT completed: rollback NOT completed: real SSH rollback transport not wired (0/0 servers reverted)
2026/07/31 11:34:20 📢 Notification: rollback_not_completed - rollback NOT completed: real SSH rollback transport not wired (0/0 servers reverted)
2026/07/31 11:34:20 📢 Notification: deployment_failed - Production deployment failed: hxc213 writer 1 iter 224
2026/07/31 11:34:20 
❌ PRODUCTION DEPLOYMENT FAILED
2026/07/31 11:34:20 📊 Failure Summary:
2026/07/31 11:34:20    Failed Phase: deployment
2026/07/31 11:34:20    Error: hxc213 writer 1 iter 225
2026/07/31 11:34:20    Duration: 1.196799489s
2026/07/31 11:34:20    Servers Deployed: 0
2026/07/31 11:34:20 🔄 Triggering automatic rollback...
2026/07/31 11:34:20 🔄 Rollback requested for 0 deployed server(s) (reason: hxc213 writer 1 iter 225)
2026/07/31 11:34:20 ❌ Rollback NOT completed: rollback NOT completed: real SSH rollback transport not wired (0/0 servers reverted)
2026/07/31 11:34:20 📢 Notification: rollback_not_completed - rollback NOT completed: real SSH rollback transport not wired (0/0 servers reverted)
2026/07/31 11:34:20 📢 Notification: deployment_failed - Production deployment failed: hxc213 writer 1 iter 225
2026/07/31 11:34:20 
❌ PRODUCTION DEPLOYMENT FAILED
2026/07/31 11:34:20 📊 Failure Summary:
2026/07/31 11:34:20    Failed Phase: deployment
2026/07/31 11:34:20    Error: hxc213 writer 1 iter 226
2026/07/31 11:34:20    Duration: 1.196877037s
2026/07/31 11:34:20    Servers Deployed: 0
2026/07/31 11:34:20 🔄 Triggering automatic rollback...
2026/07/31 11:34:20 🔄 Rollback requested for 0 deployed server(s) (reason: hxc213 writer 1 iter 226)
2026/07/31 11:34:20 ❌ Rollback NOT completed: rollback NOT completed: real SSH rollback transport not wired (0/0 servers reverted)
2026/07/31 11:34:20 📢 Notification: rollback_not_completed - rollback NOT completed: real SSH rollback transport not wired (0/0 servers reverted)
2026/07/31 11:34:20 📢 Notification: deployment_failed - Production deployment failed: hxc213 writer 1 iter 226
2026/07/31 11:34:20 
❌ PRODUCTION DEPLOYMENT FAILED
2026/07/31 11:34:20 📊 Failure Summary:
2026/07/31 11:34:20    Failed Phase: deployment
2026/07/31 11:34:20    Error: hxc213 writer 1 iter 227
2026/07/31 11:34:20    Duration: 1.19695898s
2026/07/31 11:34:20    Servers Deployed: 0
2026/07/31 11:34:20 🔄 Triggering automatic rollback...
2026/07/31 11:34:20 🔄 Rollback requested for 0 deployed server(s) (reason: hxc213 writer 1 iter 227)
2026/07/31 11:34:20 ❌ Rollback NOT completed: rollback NOT completed: real SSH rollback transport not wired (0/0 servers reverted)
2026/07/31 11:34:20 📢 Notification: rollback_not_completed - rollback NOT completed: real SSH rollback transport not wired (0/0 servers reverted)
2026/07/31 11:34:20 📢 Notification: deployment_failed - Production deployment failed: hxc213 writer 1 iter 227
2026/07/31 11:34:20 
❌ PRODUCTION DEPLOYMENT FAILED
2026/07/31 11:34:20 📊 Failure Summary:
2026/07/31 11:34:20    Failed Phase: deployment
2026/07/31 11:34:20    Error: hxc213 writer 1 iter 228
2026/07/31 11:34:20    Duration: 1.197043869s
2026/07/31 11:34:20    Servers Deployed: 0
2026/07/31 11:34:20 🔄 Triggering automatic rollback...
2026/07/31 11:34:20 🔄 Rollback requested for 0 deployed server(s) (reason: hxc213 writer 1 iter 228)
2026/07/31 11:34:20 ❌ Rollback NOT completed: rollback NOT completed: real SSH rollback transport not wired (0/0 servers reverted)
2026/07/31 11:34:20 📢 Notification: rollback_not_completed - rollback NOT completed: real SSH rollback transport not wired (0/0 servers reverted)
2026/07/31 11:34:20 📢 Notification: deployment_failed - Production deployment failed: hxc213 writer 1 iter 228
2026/07/31 11:34:20 
❌ PRODUCTION DEPLOYMENT FAILED
2026/07/31 11:34:20 📊 Failure Summary:
2026/07/31 11:34:20    Failed Phase: deployment
2026/07/31 11:34:20    Error: hxc213 writer 1 iter 229
2026/07/31 11:34:20    Duration: 1.197123229s
2026/07/31 11:34:20    Servers Deployed: 0
2026/07/31 11:34:20 🔄 Triggering automatic rollback...
2026/07/31 11:34:20 🔄 Rollback requested for 0 deployed server(s) (reason: hxc213 writer 1 iter 229)
2026/07/31 11:34:20 ❌ Rollback NOT completed: rollback NOT completed: real SSH rollback transport not wired (0/0 servers reverted)
2026/07/31 11:34:20 📢 Notification: rollback_not_completed - rollback NOT completed: real SSH rollback transport not wired (0/0 servers reverted)
2026/07/31 11:34:20 📢 Notification: deployment_failed - Production deployment failed: hxc213 writer 1 iter 229
2026/07/31 11:34:20 
❌ PRODUCTION DEPLOYMENT FAILED
2026/07/31 11:34:20 📊 Failure Summary:
2026/07/31 11:34:20    Failed Phase: deployment
2026/07/31 11:34:20    Error: hxc213 writer 1 iter 230
2026/07/31 11:34:20    Duration: 1.197217762s
2026/07/31 11:34:20    Servers Deployed: 0
2026/07/31 11:34:20 🔄 Triggering automatic rollback...
2026/07/31 11:34:20 🔄 Rollback requested for 0 deployed server(s) (reason: hxc213 writer 1 iter 230)
2026/07/31 11:34:20 ❌ Rollback NOT completed: rollback NOT completed: real SSH rollback transport not wired (0/0 servers reverted)
2026/07/31 11:34:20 📢 Notification: rollback_not_completed - rollback NOT completed: real SSH rollback transport not wired (0/0 servers reverted)
2026/07/31 11:34:20 📢 Notification: deployment_failed - Production deployment failed: hxc213 writer 1 iter 230
2026/07/31 11:34:20 
❌ PRODUCTION DEPLOYMENT FAILED
2026/07/31 11:34:20 📊 Failure Summary:
2026/07/31 11:34:20    Failed Phase: deployment
2026/07/31 11:34:20    Error: hxc213 writer 1 iter 231
2026/07/31 11:34:20    Duration: 1.197320507s
2026/07/31 11:34:20    Servers Deployed: 0
2026/07/31 11:34:20 🔄 Triggering automatic rollback...
2026/07/31 11:34:20 🔄 Rollback requested for 0 deployed server(s) (reason: hxc213 writer 1 iter 231)
2026/07/31 11:34:20 ❌ Rollback NOT completed: rollback NOT completed: real SSH rollback transport not wired (0/0 servers reverted)
2026/07/31 11:34:20 📢 Notification: rollback_not_completed - rollback NOT completed: real SSH rollback transport not wired (0/0 servers reverted)
2026/07/31 11:34:20 📢 Notification: deployment_failed - Production deployment failed: hxc213 writer 1 iter 231
2026/07/31 11:34:20 
❌ PRODUCTION DEPLOYMENT FAILED
2026/07/31 11:34:20 📊 Failure Summary:
2026/07/31 11:34:20    Failed Phase: deployment
2026/07/31 11:34:20    Error: hxc213 writer 1 iter 232
2026/07/31 11:34:20    Duration: 1.197406507s
2026/07/31 11:34:20    Servers Deployed: 0
2026/07/31 11:34:20 🔄 Triggering automatic rollback...
2026/07/31 11:34:20 🔄 Rollback requested for 0 deployed server(s) (reason: hxc213 writer 1 iter 232)
2026/07/31 11:34:20 ❌ Rollback NOT completed: rollback NOT completed: real SSH rollback transport not wired (0/0 servers reverted)
2026/07/31 11:34:20 📢 Notification: rollback_not_completed - rollback NOT completed: real SSH rollback transport not wired (0/0 servers reverted)
2026/07/31 11:34:20 
❌ PRODUCTION DEPLOYMENT FAILED
2026/07/31 11:34:20 
❌ PRODUCTION DEPLOYMENT FAILED
2026/07/31 11:34:20 📊 Failure Summary:
2026/07/31 11:34:20    Failed Phase: deployment
2026/07/31 11:34:20    Error: hxc213 writer 2 iter 156
2026/07/31 11:34:20    Duration: 1.197406507s
2026/07/31 11:34:20    Servers Deployed: 0
2026/07/31 11:34:20 🔄 Triggering automatic rollback...
2026/07/31 11:34:20 🔄 Rollback requested for 0 deployed server(s) (reason: hxc213 writer 2 iter 156)
2026/07/31 11:34:20 ❌ Rollback NOT completed: rollback NOT completed: real SSH rollback transport not wired (0/0 servers reverted)
2026/07/31 11:34:20 📢 Notification: rollback_not_completed - rollback NOT completed: real SSH rollback transport not wired (0/0 servers reverted)
2026/07/31 11:34:20 📢 Notification: deployment_failed - Production deployment failed: hxc213 writer 2 iter 156
2026/07/31 11:34:20 
❌ PRODUCTION DEPLOYMENT FAILED
2026/07/31 11:34:20 📊 Failure Summary:
2026/07/31 11:34:20    Failed Phase: deployment
2026/07/31 11:34:20    Error: hxc213 writer 2 iter 157
2026/07/31 11:34:20    Duration: 1.198412378s
2026/07/31 11:34:20    Servers Deployed: 0
2026/07/31 11:34:20 🔄 Triggering automatic rollback...
2026/07/31 11:34:20 🔄 Rollback requested for 0 deployed server(s) (reason: hxc213 writer 2 iter 157)
2026/07/31 11:34:20 ❌ Rollback NOT completed: rollback NOT completed: real SSH rollback transport not wired (0/0 servers reverted)
2026/07/31 11:34:20 📢 Notification: rollback_not_completed - rollback NOT completed: real SSH rollback transport not wired (0/0 servers reverted)
2026/07/31 11:34:20 📢 Notification: deployment_failed - Production deployment failed: hxc213 writer 2 iter 157
2026/07/31 11:34:20 
❌ PRODUCTION DEPLOYMENT FAILED
2026/07/31 11:34:20 📊 Failure Summary:
2026/07/31 11:34:20    Failed Phase: deployment
2026/07/31 11:34:20    Error: hxc213 writer 2 iter 158
2026/07/31 11:34:20    Duration: 1.198505388s
2026/07/31 11:34:20    Servers Deployed: 0
2026/07/31 11:34:20 🔄 Triggering automatic rollback...
2026/07/31 11:34:20 🔄 Rollback requested for 0 deployed server(s) (reason: hxc213 writer 2 iter 158)
2026/07/31 11:34:20 ❌ Rollback NOT completed: rollback NOT completed: real SSH rollback transport not wired (0/0 servers reverted)
2026/07/31 11:34:20 📢 Notification: rollback_not_completed - rollback NOT completed: real SSH rollback transport not wired (0/0 servers reverted)
2026/07/31 11:34:20 📢 Notification: deployment_failed - Production deployment failed: hxc213 writer 2 iter 158
2026/07/31 11:34:20 
❌ PRODUCTION DEPLOYMENT FAILED
2026/07/31 11:34:20 📊 Failure Summary:
2026/07/31 11:34:20    Failed Phase: deployment
2026/07/31 11:34:20    Error: hxc213 writer 2 iter 159
2026/07/31 11:34:20    Duration: 1.19861915s
2026/07/31 11:34:20    Servers Deployed: 0
2026/07/31 11:34:20 🔄 Triggering automatic rollback...
2026/07/31 11:34:20 🔄 Rollback requested for 0 deployed server(s) (reason: hxc213 writer 2 iter 159)
2026/07/31 11:34:20 ❌ Rollback NOT completed: rollback NOT completed: real SSH rollback transport not wired (0/0 servers reverted)
2026/07/31 11:34:20 📢 Notification: rollback_not_completed - rollback NOT completed: real SSH rollback transport not wired (0/0 servers reverted)
2026/07/31 11:34:20 📢 Notification: deployment_failed - Production deployment failed: hxc213 writer 2 iter 159
2026/07/31 11:34:20 
❌ PRODUCTION DEPLOYMENT FAILED
2026/07/31 11:34:20 📊 Failure Summary:
2026/07/31 11:34:20    Failed Phase: deployment
2026/07/31 11:34:20    Error: hxc213 writer 2 iter 160
2026/07/31 11:34:20    Duration: 1.198703908s
2026/07/31 11:34:20    Servers Deployed: 0
2026/07/31 11:34:20 🔄 Triggering automatic rollback...
2026/07/31 11:34:20 🔄 Rollback requested for 0 deployed server(s) (reason: hxc213 writer 2 iter 160)
2026/07/31 11:34:20 ❌ Rollback NOT completed: rollback NOT completed: real SSH rollback transport not wired (0/0 servers reverted)
2026/07/31 11:34:20 📢 Notification: rollback_not_completed - rollback NOT completed: real SSH rollback transport not wired (0/0 servers reverted)
2026/07/31 11:34:20 📢 Notification: deployment_failed - Production deployment failed: hxc213 writer 2 iter 160
2026/07/31 11:34:20 
❌ PRODUCTION DEPLOYMENT FAILED
2026/07/31 11:34:20 📊 Failure Summary:
2026/07/31 11:34:20    Failed Phase: deployment
2026/07/31 11:34:20 📢 Notification: deployment_failed - Production deployment failed: hxc213 writer 1 iter 232
2026/07/31 11:34:20    Error: hxc213 writer 2 iter 161
2026/07/31 11:34:20    Duration: 1.198816068s
2026/07/31 11:34:20    Servers Deployed: 0
2026/07/31 11:34:20 🔄 Triggering automatic rollback...
2026/07/31 11:34:20 🔄 Rollback requested for 0 deployed server(s) (reason: hxc213 writer 2 iter 161)
2026/07/31 11:34:20 ❌ Rollback NOT completed: rollback NOT completed: real SSH rollback transport not wired (0/0 servers reverted)
2026/07/31 11:34:20 📢 Notification: rollback_not_completed - rollback NOT completed: real SSH rollback transport not wired (0/0 servers reverted)
2026/07/31 11:34:20 📢 Notification: deployment_failed - Production deployment failed: hxc213 writer 2 iter 161
2026/07/31 11:34:20 
❌ PRODUCTION DEPLOYMENT FAILED
2026/07/31 11:34:20 📊 Failure Summary:
2026/07/31 11:34:20    Failed Phase: deployment
2026/07/31 11:34:20    Error: hxc213 writer 2 iter 162
2026/07/31 11:34:20    Duration: 1.199421162s
2026/07/31 11:34:20    Servers Deployed: 0
2026/07/31 11:34:20 🔄 Triggering automatic rollback...
2026/07/31 11:34:20 🔄 Rollback requested for 0 deployed server(s) (reason: hxc213 writer 2 iter 162)
2026/07/31 11:34:20 ❌ Rollback NOT completed: rollback NOT completed: real SSH rollback transport not wired (0/0 servers reverted)
2026/07/31 11:34:20 📢 Notification: rollback_not_completed - rollback NOT completed: real SSH rollback transport not wired (0/0 servers reverted)
2026/07/31 11:34:20 📢 Notification: deployment_failed - Production deployment failed: hxc213 writer 2 iter 162
2026/07/31 11:34:20 
❌ PRODUCTION DEPLOYMENT FAILED
2026/07/31 11:34:20 📊 Failure Summary:
2026/07/31 11:34:20    Failed Phase: deployment
2026/07/31 11:34:20    Error: hxc213 writer 2 iter 163
2026/07/31 11:34:20    Duration: 1.200032437s
2026/07/31 11:34:20    Servers Deployed: 0
2026/07/31 11:34:20 🔄 Triggering automatic rollback...
2026/07/31 11:34:20 🔄 Rollback requested for 0 deployed server(s) (reason: hxc213 writer 2 iter 163)
2026/07/31 11:34:20 ❌ Rollback NOT completed: rollback NOT completed: real SSH rollback transport not wired (0/0 servers reverted)
2026/07/31 11:34:20 📢 Notification: rollback_not_completed - rollback NOT completed: real SSH rollback transport not wired (0/0 servers reverted)
2026/07/31 11:34:20 📢 Notification: deployment_failed - Production deployment failed: hxc213 writer 2 iter 163
2026/07/31 11:34:20 
❌ PRODUCTION DEPLOYMENT FAILED
2026/07/31 11:34:20 📊 Failure Summary:
2026/07/31 11:34:20    Failed Phase: deployment
2026/07/31 11:34:20    Error: hxc213 writer 2 iter 164
2026/07/31 11:34:20    Duration: 1.200109844s
2026/07/31 11:34:20    Servers Deployed: 0
2026/07/31 11:34:20 📊 Failure Summary:
2026/07/31 11:34:20    Failed Phase: deployment
2026/07/31 11:34:20 
❌ PRODUCTION DEPLOYMENT FAILED
2026/07/31 11:34:20 📊 Failure Summary:
2026/07/31 11:34:20    Error: hxc213 writer 0 iter 203
2026/07/31 11:34:20    Failed Phase: deployment
2026/07/31 11:34:20    Duration: 1.200109844s
2026/07/31 11:34:20    Error: hxc213 writer 1 iter 233
2026/07/31 11:34:20    Servers Deployed: 0
2026/07/31 11:34:20    Duration: 1.200109844s
2026/07/31 11:34:20 🔄 Triggering automatic rollback...
2026/07/31 11:34:20    Servers Deployed: 0
2026/07/31 11:34:20 🔄 Rollback requested for 0 deployed server(s) (reason: hxc213 writer 0 iter 203)
2026/07/31 11:34:20 🔄 Triggering automatic rollback...
2026/07/31 11:34:20 🔄 Rollback requested for 0 deployed server(s) (reason: hxc213 writer 1 iter 233)
2026/07/31 11:34:20 🔄 Triggering automatic rollback...
2026/07/31 11:34:20 ❌ Rollback NOT completed: rollback NOT completed: real SSH rollback transport not wired (0/0 servers reverted)
2026/07/31 11:34:20 🔄 Rollback requested for 0 deployed server(s) (reason: hxc213 writer 2 iter 164)
2026/07/31 11:34:20 📢 Notification: rollback_not_completed - rollback NOT completed: real SSH rollback transport not wired (0/0 servers reverted)
2026/07/31 11:34:20 ❌ Rollback NOT completed: rollback NOT completed: real SSH rollback transport not wired (0/0 servers reverted)
2026/07/31 11:34:20 📢 Notification: deployment_failed - Production deployment failed: hxc213 writer 1 iter 233
2026/07/31 11:34:20 📢 Notification: rollback_not_completed - rollback NOT completed: real SSH rollback transport not wired (0/0 servers reverted)
2026/07/31 11:34:20 
❌ PRODUCTION DEPLOYMENT FAILED
2026/07/31 11:34:20 📢 Notification: deployment_failed - Production deployment failed: hxc213 writer 2 iter 164
2026/07/31 11:34:20 📊 Failure Summary:
2026/07/31 11:34:20    Failed Phase: deployment
2026/07/31 11:34:20 
❌ PRODUCTION DEPLOYMENT FAILED
2026/07/31 11:34:20    Error: hxc213 writer 1 iter 234
2026/07/31 11:34:20 📊 Failure Summary:
2026/07/31 11:34:20 ❌ Rollback NOT completed: rollback NOT completed: real SSH rollback transport not wired (0/0 servers reverted)
2026/07/31 11:34:20    Failed Phase: deployment
2026/07/31 11:34:20    Error: hxc213 writer 2 iter 165
2026/07/31 11:34:20    Duration: 1.200289976s
2026/07/31 11:34:20    Duration: 1.200289976s
2026/07/31 11:34:20    Servers Deployed: 0
2026/07/31 11:34:20 🔄 Triggering automatic rollback...
2026/07/31 11:34:20 🔄 Rollback requested for 0 deployed server(s) (reason: hxc213 writer 2 iter 165)
2026/07/31 11:34:20 ❌ Rollback NOT completed: rollback NOT completed: real SSH rollback transport not wired (0/0 servers reverted)
2026/07/31 11:34:20 📢 Notification: rollback_not_completed - rollback NOT completed: real SSH rollback transport not wired (0/0 servers reverted)
2026/07/31 11:34:20 📢 Notification: deployment_failed - Production deployment failed: hxc213 writer 0 iter 203
2026/07/31 11:34:20 
❌ PRODUCTION DEPLOYMENT FAILED
2026/07/31 11:34:20 📊 Failure Summary:
2026/07/31 11:34:20    Failed Phase: deployment
2026/07/31 11:34:20    Error: hxc213 writer 0 iter 204
2026/07/31 11:34:20    Servers Deployed: 0
2026/07/31 11:34:20 🔄 Triggering automatic rollback...
2026/07/31 11:34:20 🔄 Rollback requested for 0 deployed server(s) (reason: hxc213 writer 1 iter 234)
2026/07/31 11:34:20 ❌ Rollback NOT completed: rollback NOT completed: real SSH rollback transport not wired (0/0 servers reverted)
2026/07/31 11:34:20 📢 Notification: rollback_not_completed - rollback NOT completed: real SSH rollback transport not wired (0/0 servers reverted)
2026/07/31 11:34:20 📢 Notification: deployment_failed - Production deployment failed: hxc213 writer 1 iter 234
2026/07/31 11:34:20 
❌ PRODUCTION DEPLOYMENT FAILED
2026/07/31 11:34:20 📊 Failure Summary:
2026/07/31 11:34:20    Failed Phase: deployment
2026/07/31 11:34:20    Error: hxc213 writer 1 iter 235
2026/07/31 11:34:20    Duration: 1.200655739s
2026/07/31 11:34:20    Servers Deployed: 0
2026/07/31 11:34:20 🔄 Triggering automatic rollback...
2026/07/31 11:34:20 🔄 Rollback requested for 0 deployed server(s) (reason: hxc213 writer 1 iter 235)
2026/07/31 11:34:20 ❌ Rollback NOT completed: rollback NOT completed: real SSH rollback transport not wired (0/0 servers reverted)
2026/07/31 11:34:20 📢 Notification: rollback_not_completed - rollback NOT completed: real SSH rollback transport not wired (0/0 servers reverted)
2026/07/31 11:34:20 📢 Notification: deployment_failed - Production deployment failed: hxc213 writer 1 iter 235
2026/07/31 11:34:20 
❌ PRODUCTION DEPLOYMENT FAILED
2026/07/31 11:34:20 📊 Failure Summary:
2026/07/31 11:34:20    Failed Phase: deployment
2026/07/31 11:34:20    Error: hxc213 writer 1 iter 236
2026/07/31 11:34:20    Duration: 1.201089094s
2026/07/31 11:34:20    Servers Deployed: 0
2026/07/31 11:34:20 🔄 Triggering automatic rollback...
2026/07/31 11:34:20 🔄 Rollback requested for 0 deployed server(s) (reason: hxc213 writer 1 iter 236)
2026/07/31 11:34:20 ❌ Rollback NOT completed: rollback NOT completed: real SSH rollback transport not wired (0/0 servers reverted)
2026/07/31 11:34:20 📢 Notification: rollback_not_completed - rollback NOT completed: real SSH rollback transport not wired (0/0 servers reverted)
2026/07/31 11:34:20 📢 Notification: deployment_failed - Production deployment failed: hxc213 writer 1 iter 236
2026/07/31 11:34:20 
❌ PRODUCTION DEPLOYMENT FAILED
2026/07/31 11:34:20 📊 Failure Summary:
2026/07/31 11:34:20    Failed Phase: deployment
2026/07/31 11:34:20    Error: hxc213 writer 1 iter 237
2026/07/31 11:34:20    Duration: 1.201172931s
2026/07/31 11:34:20    Servers Deployed: 0
2026/07/31 11:34:20 🔄 Triggering automatic rollback...
2026/07/31 11:34:20 🔄 Rollback requested for 0 deployed server(s) (reason: hxc213 writer 1 iter 237)
2026/07/31 11:34:20 ❌ Rollback NOT completed: rollback NOT completed: real SSH rollback transport not wired (0/0 servers reverted)
2026/07/31 11:34:20 📢 Notification: rollback_not_completed - rollback NOT completed: real SSH rollback transport not wired (0/0 servers reverted)
2026/07/31 11:34:20 📢 Notification: deployment_failed - Production deployment failed: hxc213 writer 1 iter 237
2026/07/31 11:34:20 
❌ PRODUCTION DEPLOYMENT FAILED
2026/07/31 11:34:20 📊 Failure Summary:
2026/07/31 11:34:20    Failed Phase: deployment
2026/07/31 11:34:20    Error: hxc213 writer 1 iter 238
2026/07/31 11:34:20    Duration: 1.201256096s
2026/07/31 11:34:20    Servers Deployed: 0
2026/07/31 11:34:20 🔄 Triggering automatic rollback...
2026/07/31 11:34:20 🔄 Rollback requested for 0 deployed server(s) (reason: hxc213 writer 1 iter 238)
2026/07/31 11:34:20 ❌ Rollback NOT completed: rollback NOT completed: real SSH rollback transport not wired (0/0 servers reverted)
2026/07/31 11:34:20 📢 Notification: rollback_not_completed - rollback NOT completed: real SSH rollback transport not wired (0/0 servers reverted)
2026/07/31 11:34:20 📢 Notification: deployment_failed - Production deployment failed: hxc213 writer 1 iter 238
2026/07/31 11:34:20 
❌ PRODUCTION DEPLOYMENT FAILED
2026/07/31 11:34:20 📊 Failure Summary:
2026/07/31 11:34:20    Failed Phase: deployment
2026/07/31 11:34:20    Error: hxc213 writer 1 iter 239
2026/07/31 11:34:20    Duration: 1.201335887s
2026/07/31 11:34:20    Servers Deployed: 0
2026/07/31 11:34:20 🔄 Triggering automatic rollback...
2026/07/31 11:34:20 🔄 Rollback requested for 0 deployed server(s) (reason: hxc213 writer 1 iter 239)
2026/07/31 11:34:20 ❌ Rollback NOT completed: rollback NOT completed: real SSH rollback transport not wired (0/0 servers reverted)
2026/07/31 11:34:20 📢 Notification: rollback_not_completed - rollback NOT completed: real SSH rollback transport not wired (0/0 servers reverted)
2026/07/31 11:34:20 📢 Notification: deployment_failed - Production deployment failed: hxc213 writer 1 iter 239
2026/07/31 11:34:20 
❌ PRODUCTION DEPLOYMENT FAILED
2026/07/31 11:34:20 📊 Failure Summary:
2026/07/31 11:34:20    Failed Phase: deployment
2026/07/31 11:34:20    Error: hxc213 writer 1 iter 240
2026/07/31 11:34:20    Duration: 1.201430149s
2026/07/31 11:34:20    Servers Deployed: 0
2026/07/31 11:34:20 🔄 Triggering automatic rollback...
2026/07/31 11:34:20 🔄 Rollback requested for 0 deployed server(s) (reason: hxc213 writer 1 iter 240)
2026/07/31 11:34:20 ❌ Rollback NOT completed: rollback NOT completed: real SSH rollback transport not wired (0/0 servers reverted)
2026/07/31 11:34:20 📢 Notification: rollback_not_completed - rollback NOT completed: real SSH rollback transport not wired (0/0 servers reverted)
2026/07/31 11:34:20 📢 Notification: deployment_failed - Production deployment failed: hxc213 writer 1 iter 240
2026/07/31 11:34:20 
❌ PRODUCTION DEPLOYMENT FAILED
2026/07/31 11:34:20 📊 Failure Summary:
2026/07/31 11:34:20    Failed Phase: deployment
2026/07/31 11:34:20    Error: hxc213 writer 1 iter 241
2026/07/31 11:34:20    Duration: 1.201523731s
2026/07/31 11:34:20    Servers Deployed: 0
2026/07/31 11:34:20 🔄 Triggering automatic rollback...
2026/07/31 11:34:20 🔄 Rollback requested for 0 deployed server(s) (reason: hxc213 writer 1 iter 241)
2026/07/31 11:34:20 ❌ Rollback NOT completed: rollback NOT completed: real SSH rollback transport not wired (0/0 servers reverted)
2026/07/31 11:34:20 📢 Notification: rollback_not_completed - rollback NOT completed: real SSH rollback transport not wired (0/0 servers reverted)
2026/07/31 11:34:20 📢 Notification: deployment_failed - Production deployment failed: hxc213 writer 1 iter 241
2026/07/31 11:34:20 
❌ PRODUCTION DEPLOYMENT FAILED
2026/07/31 11:34:20 📊 Failure Summary:
2026/07/31 11:34:20    Failed Phase: deployment
2026/07/31 11:34:20    Error: hxc213 writer 1 iter 242
2026/07/31 11:34:20    Duration: 1.201619516s
2026/07/31 11:34:20    Servers Deployed: 0
2026/07/31 11:34:20 🔄 Triggering automatic rollback...
2026/07/31 11:34:20 🔄 Rollback requested for 0 deployed server(s) (reason: hxc213 writer 1 iter 242)
2026/07/31 11:34:20 ❌ Rollback NOT completed: rollback NOT completed: real SSH rollback transport not wired (0/0 servers reverted)
2026/07/31 11:34:20 📢 Notification: rollback_not_completed - rollback NOT completed: real SSH rollback transport not wired (0/0 servers reverted)
2026/07/31 11:34:20 📢 Notification: deployment_failed - Production deployment failed: hxc213 writer 1 iter 242
2026/07/31 11:34:20 
❌ PRODUCTION DEPLOYMENT FAILED
2026/07/31 11:34:20 📊 Failure Summary:
2026/07/31 11:34:20    Failed Phase: deployment
2026/07/31 11:34:20    Error: hxc213 writer 1 iter 243
2026/07/31 11:34:20    Duration: 1.201697023s
2026/07/31 11:34:20    Servers Deployed: 0
2026/07/31 11:34:20 🔄 Triggering automatic rollback...
2026/07/31 11:34:20 🔄 Rollback requested for 0 deployed server(s) (reason: hxc213 writer 1 iter 243)
2026/07/31 11:34:20 ❌ Rollback NOT completed: rollback NOT completed: real SSH rollback transport not wired (0/0 servers reverted)
2026/07/31 11:34:20 📢 Notification: rollback_not_completed - rollback NOT completed: real SSH rollback transport not wired (0/0 servers reverted)
2026/07/31 11:34:20 📢 Notification: deployment_failed - Production deployment failed: hxc213 writer 1 iter 243
2026/07/31 11:34:20 📢 Notification: rollback_not_completed - rollback NOT completed: real SSH rollback transport not wired (0/0 servers reverted)
2026/07/31 11:34:20    Duration: 1.20043842s
2026/07/31 11:34:20    Servers Deployed: 0
2026/07/31 11:34:20 🔄 Triggering automatic rollback...
2026/07/31 11:34:20 
❌ PRODUCTION DEPLOYMENT FAILED
2026/07/31 11:34:20 📊 Failure Summary:
2026/07/31 11:34:20    Failed Phase: deployment
2026/07/31 11:34:20    Error: hxc213 writer 1 iter 244
2026/07/31 11:34:20    Duration: 1.201901672s
2026/07/31 11:34:20    Servers Deployed: 0
2026/07/31 11:34:20 🔄 Triggering automatic rollback...
2026/07/31 11:34:20 📢 Notification: deployment_failed - Production deployment failed: hxc213 writer 2 iter 165
2026/07/31 11:34:20 
❌ PRODUCTION DEPLOYMENT FAILED
2026/07/31 11:34:20 📊 Failure Summary:
2026/07/31 11:34:20    Failed Phase: deployment
2026/07/31 11:34:20    Error: hxc213 writer 2 iter 166
2026/07/31 11:34:20    Duration: 1.202577674s
2026/07/31 11:34:20    Servers Deployed: 0
2026/07/31 11:34:20 🔄 Triggering automatic rollback...
2026/07/31 11:34:20 🔄 Rollback requested for 0 deployed server(s) (reason: hxc213 writer 2 iter 166)
2026/07/31 11:34:20 ❌ Rollback NOT completed: rollback NOT completed: real SSH rollback transport not wired (0/0 servers reverted)
2026/07/31 11:34:20 📢 Notification: rollback_not_completed - rollback NOT completed: real SSH rollback transport not wired (0/0 servers reverted)
2026/07/31 11:34:20 📢 Notification: deployment_failed - Production deployment failed: hxc213 writer 2 iter 166
2026/07/31 11:34:20 🔄 Rollback requested for 0 deployed server(s) (reason: hxc213 writer 1 iter 244)
2026/07/31 11:34:20 ❌ Rollback NOT completed: rollback NOT completed: real SSH rollback transport not wired (0/0 servers reverted)
2026/07/31 11:34:20 📢 Notification: rollback_not_completed - rollback NOT completed: real SSH rollback transport not wired (0/0 servers reverted)
2026/07/31 11:34:20 📢 Notification: deployment_failed - Production deployment failed: hxc213 writer 1 iter 244
2026/07/31 11:34:20 🔄 Rollback requested for 0 deployed server(s) (reason: hxc213 writer 0 iter 204)
2026/07/31 11:34:20 ❌ Rollback NOT completed: rollback NOT completed: real SSH rollback transport not wired (0/0 servers reverted)
2026/07/31 11:34:20 📢 Notification: rollback_not_completed - rollback NOT completed: real SSH rollback transport not wired (0/0 servers reverted)
2026/07/31 11:34:20 📢 Notification: deployment_failed - Production deployment failed: hxc213 writer 0 iter 204
2026/07/31 11:34:20 
❌ PRODUCTION DEPLOYMENT FAILED
2026/07/31 11:34:20 📊 Failure Summary:
2026/07/31 11:34:20    Failed Phase: deployment
2026/07/31 11:34:20    Error: hxc213 writer 2 iter 167
2026/07/31 11:34:20 
❌ PRODUCTION DEPLOYMENT FAILED
2026/07/31 11:34:20    Duration: 1.203650466s
2026/07/31 11:34:20 📊 Failure Summary:
2026/07/31 11:34:20    Servers Deployed: 0
2026/07/31 11:34:20    Failed Phase: deployment
2026/07/31 11:34:20 🔄 Triggering automatic rollback...
2026/07/31 11:34:20    Error: hxc213 writer 0 iter 205
2026/07/31 11:34:20 🔄 Rollback requested for 0 deployed server(s) (reason: hxc213 writer 2 iter 167)
2026/07/31 11:34:20    Duration: 1.203650466s
2026/07/31 11:34:20    Servers Deployed: 0
2026/07/31 11:34:20 ❌ Rollback NOT completed: rollback NOT completed: real SSH rollback transport not wired (0/0 servers reverted)
2026/07/31 11:34:20 🔄 Triggering automatic rollback...
2026/07/31 11:34:20 🔄 Rollback requested for 0 deployed server(s) (reason: hxc213 writer 0 iter 205)
2026/07/31 11:34:20 📢 Notification: rollback_not_completed - rollback NOT completed: real SSH rollback transport not wired (0/0 servers reverted)
2026/07/31 11:34:20 📢 Notification: deployment_failed - Production deployment failed: hxc213 writer 2 iter 167
2026/07/31 11:34:20 ❌ Rollback NOT completed: rollback NOT completed: real SSH rollback transport not wired (0/0 servers reverted)
2026/07/31 11:34:20 📢 Notification: rollback_not_completed - rollback NOT completed: real SSH rollback transport not wired (0/0 servers reverted)
2026/07/31 11:34:20 📢 Notification: deployment_failed - Production deployment failed: hxc213 writer 0 iter 205
2026/07/31 11:34:20 
❌ PRODUCTION DEPLOYMENT FAILED
2026/07/31 11:34:20 📊 Failure Summary:
2026/07/31 11:34:20    Failed Phase: deployment
2026/07/31 11:34:20    Error: hxc213 writer 0 iter 206
2026/07/31 11:34:20    Duration: 1.204983471s
2026/07/31 11:34:20 
❌ PRODUCTION DEPLOYMENT FAILED
2026/07/31 11:34:20 📊 Failure Summary:
2026/07/31 11:34:20    Failed Phase: deployment
2026/07/31 11:34:20    Error: hxc213 writer 2 iter 168
2026/07/31 11:34:20    Duration: 1.204983471s
2026/07/31 11:34:20 
❌ PRODUCTION DEPLOYMENT FAILED
2026/07/31 11:34:20    Servers Deployed: 0
2026/07/31 11:34:20 📊 Failure Summary:
2026/07/31 11:34:20 🔄 Triggering automatic rollback...
2026/07/31 11:34:20    Failed Phase: deployment
2026/07/31 11:34:20 🔄 Rollback requested for 0 deployed server(s) (reason: hxc213 writer 2 iter 168)
2026/07/31 11:34:20    Servers Deployed: 0
2026/07/31 11:34:20    Error: hxc213 writer 1 iter 245
2026/07/31 11:34:20 ❌ Rollback NOT completed: rollback NOT completed: real SSH rollback transport not wired (0/0 servers reverted)
2026/07/31 11:34:20 🔄 Triggering automatic rollback...
2026/07/31 11:34:20    Duration: 1.204983471s
2026/07/31 11:34:20 🔄 Rollback requested for 0 deployed server(s) (reason: hxc213 writer 0 iter 206)
2026/07/31 11:34:20 📢 Notification: rollback_not_completed - rollback NOT completed: real SSH rollback transport not wired (0/0 servers reverted)
2026/07/31 11:34:20    Servers Deployed: 0
2026/07/31 11:34:20 ❌ Rollback NOT completed: rollback NOT completed: real SSH rollback transport not wired (0/0 servers reverted)
2026/07/31 11:34:20 🔄 Triggering automatic rollback...
2026/07/31 11:34:20 📢 Notification: deployment_failed - Production deployment failed: hxc213 writer 2 iter 168
2026/07/31 11:34:20 📢 Notification: rollback_not_completed - rollback NOT completed: real SSH rollback transport not wired (0/0 servers reverted)
2026/07/31 11:34:20 📢 Notification: deployment_failed - Production deployment failed: hxc213 writer 0 iter 206
2026/07/31 11:34:20 🔄 Rollback requested for 0 deployed server(s) (reason: hxc213 writer 1 iter 245)
2026/07/31 11:34:20 ❌ Rollback NOT completed: rollback NOT completed: real SSH rollback transport not wired (0/0 servers reverted)
2026/07/31 11:34:20 📢 Notification: rollback_not_completed - rollback NOT completed: real SSH rollback transport not wired (0/0 servers reverted)
2026/07/31 11:34:20 📢 Notification: deployment_failed - Production deployment failed: hxc213 writer 1 iter 245
2026/07/31 11:34:20 
❌ PRODUCTION DEPLOYMENT FAILED
2026/07/31 11:34:20 📊 Failure Summary:
2026/07/31 11:34:20    Failed Phase: deployment
2026/07/31 11:34:20    Error: hxc213 writer 0 iter 207
2026/07/31 11:34:20 
❌ PRODUCTION DEPLOYMENT FAILED
2026/07/31 11:34:20 📊 Failure Summary:
2026/07/31 11:34:20    Failed Phase: deployment
2026/07/31 11:34:20    Error: hxc213 writer 2 iter 169
2026/07/31 11:34:20    Duration: 1.2069475s
2026/07/31 11:34:20    Servers Deployed: 0
2026/07/31 11:34:20 🔄 Triggering automatic rollback...
2026/07/31 11:34:20 🔄 Rollback requested for 0 deployed server(s) (reason: hxc213 writer 2 iter 169)
2026/07/31 11:34:20 ❌ Rollback NOT completed: rollback NOT completed: real SSH rollback transport not wired (0/0 servers reverted)
2026/07/31 11:34:20 📢 Notification: rollback_not_completed - rollback NOT completed: real SSH rollback transport not wired (0/0 servers reverted)
2026/07/31 11:34:20 📢 Notification: deployment_failed - Production deployment failed: hxc213 writer 2 iter 169
2026/07/31 11:34:20 
❌ PRODUCTION DEPLOYMENT FAILED
2026/07/31 11:34:20 📊 Failure Summary:
2026/07/31 11:34:20    Failed Phase: deployment
2026/07/31 11:34:20    Error: hxc213 writer 2 iter 170
2026/07/31 11:34:20    Duration: 1.208434969s
2026/07/31 11:34:20    Servers Deployed: 0
2026/07/31 11:34:20 🔄 Triggering automatic rollback...
2026/07/31 11:34:20 🔄 Rollback requested for 0 deployed server(s) (reason: hxc213 writer 2 iter 170)
2026/07/31 11:34:20 ❌ Rollback NOT completed: rollback NOT completed: real SSH rollback transport not wired (0/0 servers reverted)
2026/07/31 11:34:20 📢 Notification: rollback_not_completed - rollback NOT completed: real SSH rollback transport not wired (0/0 servers reverted)
2026/07/31 11:34:20 📢 Notification: deployment_failed - Production deployment failed: hxc213 writer 2 iter 170
2026/07/31 11:34:20 
❌ PRODUCTION DEPLOYMENT FAILED
2026/07/31 11:34:20 📊 Failure Summary:
2026/07/31 11:34:20    Failed Phase: deployment
2026/07/31 11:34:20    Error: hxc213 writer 2 iter 171
2026/07/31 11:34:20    Duration: 1.208536382s
2026/07/31 11:34:20    Servers Deployed: 0
2026/07/31 11:34:20 🔄 Triggering automatic rollback...
2026/07/31 11:34:20 🔄 Rollback requested for 0 deployed server(s) (reason: hxc213 writer 2 iter 171)
2026/07/31 11:34:20 ❌ Rollback NOT completed: rollback NOT completed: real SSH rollback transport not wired (0/0 servers reverted)
2026/07/31 11:34:20 📢 Notification: rollback_not_completed - rollback NOT completed: real SSH rollback transport not wired (0/0 servers reverted)
2026/07/31 11:34:20 📢 Notification: deployment_failed - Production deployment failed: hxc213 writer 2 iter 171
2026/07/31 11:34:20 
❌ PRODUCTION DEPLOYMENT FAILED
2026/07/31 11:34:20 📊 Failure Summary:
2026/07/31 11:34:20    Failed Phase: deployment
2026/07/31 11:34:20    Error: hxc213 writer 2 iter 172
2026/07/31 11:34:20    Duration: 1.294254975s
2026/07/31 11:34:20    Servers Deployed: 0
2026/07/31 11:34:20 🔄 Triggering automatic rollback...
2026/07/31 11:34:20 🔄 Rollback requested for 0 deployed server(s) (reason: hxc213 writer 2 iter 172)
2026/07/31 11:34:20 ❌ Rollback NOT completed: rollback NOT completed: real SSH rollback transport not wired (0/0 servers reverted)
2026/07/31 11:34:20 📢 Notification: rollback_not_completed - rollback NOT completed: real SSH rollback transport not wired (0/0 servers reverted)
2026/07/31 11:34:20 📢 Notification: deployment_failed - Production deployment failed: hxc213 writer 2 iter 172
2026/07/31 11:34:20 
❌ PRODUCTION DEPLOYMENT FAILED
2026/07/31 11:34:20 📊 Failure Summary:
2026/07/31 11:34:20    Duration: 1.294458743s
2026/07/31 11:34:20    Servers Deployed: 0
2026/07/31 11:34:20 
❌ PRODUCTION DEPLOYMENT FAILED
2026/07/31 11:34:20 🔄 Triggering automatic rollback...
2026/07/31 11:34:20 📊 Failure Summary:
2026/07/31 11:34:20 🔄 Rollback requested for 0 deployed server(s) (reason: hxc213 writer 0 iter 207)
2026/07/31 11:34:20    Failed Phase: deployment
2026/07/31 11:34:20 ❌ Rollback NOT completed: rollback NOT completed: real SSH rollback transport not wired (0/0 servers reverted)
2026/07/31 11:34:20    Error: hxc213 writer 1 iter 246
2026/07/31 11:34:20    Duration: 1.294458743s
2026/07/31 11:34:20 📢 Notification: rollback_not_completed - rollback NOT completed: real SSH rollback transport not wired (0/0 servers reverted)
2026/07/31 11:34:20    Servers Deployed: 0
2026/07/31 11:34:20 🔄 Triggering automatic rollback...
2026/07/31 11:34:20    Failed Phase: deployment
2026/07/31 11:34:20 🔄 Rollback requested for 0 deployed server(s) (reason: hxc213 writer 1 iter 246)
2026/07/31 11:34:20    Error: hxc213 writer 2 iter 173
2026/07/31 11:34:20    Duration: 1.294458743s
2026/07/31 11:34:20 ❌ Rollback NOT completed: rollback NOT completed: real SSH rollback transport not wired (0/0 servers reverted)
2026/07/31 11:34:20    Servers Deployed: 0
2026/07/31 11:34:20 📢 Notification: rollback_not_completed - rollback NOT completed: real SSH rollback transport not wired (0/0 servers reverted)
2026/07/31 11:34:20 🔄 Triggering automatic rollback...
2026/07/31 11:34:20 📢 Notification: deployment_failed - Production deployment failed: hxc213 writer 0 iter 207
2026/07/31 11:34:20 
❌ PRODUCTION DEPLOYMENT FAILED
2026/07/31 11:34:20 📊 Failure Summary:
2026/07/31 11:34:20    Failed Phase: deployment
2026/07/31 11:34:20    Error: hxc213 writer 0 iter 208
2026/07/31 11:34:20    Duration: 1.294772267s
2026/07/31 11:34:20 📢 Notification: deployment_failed - Production deployment failed: hxc213 writer 1 iter 246
2026/07/31 11:34:20    Servers Deployed: 0
2026/07/31 11:34:20 
❌ PRODUCTION DEPLOYMENT FAILED
2026/07/31 11:34:20 🔄 Rollback requested for 0 deployed server(s) (reason: hxc213 writer 2 iter 173)
2026/07/31 11:34:20 ❌ Rollback NOT completed: rollback NOT completed: real SSH rollback transport not wired (0/0 servers reverted)
2026/07/31 11:34:20 📢 Notification: rollback_not_completed - rollback NOT completed: real SSH rollback transport not wired (0/0 servers reverted)
2026/07/31 11:34:20 🔄 Triggering automatic rollback...
2026/07/31 11:34:20 📢 Notification: deployment_failed - Production deployment failed: hxc213 writer 2 iter 173
2026/07/31 11:34:20 🔄 Rollback requested for 0 deployed server(s) (reason: hxc213 writer 0 iter 208)
2026/07/31 11:34:20 ❌ Rollback NOT completed: rollback NOT completed: real SSH rollback transport not wired (0/0 servers reverted)
2026/07/31 11:34:20 📢 Notification: rollback_not_completed - rollback NOT completed: real SSH rollback transport not wired (0/0 servers reverted)
2026/07/31 11:34:20 📢 Notification: deployment_failed - Production deployment failed: hxc213 writer 0 iter 208
2026/07/31 11:34:20 
❌ PRODUCTION DEPLOYMENT FAILED
2026/07/31 11:34:20 
❌ PRODUCTION DEPLOYMENT FAILED
2026/07/31 11:34:20 📊 Failure Summary:
2026/07/31 11:34:20 📊 Failure Summary:
2026/07/31 11:34:20    Failed Phase: deployment
2026/07/31 11:34:20    Failed Phase: deployment
2026/07/31 11:34:20    Error: hxc213 writer 0 iter 209
2026/07/31 11:34:20    Error: hxc213 writer 2 iter 174
2026/07/31 11:34:20    Duration: 1.297881417s
2026/07/31 11:34:20    Duration: 1.297881417s
2026/07/31 11:34:20    Servers Deployed: 0
2026/07/31 11:34:20    Servers Deployed: 0
2026/07/31 11:34:20 🔄 Triggering automatic rollback...
2026/07/31 11:34:20 🔄 Triggering automatic rollback...
2026/07/31 11:34:20 📊 Failure Summary:
2026/07/31 11:34:20    Failed Phase: deployment
2026/07/31 11:34:20    Error: hxc213 writer 1 iter 247
2026/07/31 11:34:20    Duration: 1.297881417s
2026/07/31 11:34:20    Servers Deployed: 0
2026/07/31 11:34:20 🔄 Triggering automatic rollback...
2026/07/31 11:34:20 🔄 Rollback requested for 0 deployed server(s) (reason: hxc213 writer 2 iter 174)
2026/07/31 11:34:20 ❌ Rollback NOT completed: rollback NOT completed: real SSH rollback transport not wired (0/0 servers reverted)
2026/07/31 11:34:20 📢 Notification: rollback_not_completed - rollback NOT completed: real SSH rollback transport not wired (0/0 servers reverted)
2026/07/31 11:34:20 📢 Notification: deployment_failed - Production deployment failed: hxc213 writer 2 iter 174
2026/07/31 11:34:20 🔄 Rollback requested for 0 deployed server(s) (reason: hxc213 writer 0 iter 209)
2026/07/31 11:34:20 ❌ Rollback NOT completed: rollback NOT completed: real SSH rollback transport not wired (0/0 servers reverted)
2026/07/31 11:34:20 📢 Notification: rollback_not_completed - rollback NOT completed: real SSH rollback transport not wired (0/0 servers reverted)
2026/07/31 11:34:20 📢 Notification: deployment_failed - Production deployment failed: hxc213 writer 0 iter 209
2026/07/31 11:34:20 🔄 Rollback requested for 0 deployed server(s) (reason: hxc213 writer 1 iter 247)
2026/07/31 11:34:20 ❌ Rollback NOT completed: rollback NOT completed: real SSH rollback transport not wired (0/0 servers reverted)
2026/07/31 11:34:20 📢 Notification: rollback_not_completed - rollback NOT completed: real SSH rollback transport not wired (0/0 servers reverted)
2026/07/31 11:34:20 📢 Notification: deployment_failed - Production deployment failed: hxc213 writer 1 iter 247
2026/07/31 11:34:20 
❌ PRODUCTION DEPLOYMENT FAILED
2026/07/31 11:34:20 📊 Failure Summary:
2026/07/31 11:34:20    Failed Phase: deployment
2026/07/31 11:34:20    Error: hxc213 writer 0 iter 210
2026/07/31 11:34:20 
❌ PRODUCTION DEPLOYMENT FAILED
2026/07/31 11:34:20 📊 Failure Summary:
2026/07/31 11:34:20    Failed Phase: deployment
2026/07/31 11:34:20    Error: hxc213 writer 2 iter 175
2026/07/31 11:34:20    Duration: 1.299231738s
2026/07/31 11:34:20    Servers Deployed: 0
2026/07/31 11:34:20 🔄 Triggering automatic rollback...
2026/07/31 11:34:20 🔄 Rollback requested for 0 deployed server(s) (reason: hxc213 writer 2 iter 175)
2026/07/31 11:34:20 ❌ Rollback NOT completed: rollback NOT completed: real SSH rollback transport not wired (0/0 servers reverted)
2026/07/31 11:34:20 📢 Notification: rollback_not_completed - rollback NOT completed: real SSH rollback transport not wired (0/0 servers reverted)
2026/07/31 11:34:20 📢 Notification: deployment_failed - Production deployment failed: hxc213 writer 2 iter 175
2026/07/31 11:34:20 
❌ PRODUCTION DEPLOYMENT FAILED
2026/07/31 11:34:20 📊 Failure Summary:
2026/07/31 11:34:20    Failed Phase: deployment
2026/07/31 11:34:20    Error: hxc213 writer 2 iter 176
2026/07/31 11:34:20    Duration: 1.300705837s
2026/07/31 11:34:20    Servers Deployed: 0
2026/07/31 11:34:20 🔄 Triggering automatic rollback...
2026/07/31 11:34:20 🔄 Rollback requested for 0 deployed server(s) (reason: hxc213 writer 2 iter 176)
2026/07/31 11:34:20 ❌ Rollback NOT completed: rollback NOT completed: real SSH rollback transport not wired (0/0 servers reverted)
2026/07/31 11:34:20 📢 Notification: rollback_not_completed - rollback NOT completed: real SSH rollback transport not wired (0/0 servers reverted)
2026/07/31 11:34:20 📢 Notification: deployment_failed - Production deployment failed: hxc213 writer 2 iter 176
2026/07/31 11:34:20 
❌ PRODUCTION DEPLOYMENT FAILED
2026/07/31 11:34:20 📊 Failure Summary:
2026/07/31 11:34:20    Failed Phase: deployment
2026/07/31 11:34:20    Error: hxc213 writer 2 iter 177
2026/07/31 11:34:20    Duration: 1.300795252s
2026/07/31 11:34:20    Servers Deployed: 0
2026/07/31 11:34:20 🔄 Triggering automatic rollback...
2026/07/31 11:34:20 🔄 Rollback requested for 0 deployed server(s) (reason: hxc213 writer 2 iter 177)
2026/07/31 11:34:20 ❌ Rollback NOT completed: rollback NOT completed: real SSH rollback transport not wired (0/0 servers reverted)
2026/07/31 11:34:20 📢 Notification: rollback_not_completed - rollback NOT completed: real SSH rollback transport not wired (0/0 servers reverted)
2026/07/31 11:34:20 📢 Notification: deployment_failed - Production deployment failed: hxc213 writer 2 iter 177
2026/07/31 11:34:20    Duration: 1.300795252s
2026/07/31 11:34:20    Servers Deployed: 0
2026/07/31 11:34:20 🔄 Triggering automatic rollback...
2026/07/31 11:34:20 🔄 Rollback requested for 0 deployed server(s) (reason: hxc213 writer 0 iter 210)
2026/07/31 11:34:20 ❌ Rollback NOT completed: rollback NOT completed: real SSH rollback transport not wired (0/0 servers reverted)
2026/07/31 11:34:20 📢 Notification: rollback_not_completed - rollback NOT completed: real SSH rollback transport not wired (0/0 servers reverted)
2026/07/31 11:34:20 📢 Notification: deployment_failed - Production deployment failed: hxc213 writer 0 iter 210
2026/07/31 11:34:20 
❌ PRODUCTION DEPLOYMENT FAILED
2026/07/31 11:34:20 📊 Failure Summary:
2026/07/31 11:34:20 
❌ PRODUCTION DEPLOYMENT FAILED
2026/07/31 11:34:20 📊 Failure Summary:
2026/07/31 11:34:20    Failed Phase: deployment
2026/07/31 11:34:20    Error: hxc213 writer 1 iter 248
2026/07/31 11:34:20    Duration: 1.301725459s
2026/07/31 11:34:20    Servers Deployed: 0
2026/07/31 11:34:20 🔄 Triggering automatic rollback...
2026/07/31 11:34:20 🔄 Rollback requested for 0 deployed server(s) (reason: hxc213 writer 1 iter 248)
2026/07/31 11:34:20 ❌ Rollback NOT completed: rollback NOT completed: real SSH rollback transport not wired (0/0 servers reverted)
2026/07/31 11:34:20 📢 Notification: rollback_not_completed - rollback NOT completed: real SSH rollback transport not wired (0/0 servers reverted)
2026/07/31 11:34:20 📢 Notification: deployment_failed - Production deployment failed: hxc213 writer 1 iter 248
2026/07/31 11:34:20 
❌ PRODUCTION DEPLOYMENT FAILED
2026/07/31 11:34:20 📊 Failure Summary:
2026/07/31 11:34:20    Failed Phase: deployment
2026/07/31 11:34:20    Error: hxc213 writer 1 iter 249
2026/07/31 11:34:20    Duration: 1.301880613s
2026/07/31 11:34:20    Servers Deployed: 0
2026/07/31 11:34:20 🔄 Triggering automatic rollback...
2026/07/31 11:34:20 🔄 Rollback requested for 0 deployed server(s) (reason: hxc213 writer 1 iter 249)
2026/07/31 11:34:20 ❌ Rollback NOT completed: rollback NOT completed: real SSH rollback transport not wired (0/0 servers reverted)
2026/07/31 11:34:20 
❌ PRODUCTION DEPLOYMENT FAILED
2026/07/31 11:34:20 📊 Failure Summary:
2026/07/31 11:34:20    Failed Phase: deployment
2026/07/31 11:34:20    Error: hxc213 writer 2 iter 178
2026/07/31 11:34:20    Duration: 1.301332114s
2026/07/31 11:34:20    Servers Deployed: 0
2026/07/31 11:34:20    Failed Phase: deployment
2026/07/31 11:34:20 📢 Notification: rollback_not_completed - rollback NOT completed: real SSH rollback transport not wired (0/0 servers reverted)
2026/07/31 11:34:20 📢 Notification: deployment_failed - Production deployment failed: hxc213 writer 1 iter 249
2026/07/31 11:34:20 
❌ PRODUCTION DEPLOYMENT FAILED
2026/07/31 11:34:20 📊 Failure Summary:
2026/07/31 11:34:20    Failed Phase: deployment
2026/07/31 11:34:20    Error: hxc213 writer 1 iter 250
2026/07/31 11:34:20    Duration: 1.302838882s
2026/07/31 11:34:20    Servers Deployed: 0
2026/07/31 11:34:20 🔄 Triggering automatic rollback...
2026/07/31 11:34:20 🔄 Rollback requested for 0 deployed server(s) (reason: hxc213 writer 1 iter 250)
2026/07/31 11:34:20 ❌ Rollback NOT completed: rollback NOT completed: real SSH rollback transport not wired (0/0 servers reverted)
2026/07/31 11:34:20 📢 Notification: rollback_not_completed - rollback NOT completed: real SSH rollback transport not wired (0/0 servers reverted)
2026/07/31 11:34:20 📢 Notification: deployment_failed - Production deployment failed: hxc213 writer 1 iter 250
2026/07/31 11:34:20 
❌ PRODUCTION DEPLOYMENT FAILED
2026/07/31 11:34:20 📊 Failure Summary:
2026/07/31 11:34:20    Failed Phase: deployment
2026/07/31 11:34:20    Error: hxc213 writer 1 iter 251
2026/07/31 11:34:20    Duration: 1.302953926s
2026/07/31 11:34:20    Servers Deployed: 0
2026/07/31 11:34:20 🔄 Triggering automatic rollback...
2026/07/31 11:34:20 🔄 Rollback requested for 0 deployed server(s) (reason: hxc213 writer 1 iter 251)
2026/07/31 11:34:20 ❌ Rollback NOT completed: rollback NOT completed: real SSH rollback transport not wired (0/0 servers reverted)
2026/07/31 11:34:20    Error: hxc213 writer 0 iter 211
2026/07/31 11:34:20 📢 Notification: rollback_not_completed - rollback NOT completed: real SSH rollback transport not wired (0/0 servers reverted)
2026/07/31 11:34:20 📢 Notification: deployment_failed - Production deployment failed: hxc213 writer 1 iter 251
2026/07/31 11:34:20 
❌ PRODUCTION DEPLOYMENT FAILED
2026/07/31 11:34:20 📊 Failure Summary:
2026/07/31 11:34:20    Failed Phase: deployment
2026/07/31 11:34:20    Error: hxc213 writer 1 iter 252
2026/07/31 11:34:20    Duration: 1.303198596s
2026/07/31 11:34:20    Servers Deployed: 0
2026/07/31 11:34:20 🔄 Triggering automatic rollback...
2026/07/31 11:34:20 🔄 Rollback requested for 0 deployed server(s) (reason: hxc213 writer 1 iter 252)
2026/07/31 11:34:20 ❌ Rollback NOT completed: rollback NOT completed: real SSH rollback transport not wired (0/0 servers reverted)
2026/07/31 11:34:20 📢 Notification: rollback_not_completed - rollback NOT completed: real SSH rollback transport not wired (0/0 servers reverted)
2026/07/31 11:34:20 📢 Notification: deployment_failed - Production deployment failed: hxc213 writer 1 iter 252
2026/07/31 11:34:20 
❌ PRODUCTION DEPLOYMENT FAILED
2026/07/31 11:34:20 📊 Failure Summary:
2026/07/31 11:34:20    Failed Phase: deployment
2026/07/31 11:34:20    Error: hxc213 writer 1 iter 253
2026/07/31 11:34:20    Duration: 1.303544368s
2026/07/31 11:34:20    Servers Deployed: 0
2026/07/31 11:34:20 🔄 Triggering automatic rollback...
2026/07/31 11:34:20 🔄 Rollback requested for 0 deployed server(s) (reason: hxc213 writer 1 iter 253)
2026/07/31 11:34:20 ❌ Rollback NOT completed: rollback NOT completed: real SSH rollback transport not wired (0/0 servers reverted)
2026/07/31 11:34:20 📢 Notification: rollback_not_completed - rollback NOT completed: real SSH rollback transport not wired (0/0 servers reverted)
2026/07/31 11:34:20 📢 Notification: deployment_failed - Production deployment failed: hxc213 writer 1 iter 253
2026/07/31 11:34:20 
❌ PRODUCTION DEPLOYMENT FAILED
2026/07/31 11:34:20 📊 Failure Summary:
2026/07/31 11:34:20    Failed Phase: deployment
2026/07/31 11:34:20    Error: hxc213 writer 1 iter 254
2026/07/31 11:34:20    Duration: 1.303634004s
2026/07/31 11:34:20    Servers Deployed: 0
2026/07/31 11:34:20 🔄 Triggering automatic rollback...
2026/07/31 11:34:20 🔄 Rollback requested for 0 deployed server(s) (reason: hxc213 writer 1 iter 254)
2026/07/31 11:34:20 ❌ Rollback NOT completed: rollback NOT completed: real SSH rollback transport not wired (0/0 servers reverted)
2026/07/31 11:34:20 📢 Notification: rollback_not_completed - rollback NOT completed: real SSH rollback transport not wired (0/0 servers reverted)
2026/07/31 11:34:20 📢 Notification: deployment_failed - Production deployment failed: hxc213 writer 1 iter 254
2026/07/31 11:34:20 
❌ PRODUCTION DEPLOYMENT FAILED
2026/07/31 11:34:20 📊 Failure Summary:
2026/07/31 11:34:20    Failed Phase: deployment
2026/07/31 11:34:20    Error: hxc213 writer 1 iter 255
2026/07/31 11:34:20    Duration: 1.30373085s
2026/07/31 11:34:20    Servers Deployed: 0
2026/07/31 11:34:20 🔄 Triggering automatic rollback...
2026/07/31 11:34:20 🔄 Rollback requested for 0 deployed server(s) (reason: hxc213 writer 1 iter 255)
2026/07/31 11:34:20 ❌ Rollback NOT completed: rollback NOT completed: real SSH rollback transport not wired (0/0 servers reverted)
2026/07/31 11:34:20 📢 Notification: rollback_not_completed - rollback NOT completed: real SSH rollback transport not wired (0/0 servers reverted)
2026/07/31 11:34:20 📢 Notification: deployment_failed - Production deployment failed: hxc213 writer 1 iter 255
2026/07/31 11:34:20 
❌ PRODUCTION DEPLOYMENT FAILED
2026/07/31 11:34:20 📊 Failure Summary:
2026/07/31 11:34:20    Failed Phase: deployment
2026/07/31 11:34:20    Error: hxc213 writer 1 iter 256
2026/07/31 11:34:20    Duration: 1.303823831s
2026/07/31 11:34:20    Servers Deployed: 0
2026/07/31 11:34:20 🔄 Triggering automatic rollback...
2026/07/31 11:34:20 🔄 Rollback requested for 0 deployed server(s) (reason: hxc213 writer 1 iter 256)
2026/07/31 11:34:20 ❌ Rollback NOT completed: rollback NOT completed: real SSH rollback transport not wired (0/0 servers reverted)
2026/07/31 11:34:20 📢 Notification: rollback_not_completed - rollback NOT completed: real SSH rollback transport not wired (0/0 servers reverted)
2026/07/31 11:34:20 📢 Notification: deployment_failed - Production deployment failed: hxc213 writer 1 iter 256
2026/07/31 11:34:20 
❌ PRODUCTION DEPLOYMENT FAILED
2026/07/31 11:34:20 📊 Failure Summary:
2026/07/31 11:34:20    Failed Phase: deployment
2026/07/31 11:34:20    Error: hxc213 writer 1 iter 257
2026/07/31 11:34:20    Duration: 1.303921278s
2026/07/31 11:34:20    Servers Deployed: 0
2026/07/31 11:34:20 🔄 Triggering automatic rollback...
2026/07/31 11:34:20 🔄 Rollback requested for 0 deployed server(s) (reason: hxc213 writer 1 iter 257)
2026/07/31 11:34:20 ❌ Rollback NOT completed: rollback NOT completed: real SSH rollback transport not wired (0/0 servers reverted)
2026/07/31 11:34:20 📢 Notification: rollback_not_completed - rollback NOT completed: real SSH rollback transport not wired (0/0 servers reverted)
2026/07/31 11:34:20 📢 Notification: deployment_failed - Production deployment failed: hxc213 writer 1 iter 257
2026/07/31 11:34:20 
❌ PRODUCTION DEPLOYMENT FAILED
2026/07/31 11:34:20 📊 Failure Summary:
2026/07/31 11:34:20    Failed Phase: deployment
2026/07/31 11:34:20    Error: hxc213 writer 1 iter 258
2026/07/31 11:34:20    Duration: 1.304014078s
2026/07/31 11:34:20    Servers Deployed: 0
2026/07/31 11:34:20 🔄 Triggering automatic rollback...
2026/07/31 11:34:20 🔄 Rollback requested for 0 deployed server(s) (reason: hxc213 writer 1 iter 258)
2026/07/31 11:34:20 ❌ Rollback NOT completed: rollback NOT completed: real SSH rollback transport not wired (0/0 servers reverted)
2026/07/31 11:34:20 📢 Notification: rollback_not_completed - rollback NOT completed: real SSH rollback transport not wired (0/0 servers reverted)
2026/07/31 11:34:20 📢 Notification: deployment_failed - Production deployment failed: hxc213 writer 1 iter 258
2026/07/31 11:34:20 
❌ PRODUCTION DEPLOYMENT FAILED
2026/07/31 11:34:20 📊 Failure Summary:
2026/07/31 11:34:20    Failed Phase: deployment
2026/07/31 11:34:20    Error: hxc213 writer 1 iter 259
2026/07/31 11:34:20    Duration: 1.304131245s
2026/07/31 11:34:20    Servers Deployed: 0
2026/07/31 11:34:20 🔄 Triggering automatic rollback...
2026/07/31 11:34:20 🔄 Rollback requested for 0 deployed server(s) (reason: hxc213 writer 1 iter 259)
2026/07/31 11:34:20 ❌ Rollback NOT completed: rollback NOT completed: real SSH rollback transport not wired (0/0 servers reverted)
2026/07/31 11:34:20 📢 Notification: rollback_not_completed - rollback NOT completed: real SSH rollback transport not wired (0/0 servers reverted)
2026/07/31 11:34:20    Duration: 1.302953926s
2026/07/31 11:34:20    Servers Deployed: 0
2026/07/31 11:34:20 🔄 Triggering automatic rollback...
2026/07/31 11:34:20 🔄 Rollback requested for 0 deployed server(s) (reason: hxc213 writer 0 iter 211)
2026/07/31 11:34:20 ❌ Rollback NOT completed: rollback NOT completed: real SSH rollback transport not wired (0/0 servers reverted)
2026/07/31 11:34:20 📢 Notification: rollback_not_completed - rollback NOT completed: real SSH rollback transport not wired (0/0 servers reverted)
2026/07/31 11:34:20 📢 Notification: deployment_failed - Production deployment failed: hxc213 writer 0 iter 211
2026/07/31 11:34:20 
❌ PRODUCTION DEPLOYMENT FAILED
2026/07/31 11:34:20 📊 Failure Summary:
2026/07/31 11:34:20    Failed Phase: deployment
2026/07/31 11:34:20    Error: hxc213 writer 0 iter 212
2026/07/31 11:34:20    Duration: 1.304397708s
2026/07/31 11:34:20    Servers Deployed: 0
2026/07/31 11:34:20 🔄 Triggering automatic rollback...
2026/07/31 11:34:20 🔄 Rollback requested for 0 deployed server(s) (reason: hxc213 writer 0 iter 212)
2026/07/31 11:34:20 ❌ Rollback NOT completed: rollback NOT completed: real SSH rollback transport not wired (0/0 servers reverted)
2026/07/31 11:34:20 📢 Notification: rollback_not_completed - rollback NOT completed: real SSH rollback transport not wired (0/0 servers reverted)
2026/07/31 11:34:20 📢 Notification: deployment_failed - Production deployment failed: hxc213 writer 0 iter 212
2026/07/31 11:34:20 
❌ PRODUCTION DEPLOYMENT FAILED
2026/07/31 11:34:20 📊 Failure Summary:
2026/07/31 11:34:20    Failed Phase: deployment
2026/07/31 11:34:20    Error: hxc213 writer 0 iter 213
2026/07/31 11:34:20    Duration: 1.304501335s
2026/07/31 11:34:20 🔄 Triggering automatic rollback...
2026/07/31 11:34:20 📢 Notification: deployment_failed - Production deployment failed: hxc213 writer 1 iter 259
2026/07/31 11:34:20 
❌ PRODUCTION DEPLOYMENT FAILED
2026/07/31 11:34:20 🔄 Rollback requested for 0 deployed server(s) (reason: hxc213 writer 2 iter 178)
2026/07/31 11:34:20 📊 Failure Summary:
2026/07/31 11:34:20 ❌ Rollback NOT completed: rollback NOT completed: real SSH rollback transport not wired (0/0 servers reverted)
2026/07/31 11:34:20    Failed Phase: deployment
2026/07/31 11:34:20 📢 Notification: rollback_not_completed - rollback NOT completed: real SSH rollback transport not wired (0/0 servers reverted)
2026/07/31 11:34:20    Error: hxc213 writer 1 iter 260
2026/07/31 11:34:20    Duration: 1.304612433s
2026/07/31 11:34:20    Servers Deployed: 0
2026/07/31 11:34:20 🔄 Triggering automatic rollback...
2026/07/31 11:34:20 🔄 Rollback requested for 0 deployed server(s) (reason: hxc213 writer 1 iter 260)
2026/07/31 11:34:20 ❌ Rollback NOT completed: rollback NOT completed: real SSH rollback transport not wired (0/0 servers reverted)
2026/07/31 11:34:20 📢 Notification: rollback_not_completed - rollback NOT completed: real SSH rollback transport not wired (0/0 servers reverted)
2026/07/31 11:34:20 📢 Notification: deployment_failed - Production deployment failed: hxc213 writer 1 iter 260
2026/07/31 11:34:20 
❌ PRODUCTION DEPLOYMENT FAILED
2026/07/31 11:34:20 📊 Failure Summary:
2026/07/31 11:34:20    Failed Phase: deployment
2026/07/31 11:34:20    Error: hxc213 writer 1 iter 261
2026/07/31 11:34:20    Duration: 1.305139359s
2026/07/31 11:34:20    Servers Deployed: 0
2026/07/31 11:34:20 🔄 Triggering automatic rollback...
2026/07/31 11:34:20 🔄 Rollback requested for 0 deployed server(s) (reason: hxc213 writer 1 iter 261)
2026/07/31 11:34:20 ❌ Rollback NOT completed: rollback NOT completed: real SSH rollback transport not wired (0/0 servers reverted)
2026/07/31 11:34:20 📢 Notification: rollback_not_completed - rollback NOT completed: real SSH rollback transport not wired (0/0 servers reverted)
2026/07/31 11:34:20 📢 Notification: deployment_failed - Production deployment failed: hxc213 writer 1 iter 261
2026/07/31 11:34:20 
❌ PRODUCTION DEPLOYMENT FAILED
2026/07/31 11:34:20 📊 Failure Summary:
2026/07/31 11:34:20    Failed Phase: deployment
2026/07/31 11:34:20    Error: hxc213 writer 1 iter 262
2026/07/31 11:34:20 📢 Notification: deployment_failed - Production deployment failed: hxc213 writer 2 iter 178
2026/07/31 11:34:20    Duration: 1.305267994s
2026/07/31 11:34:20 
❌ PRODUCTION DEPLOYMENT FAILED
2026/07/31 11:34:20    Servers Deployed: 0
2026/07/31 11:34:20 📊 Failure Summary:
2026/07/31 11:34:20 🔄 Triggering automatic rollback...
2026/07/31 11:34:20    Failed Phase: deployment
2026/07/31 11:34:20 🔄 Rollback requested for 0 deployed server(s) (reason: hxc213 writer 1 iter 262)
2026/07/31 11:34:20    Error: hxc213 writer 2 iter 179
2026/07/31 11:34:20 ❌ Rollback NOT completed: rollback NOT completed: real SSH rollback transport not wired (0/0 servers reverted)
2026/07/31 11:34:20    Duration: 1.305329056s
2026/07/31 11:34:20    Servers Deployed: 0
2026/07/31 11:34:20 📢 Notification: rollback_not_completed - rollback NOT completed: real SSH rollback transport not wired (0/0 servers reverted)
2026/07/31 11:34:20 🔄 Triggering automatic rollback...
2026/07/31 11:34:20 🔄 Rollback requested for 0 deployed server(s) (reason: hxc213 writer 2 iter 179)
2026/07/31 11:34:20 📢 Notification: deployment_failed - Production deployment failed: hxc213 writer 1 iter 262
2026/07/31 11:34:20 ❌ Rollback NOT completed: rollback NOT completed: real SSH rollback transport not wired (0/0 servers reverted)
2026/07/31 11:34:20 
❌ PRODUCTION DEPLOYMENT FAILED
2026/07/31 11:34:20    Servers Deployed: 0
2026/07/31 11:34:20 📊 Failure Summary:
2026/07/31 11:34:20 🔄 Triggering automatic rollback...
2026/07/31 11:34:20    Failed Phase: deployment
2026/07/31 11:34:20 🔄 Rollback requested for 0 deployed server(s) (reason: hxc213 writer 0 iter 213)
2026/07/31 11:34:20    Error: hxc213 writer 1 iter 263
2026/07/31 11:34:20 ❌ Rollback NOT completed: rollback NOT completed: real SSH rollback transport not wired (0/0 servers reverted)
2026/07/31 11:34:20    Duration: 1.305782572s
2026/07/31 11:34:20 📢 Notification: rollback_not_completed - rollback NOT completed: real SSH rollback transport not wired (0/0 servers reverted)
2026/07/31 11:34:20 📢 Notification: rollback_not_completed - rollback NOT completed: real SSH rollback transport not wired (0/0 servers reverted)
2026/07/31 11:34:20 📢 Notification: deployment_failed - Production deployment failed: hxc213 writer 2 iter 179
2026/07/31 11:34:20 
❌ PRODUCTION DEPLOYMENT FAILED
2026/07/31 11:34:20 📊 Failure Summary:
2026/07/31 11:34:20    Failed Phase: deployment
2026/07/31 11:34:20    Error: hxc213 writer 2 iter 180
2026/07/31 11:34:20    Duration: 1.305870354s
2026/07/31 11:34:20    Servers Deployed: 0
2026/07/31 11:34:20 🔄 Triggering automatic rollback...
2026/07/31 11:34:20 🔄 Rollback requested for 0 deployed server(s) (reason: hxc213 writer 2 iter 180)
2026/07/31 11:34:20 ❌ Rollback NOT completed: rollback NOT completed: real SSH rollback transport not wired (0/0 servers reverted)
2026/07/31 11:34:20 📢 Notification: rollback_not_completed - rollback NOT completed: real SSH rollback transport not wired (0/0 servers reverted)
2026/07/31 11:34:20 📢 Notification: deployment_failed - Production deployment failed: hxc213 writer 2 iter 180
2026/07/31 11:34:20 
❌ PRODUCTION DEPLOYMENT FAILED
2026/07/31 11:34:20 📊 Failure Summary:
2026/07/31 11:34:20    Failed Phase: deployment
2026/07/31 11:34:20    Error: hxc213 writer 2 iter 181
2026/07/31 11:34:20    Duration: 1.305981002s
2026/07/31 11:34:20    Servers Deployed: 0
2026/07/31 11:34:20 🔄 Triggering automatic rollback...
2026/07/31 11:34:20 🔄 Rollback requested for 0 deployed server(s) (reason: hxc213 writer 2 iter 181)
2026/07/31 11:34:20 ❌ Rollback NOT completed: rollback NOT completed: real SSH rollback transport not wired (0/0 servers reverted)
2026/07/31 11:34:20 📢 Notification: rollback_not_completed - rollback NOT completed: real SSH rollback transport not wired (0/0 servers reverted)
2026/07/31 11:34:20    Servers Deployed: 0
2026/07/31 11:34:20 📢 Notification: deployment_failed - Production deployment failed: hxc213 writer 2 iter 181
2026/07/31 11:34:20 🔄 Triggering automatic rollback...
2026/07/31 11:34:20 🔄 Rollback requested for 0 deployed server(s) (reason: hxc213 writer 1 iter 263)
2026/07/31 11:34:20 ❌ Rollback NOT completed: rollback NOT completed: real SSH rollback transport not wired (0/0 servers reverted)
2026/07/31 11:34:20 📢 Notification: rollback_not_completed - rollback NOT completed: real SSH rollback transport not wired (0/0 servers reverted)
2026/07/31 11:34:20 📢 Notification: deployment_failed - Production deployment failed: hxc213 writer 1 iter 263
2026/07/31 11:34:20 
❌ PRODUCTION DEPLOYMENT FAILED
2026/07/31 11:34:20 📊 Failure Summary:
2026/07/31 11:34:20    Failed Phase: deployment
2026/07/31 11:34:20    Error: hxc213 writer 1 iter 264
2026/07/31 11:34:20    Duration: 1.306561259s
2026/07/31 11:34:20    Servers Deployed: 0
2026/07/31 11:34:20 🔄 Triggering automatic rollback...
2026/07/31 11:34:20 🔄 Rollback requested for 0 deployed server(s) (reason: hxc213 writer 1 iter 264)
2026/07/31 11:34:20 ❌ Rollback NOT completed: rollback NOT completed: real SSH rollback transport not wired (0/0 servers reverted)
2026/07/31 11:34:20 📢 Notification: rollback_not_completed - rollback NOT completed: real SSH rollback transport not wired (0/0 servers reverted)
2026/07/31 11:34:20 📢 Notification: deployment_failed - Production deployment failed: hxc213 writer 1 iter 264
2026/07/31 11:34:20 
❌ PRODUCTION DEPLOYMENT FAILED
2026/07/31 11:34:20 📊 Failure Summary:
2026/07/31 11:34:20    Failed Phase: deployment
2026/07/31 11:34:20    Error: hxc213 writer 1 iter 265
2026/07/31 11:34:20    Duration: 1.307710947s
2026/07/31 11:34:20    Servers Deployed: 0
2026/07/31 11:34:20 🔄 Triggering automatic rollback...
2026/07/31 11:34:20 🔄 Rollback requested for 0 deployed server(s) (reason: hxc213 writer 1 iter 265)
2026/07/31 11:34:20 ❌ Rollback NOT completed: rollback NOT completed: real SSH rollback transport not wired (0/0 servers reverted)
2026/07/31 11:34:20 📢 Notification: rollback_not_completed - rollback NOT completed: real SSH rollback transport not wired (0/0 servers reverted)
2026/07/31 11:34:20 📢 Notification: deployment_failed - Production deployment failed: hxc213 writer 1 iter 265
2026/07/31 11:34:20 
❌ PRODUCTION DEPLOYMENT FAILED
2026/07/31 11:34:20 📊 Failure Summary:
2026/07/31 11:34:20    Failed Phase: deployment
2026/07/31 11:34:20    Error: hxc213 writer 1 iter 266
2026/07/31 11:34:20    Duration: 1.307839912s
2026/07/31 11:34:20    Servers Deployed: 0
2026/07/31 11:34:20 🔄 Triggering automatic rollback...
2026/07/31 11:34:20 🔄 Rollback requested for 0 deployed server(s) (reason: hxc213 writer 1 iter 266)
2026/07/31 11:34:20 ❌ Rollback NOT completed: rollback NOT completed: real SSH rollback transport not wired (0/0 servers reverted)
2026/07/31 11:34:20 📢 Notification: rollback_not_completed - rollback NOT completed: real SSH rollback transport not wired (0/0 servers reverted)
2026/07/31 11:34:20 📢 Notification: deployment_failed - Production deployment failed: hxc213 writer 0 iter 213
2026/07/31 11:34:20 📢 Notification: deployment_failed - Production deployment failed: hxc213 writer 1 iter 266
2026/07/31 11:34:20 
❌ PRODUCTION DEPLOYMENT FAILED
2026/07/31 11:34:20 📊 Failure Summary:
2026/07/31 11:34:20    Failed Phase: deployment
2026/07/31 11:34:20    Error: hxc213 writer 1 iter 267
2026/07/31 11:34:20    Duration: 1.393934493s
2026/07/31 11:34:20    Servers Deployed: 0
2026/07/31 11:34:20 🔄 Triggering automatic rollback...
2026/07/31 11:34:20 🔄 Rollback requested for 0 deployed server(s) (reason: hxc213 writer 1 iter 267)
2026/07/31 11:34:20 ❌ Rollback NOT completed: rollback NOT completed: real SSH rollback transport not wired (0/0 servers reverted)
2026/07/31 11:34:20 📢 Notification: rollback_not_completed - rollback NOT completed: real SSH rollback transport not wired (0/0 servers reverted)
2026/07/31 11:34:20 📢 Notification: deployment_failed - Production deployment failed: hxc213 writer 1 iter 267
2026/07/31 11:34:20 
❌ PRODUCTION DEPLOYMENT FAILED
2026/07/31 11:34:20 📊 Failure Summary:
2026/07/31 11:34:20    Failed Phase: deployment
2026/07/31 11:34:20    Error: hxc213 writer 1 iter 268
2026/07/31 11:34:20    Duration: 1.396509976s
2026/07/31 11:34:20    Servers Deployed: 0
2026/07/31 11:34:20 🔄 Triggering automatic rollback...
2026/07/31 11:34:20 🔄 Rollback requested for 0 deployed server(s) (reason: hxc213 writer 1 iter 268)
2026/07/31 11:34:20 ❌ Rollback NOT completed: rollback NOT completed: real SSH rollback transport not wired (0/0 servers reverted)
2026/07/31 11:34:20 📢 Notification: rollback_not_completed - rollback NOT completed: real SSH rollback transport not wired (0/0 servers reverted)
2026/07/31 11:34:20 📢 Notification: deployment_failed - Production deployment failed: hxc213 writer 1 iter 268
2026/07/31 11:34:20 
❌ PRODUCTION DEPLOYMENT FAILED
2026/07/31 11:34:20 📊 Failure Summary:
2026/07/31 11:34:20    Failed Phase: deployment
2026/07/31 11:34:20    Error: hxc213 writer 1 iter 269
2026/07/31 11:34:20    Duration: 1.396828959s
2026/07/31 11:34:20    Servers Deployed: 0
2026/07/31 11:34:20 🔄 Triggering automatic rollback...
2026/07/31 11:34:20 🔄 Rollback requested for 0 deployed server(s) (reason: hxc213 writer 1 iter 269)
2026/07/31 11:34:20 ❌ Rollback NOT completed: rollback NOT completed: real SSH rollback transport not wired (0/0 servers reverted)
2026/07/31 11:34:20 📢 Notification: rollback_not_completed - rollback NOT completed: real SSH rollback transport not wired (0/0 servers reverted)
2026/07/31 11:34:20 📢 Notification: deployment_failed - Production deployment failed: hxc213 writer 1 iter 269
2026/07/31 11:34:20 
❌ PRODUCTION DEPLOYMENT FAILED
2026/07/31 11:34:20 📊 Failure Summary:
2026/07/31 11:34:20    Failed Phase: deployment
2026/07/31 11:34:20    Error: hxc213 writer 1 iter 270
2026/07/31 11:34:20    Duration: 1.39693555s
2026/07/31 11:34:20    Servers Deployed: 0
2026/07/31 11:34:20 🔄 Triggering automatic rollback...
2026/07/31 11:34:20 🔄 Rollback requested for 0 deployed server(s) (reason: hxc213 writer 1 iter 270)
2026/07/31 11:34:20 ❌ Rollback NOT completed: rollback NOT completed: real SSH rollback transport not wired (0/0 servers reverted)
2026/07/31 11:34:20 📢 Notification: rollback_not_completed - rollback NOT completed: real SSH rollback transport not wired (0/0 servers reverted)
2026/07/31 11:34:20 📢 Notification: deployment_failed - Production deployment failed: hxc213 writer 1 iter 270
2026/07/31 11:34:20 
❌ PRODUCTION DEPLOYMENT FAILED
2026/07/31 11:34:20 📊 Failure Summary:
2026/07/31 11:34:20    Failed Phase: deployment
2026/07/31 11:34:20    Error: hxc213 writer 1 iter 271
2026/07/31 11:34:20    Duration: 1.397035381s
2026/07/31 11:34:20    Servers Deployed: 0
2026/07/31 11:34:20 🔄 Triggering automatic rollback...
2026/07/31 11:34:20 🔄 Rollback requested for 0 deployed server(s) (reason: hxc213 writer 1 iter 271)
2026/07/31 11:34:20 ❌ Rollback NOT completed: rollback NOT completed: real SSH rollback transport not wired (0/0 servers reverted)
2026/07/31 11:34:20 📢 Notification: rollback_not_completed - rollback NOT completed: real SSH rollback transport not wired (0/0 servers reverted)
2026/07/31 11:34:20 📢 Notification: deployment_failed - Production deployment failed: hxc213 writer 1 iter 271
2026/07/31 11:34:20 
❌ PRODUCTION DEPLOYMENT FAILED
2026/07/31 11:34:20 📊 Failure Summary:
2026/07/31 11:34:20    Failed Phase: deployment
2026/07/31 11:34:20    Error: hxc213 writer 1 iter 272
2026/07/31 11:34:20    Duration: 1.39714071s
2026/07/31 11:34:20    Servers Deployed: 0
2026/07/31 11:34:20 🔄 Triggering automatic rollback...
2026/07/31 11:34:20 🔄 Rollback requested for 0 deployed server(s) (reason: hxc213 writer 1 iter 272)
2026/07/31 11:34:20 ❌ Rollback NOT completed: rollback NOT completed: real SSH rollback transport not wired (0/0 servers reverted)
2026/07/31 11:34:20 📢 Notification: rollback_not_completed - rollback NOT completed: real SSH rollback transport not wired (0/0 servers reverted)
2026/07/31 11:34:20 📢 Notification: deployment_failed - Production deployment failed: hxc213 writer 1 iter 272
2026/07/31 11:34:20 
❌ PRODUCTION DEPLOYMENT FAILED
2026/07/31 11:34:20 📊 Failure Summary:
2026/07/31 11:34:20    Failed Phase: deployment
2026/07/31 11:34:20    Error: hxc213 writer 1 iter 273
2026/07/31 11:34:20    Duration: 1.397254041s
2026/07/31 11:34:20    Servers Deployed: 0
2026/07/31 11:34:20 🔄 Triggering automatic rollback...
2026/07/31 11:34:20 🔄 Rollback requested for 0 deployed server(s) (reason: hxc213 writer 1 iter 273)
2026/07/31 11:34:20 ❌ Rollback NOT completed: rollback NOT completed: real SSH rollback transport not wired (0/0 servers reverted)
2026/07/31 11:34:20 📢 Notification: rollback_not_completed - rollback NOT completed: real SSH rollback transport not wired (0/0 servers reverted)
2026/07/31 11:34:20 📢 Notification: deployment_failed - Production deployment failed: hxc213 writer 1 iter 273
2026/07/31 11:34:20 
❌ PRODUCTION DEPLOYMENT FAILED
2026/07/31 11:34:20 📊 Failure Summary:
2026/07/31 11:34:20    Failed Phase: deployment
2026/07/31 11:34:20    Error: hxc213 writer 1 iter 274
2026/07/31 11:34:20    Duration: 1.397354083s
2026/07/31 11:34:20    Servers Deployed: 0
2026/07/31 11:34:20 🔄 Triggering automatic rollback...
2026/07/31 11:34:20 🔄 Rollback requested for 0 deployed server(s) (reason: hxc213 writer 1 iter 274)
2026/07/31 11:34:20 ❌ Rollback NOT completed: rollback NOT completed: real SSH rollback transport not wired (0/0 servers reverted)
2026/07/31 11:34:20 📢 Notification: rollback_not_completed - rollback NOT completed: real SSH rollback transport not wired (0/0 servers reverted)
2026/07/31 11:34:20 📢 Notification: deployment_failed - Production deployment failed: hxc213 writer 1 iter 274
2026/07/31 11:34:20 
❌ PRODUCTION DEPLOYMENT FAILED
2026/07/31 11:34:20 📊 Failure Summary:
2026/07/31 11:34:20    Failed Phase: deployment
2026/07/31 11:34:20    Error: hxc213 writer 1 iter 275
2026/07/31 11:34:20    Duration: 1.397466473s
2026/07/31 11:34:20    Servers Deployed: 0
2026/07/31 11:34:20 🔄 Triggering automatic rollback...
2026/07/31 11:34:20 🔄 Rollback requested for 0 deployed server(s) (reason: hxc213 writer 1 iter 275)
2026/07/31 11:34:20 ❌ Rollback NOT completed: rollback NOT completed: real SSH rollback transport not wired (0/0 servers reverted)
2026/07/31 11:34:20 📢 Notification: rollback_not_completed - rollback NOT completed: real SSH rollback transport not wired (0/0 servers reverted)
2026/07/31 11:34:20 📢 Notification: deployment_failed - Production deployment failed: hxc213 writer 1 iter 275
2026/07/31 11:34:20 
❌ PRODUCTION DEPLOYMENT FAILED
2026/07/31 11:34:20 📊 Failure Summary:
2026/07/31 11:34:20    Failed Phase: deployment
2026/07/31 11:34:20    Error: hxc213 writer 1 iter 276
2026/07/31 11:34:20    Duration: 1.397567405s
2026/07/31 11:34:20    Servers Deployed: 0
2026/07/31 11:34:20 🔄 Triggering automatic rollback...
2026/07/31 11:34:20 🔄 Rollback requested for 0 deployed server(s) (reason: hxc213 writer 1 iter 276)
2026/07/31 11:34:20 ❌ Rollback NOT completed: rollback NOT completed: real SSH rollback transport not wired (0/0 servers reverted)
2026/07/31 11:34:20 
❌ PRODUCTION DEPLOYMENT FAILED
2026/07/31 11:34:20 
❌ PRODUCTION DEPLOYMENT FAILED
2026/07/31 11:34:20 📊 Failure Summary:
2026/07/31 11:34:20    Failed Phase: deployment
2026/07/31 11:34:20 📊 Failure Summary:
2026/07/31 11:34:20    Failed Phase: deployment
2026/07/31 11:34:20    Error: hxc213 writer 2 iter 182
2026/07/31 11:34:20    Duration: 1.397567405s
2026/07/31 11:34:20    Servers Deployed: 0
2026/07/31 11:34:20 🔄 Triggering automatic rollback...
2026/07/31 11:34:20 🔄 Rollback requested for 0 deployed server(s) (reason: hxc213 writer 2 iter 182)
2026/07/31 11:34:20 ❌ Rollback NOT completed: rollback NOT completed: real SSH rollback transport not wired (0/0 servers reverted)
2026/07/31 11:34:20 📢 Notification: rollback_not_completed - rollback NOT completed: real SSH rollback transport not wired (0/0 servers reverted)
2026/07/31 11:34:20 📢 Notification: deployment_failed - Production deployment failed: hxc213 writer 2 iter 182
2026/07/31 11:34:20 
❌ PRODUCTION DEPLOYMENT FAILED
2026/07/31 11:34:20 📊 Failure Summary:
2026/07/31 11:34:20    Failed Phase: deployment
2026/07/31 11:34:20    Error: hxc213 writer 2 iter 183
2026/07/31 11:34:20    Duration: 1.397965086s
2026/07/31 11:34:20    Servers Deployed: 0
2026/07/31 11:34:20 🔄 Triggering automatic rollback...
2026/07/31 11:34:20 🔄 Rollback requested for 0 deployed server(s) (reason: hxc213 writer 2 iter 183)
2026/07/31 11:34:20 ❌ Rollback NOT completed: rollback NOT completed: real SSH rollback transport not wired (0/0 servers reverted)
2026/07/31 11:34:20 📢 Notification: rollback_not_completed - rollback NOT completed: real SSH rollback transport not wired (0/0 servers reverted)
2026/07/31 11:34:20 📢 Notification: deployment_failed - Production deployment failed: hxc213 writer 2 iter 183
2026/07/31 11:34:20 
❌ PRODUCTION DEPLOYMENT FAILED
2026/07/31 11:34:20 📊 Failure Summary:
2026/07/31 11:34:20    Failed Phase: deployment
2026/07/31 11:34:20    Error: hxc213 writer 2 iter 184
2026/07/31 11:34:20    Duration: 1.398087221s
2026/07/31 11:34:20    Servers Deployed: 0
2026/07/31 11:34:20 🔄 Triggering automatic rollback...
2026/07/31 11:34:20 🔄 Rollback requested for 0 deployed server(s) (reason: hxc213 writer 2 iter 184)
2026/07/31 11:34:20 ❌ Rollback NOT completed: rollback NOT completed: real SSH rollback transport not wired (0/0 servers reverted)
2026/07/31 11:34:20 📢 Notification: rollback_not_completed - rollback NOT completed: real SSH rollback transport not wired (0/0 servers reverted)
2026/07/31 11:34:20 📢 Notification: deployment_failed - Production deployment failed: hxc213 writer 2 iter 184
2026/07/31 11:34:20 
❌ PRODUCTION DEPLOYMENT FAILED
2026/07/31 11:34:20 📊 Failure Summary:
2026/07/31 11:34:20    Failed Phase: deployment
2026/07/31 11:34:20    Error: hxc213 writer 2 iter 185
2026/07/31 11:34:20    Duration: 1.398184368s
2026/07/31 11:34:20    Servers Deployed: 0
2026/07/31 11:34:20 🔄 Triggering automatic rollback...
2026/07/31 11:34:20 🔄 Rollback requested for 0 deployed server(s) (reason: hxc213 writer 2 iter 185)
2026/07/31 11:34:20 ❌ Rollback NOT completed: rollback NOT completed: real SSH rollback transport not wired (0/0 servers reverted)
2026/07/31 11:34:20 📢 Notification: rollback_not_completed - rollback NOT completed: real SSH rollback transport not wired (0/0 servers reverted)
2026/07/31 11:34:20 📢 Notification: deployment_failed - Production deployment failed: hxc213 writer 2 iter 185
2026/07/31 11:34:20 
❌ PRODUCTION DEPLOYMENT FAILED
2026/07/31 11:34:20 📊 Failure Summary:
2026/07/31 11:34:20    Failed Phase: deployment
2026/07/31 11:34:20    Error: hxc213 writer 2 iter 186
2026/07/31 11:34:20    Duration: 1.398279942s
2026/07/31 11:34:20    Servers Deployed: 0
2026/07/31 11:34:20 🔄 Triggering automatic rollback...
2026/07/31 11:34:20 🔄 Rollback requested for 0 deployed server(s) (reason: hxc213 writer 2 iter 186)
2026/07/31 11:34:20 ❌ Rollback NOT completed: rollback NOT completed: real SSH rollback transport not wired (0/0 servers reverted)
2026/07/31 11:34:20 📢 Notification: rollback_not_completed - rollback NOT completed: real SSH rollback transport not wired (0/0 servers reverted)
2026/07/31 11:34:20 📢 Notification: deployment_failed - Production deployment failed: hxc213 writer 2 iter 186
2026/07/31 11:34:20 
❌ PRODUCTION DEPLOYMENT FAILED
2026/07/31 11:34:20 📊 Failure Summary:
2026/07/31 11:34:20    Failed Phase: deployment
2026/07/31 11:34:20    Error: hxc213 writer 2 iter 187
2026/07/31 11:34:20    Duration: 1.398373494s
2026/07/31 11:34:20    Servers Deployed: 0
2026/07/31 11:34:20 🔄 Triggering automatic rollback...
2026/07/31 11:34:20 🔄 Rollback requested for 0 deployed server(s) (reason: hxc213 writer 2 iter 187)
2026/07/31 11:34:20 ❌ Rollback NOT completed: rollback NOT completed: real SSH rollback transport not wired (0/0 servers reverted)
2026/07/31 11:34:20 📢 Notification: rollback_not_completed - rollback NOT completed: real SSH rollback transport not wired (0/0 servers reverted)
2026/07/31 11:34:20 📢 Notification: deployment_failed - Production deployment failed: hxc213 writer 2 iter 187
2026/07/31 11:34:20 
❌ PRODUCTION DEPLOYMENT FAILED
2026/07/31 11:34:20 📊 Failure Summary:
2026/07/31 11:34:20    Failed Phase: deployment
2026/07/31 11:34:20    Error: hxc213 writer 2 iter 188
2026/07/31 11:34:20    Duration: 1.398485343s
2026/07/31 11:34:20    Servers Deployed: 0
2026/07/31 11:34:20 🔄 Triggering automatic rollback...
2026/07/31 11:34:20 🔄 Rollback requested for 0 deployed server(s) (reason: hxc213 writer 2 iter 188)
2026/07/31 11:34:20 ❌ Rollback NOT completed: rollback NOT completed: real SSH rollback transport not wired (0/0 servers reverted)
2026/07/31 11:34:20 📢 Notification: rollback_not_completed - rollback NOT completed: real SSH rollback transport not wired (0/0 servers reverted)
2026/07/31 11:34:20 📢 Notification: deployment_failed - Production deployment failed: hxc213 writer 2 iter 188
2026/07/31 11:34:20 
❌ PRODUCTION DEPLOYMENT FAILED
2026/07/31 11:34:20 📊 Failure Summary:
2026/07/31 11:34:20    Failed Phase: deployment
2026/07/31 11:34:20    Error: hxc213 writer 2 iter 189
2026/07/31 11:34:20    Duration: 1.398581017s
2026/07/31 11:34:20    Servers Deployed: 0
2026/07/31 11:34:20 🔄 Triggering automatic rollback...
2026/07/31 11:34:20 🔄 Rollback requested for 0 deployed server(s) (reason: hxc213 writer 2 iter 189)
2026/07/31 11:34:20 ❌ Rollback NOT completed: rollback NOT completed: real SSH rollback transport not wired (0/0 servers reverted)
2026/07/31 11:34:20 📢 Notification: rollback_not_completed - rollback NOT completed: real SSH rollback transport not wired (0/0 servers reverted)
2026/07/31 11:34:20 📢 Notification: deployment_failed - Production deployment failed: hxc213 writer 2 iter 189
2026/07/31 11:34:20 
❌ PRODUCTION DEPLOYMENT FAILED
2026/07/31 11:34:20 📊 Failure Summary:
2026/07/31 11:34:20    Failed Phase: deployment
2026/07/31 11:34:20    Error: hxc213 writer 2 iter 190
2026/07/31 11:34:20    Duration: 1.398674859s
2026/07/31 11:34:20    Servers Deployed: 0
2026/07/31 11:34:20 🔄 Triggering automatic rollback...
2026/07/31 11:34:20 🔄 Rollback requested for 0 deployed server(s) (reason: hxc213 writer 2 iter 190)
2026/07/31 11:34:20 ❌ Rollback NOT completed: rollback NOT completed: real SSH rollback transport not wired (0/0 servers reverted)
2026/07/31 11:34:20 📢 Notification: rollback_not_completed - rollback NOT completed: real SSH rollback transport not wired (0/0 servers reverted)
2026/07/31 11:34:20 📢 Notification: deployment_failed - Production deployment failed: hxc213 writer 2 iter 190
2026/07/31 11:34:20 
❌ PRODUCTION DEPLOYMENT FAILED
2026/07/31 11:34:20 📊 Failure Summary:
2026/07/31 11:34:20    Failed Phase: deployment
2026/07/31 11:34:20    Error: hxc213 writer 2 iter 191
2026/07/31 11:34:20    Duration: 1.398759808s
2026/07/31 11:34:20    Servers Deployed: 0
2026/07/31 11:34:20 🔄 Triggering automatic rollback...
2026/07/31 11:34:20 🔄 Rollback requested for 0 deployed server(s) (reason: hxc213 writer 2 iter 191)
2026/07/31 11:34:20 ❌ Rollback NOT completed: rollback NOT completed: real SSH rollback transport not wired (0/0 servers reverted)
2026/07/31 11:34:20 📢 Notification: rollback_not_completed - rollback NOT completed: real SSH rollback transport not wired (0/0 servers reverted)
2026/07/31 11:34:20 📢 Notification: rollback_not_completed - rollback NOT completed: real SSH rollback transport not wired (0/0 servers reverted)
2026/07/31 11:34:20 📢 Notification: deployment_failed - Production deployment failed: hxc213 writer 1 iter 276
2026/07/31 11:34:20 
❌ PRODUCTION DEPLOYMENT FAILED
2026/07/31 11:34:20 📊 Failure Summary:
2026/07/31 11:34:20    Failed Phase: deployment
2026/07/31 11:34:20    Error: hxc213 writer 1 iter 277
2026/07/31 11:34:20    Duration: 1.399005669s
2026/07/31 11:34:20    Servers Deployed: 0
2026/07/31 11:34:20 🔄 Triggering automatic rollback...
2026/07/31 11:34:20 🔄 Rollback requested for 0 deployed server(s) (reason: hxc213 writer 1 iter 277)
2026/07/31 11:34:20 ❌ Rollback NOT completed: rollback NOT completed: real SSH rollback transport not wired (0/0 servers reverted)
2026/07/31 11:34:20 📢 Notification: rollback_not_completed - rollback NOT completed: real SSH rollback transport not wired (0/0 servers reverted)
2026/07/31 11:34:20 📢 Notification: deployment_failed - Production deployment failed: hxc213 writer 1 iter 277
2026/07/31 11:34:20 
❌ PRODUCTION DEPLOYMENT FAILED
2026/07/31 11:34:20 📊 Failure Summary:
2026/07/31 11:34:20    Failed Phase: deployment
2026/07/31 11:34:20    Error: hxc213 writer 1 iter 278
2026/07/31 11:34:20    Duration: 1.399134083s
2026/07/31 11:34:20    Servers Deployed: 0
2026/07/31 11:34:20 🔄 Triggering automatic rollback...
2026/07/31 11:34:20 🔄 Rollback requested for 0 deployed server(s) (reason: hxc213 writer 1 iter 278)
2026/07/31 11:34:20 ❌ Rollback NOT completed: rollback NOT completed: real SSH rollback transport not wired (0/0 servers reverted)
2026/07/31 11:34:20 📢 Notification: rollback_not_completed - rollback NOT completed: real SSH rollback transport not wired (0/0 servers reverted)
2026/07/31 11:34:20 📢 Notification: deployment_failed - Production deployment failed: hxc213 writer 1 iter 278
2026/07/31 11:34:20 
❌ PRODUCTION DEPLOYMENT FAILED
2026/07/31 11:34:20 📊 Failure Summary:
2026/07/31 11:34:20    Failed Phase: deployment
2026/07/31 11:34:20    Error: hxc213 writer 1 iter 279
2026/07/31 11:34:20    Duration: 1.399226183s
2026/07/31 11:34:20    Servers Deployed: 0
2026/07/31 11:34:20 🔄 Triggering automatic rollback...
2026/07/31 11:34:20 🔄 Rollback requested for 0 deployed server(s) (reason: hxc213 writer 1 iter 279)
2026/07/31 11:34:20 ❌ Rollback NOT completed: rollback NOT completed: real SSH rollback transport not wired (0/0 servers reverted)
2026/07/31 11:34:20 📢 Notification: rollback_not_completed - rollback NOT completed: real SSH rollback transport not wired (0/0 servers reverted)
2026/07/31 11:34:20 📢 Notification: deployment_failed - Production deployment failed: hxc213 writer 1 iter 279
2026/07/31 11:34:20 
❌ PRODUCTION DEPLOYMENT FAILED
2026/07/31 11:34:20 📊 Failure Summary:
2026/07/31 11:34:20    Failed Phase: deployment
2026/07/31 11:34:20    Error: hxc213 writer 1 iter 280
2026/07/31 11:34:20    Duration: 1.399317881s
2026/07/31 11:34:20    Servers Deployed: 0
2026/07/31 11:34:20 🔄 Triggering automatic rollback...
2026/07/31 11:34:20 🔄 Rollback requested for 0 deployed server(s) (reason: hxc213 writer 1 iter 280)
2026/07/31 11:34:20 ❌ Rollback NOT completed: rollback NOT completed: real SSH rollback transport not wired (0/0 servers reverted)
2026/07/31 11:34:20 📢 Notification: rollback_not_completed - rollback NOT completed: real SSH rollback transport not wired (0/0 servers reverted)
2026/07/31 11:34:20 📢 Notification: deployment_failed - Production deployment failed: hxc213 writer 1 iter 280
2026/07/31 11:34:20 
❌ PRODUCTION DEPLOYMENT FAILED
2026/07/31 11:34:20 📊 Failure Summary:
2026/07/31 11:34:20    Failed Phase: deployment
2026/07/31 11:34:20    Error: hxc213 writer 1 iter 281
2026/07/31 11:34:20    Duration: 1.399415399s
2026/07/31 11:34:20    Servers Deployed: 0
2026/07/31 11:34:20 🔄 Triggering automatic rollback...
2026/07/31 11:34:20 🔄 Rollback requested for 0 deployed server(s) (reason: hxc213 writer 1 iter 281)
2026/07/31 11:34:20 ❌ Rollback NOT completed: rollback NOT completed: real SSH rollback transport not wired (0/0 servers reverted)
2026/07/31 11:34:20 📢 Notification: rollback_not_completed - rollback NOT completed: real SSH rollback transport not wired (0/0 servers reverted)
2026/07/31 11:34:20 📢 Notification: deployment_failed - Production deployment failed: hxc213 writer 1 iter 281
2026/07/31 11:34:20 
❌ PRODUCTION DEPLOYMENT FAILED
2026/07/31 11:34:20 📊 Failure Summary:
2026/07/31 11:34:20    Failed Phase: deployment
2026/07/31 11:34:20    Error: hxc213 writer 1 iter 282
2026/07/31 11:34:20    Duration: 1.399496952s
2026/07/31 11:34:20    Servers Deployed: 0
2026/07/31 11:34:20 🔄 Triggering automatic rollback...
2026/07/31 11:34:20 🔄 Rollback requested for 0 deployed server(s) (reason: hxc213 writer 1 iter 282)
2026/07/31 11:34:20 ❌ Rollback NOT completed: rollback NOT completed: real SSH rollback transport not wired (0/0 servers reverted)
2026/07/31 11:34:20 📢 Notification: rollback_not_completed - rollback NOT completed: real SSH rollback transport not wired (0/0 servers reverted)
2026/07/31 11:34:20 📢 Notification: deployment_failed - Production deployment failed: hxc213 writer 1 iter 282
2026/07/31 11:34:20 
❌ PRODUCTION DEPLOYMENT FAILED
2026/07/31 11:34:20 📊 Failure Summary:
2026/07/31 11:34:20    Failed Phase: deployment
2026/07/31 11:34:20    Error: hxc213 writer 1 iter 283
2026/07/31 11:34:20    Duration: 1.399587539s
2026/07/31 11:34:20    Servers Deployed: 0
2026/07/31 11:34:20 🔄 Triggering automatic rollback...
2026/07/31 11:34:20 🔄 Rollback requested for 0 deployed server(s) (reason: hxc213 writer 1 iter 283)
2026/07/31 11:34:20 ❌ Rollback NOT completed: rollback NOT completed: real SSH rollback transport not wired (0/0 servers reverted)
2026/07/31 11:34:20 📢 Notification: rollback_not_completed - rollback NOT completed: real SSH rollback transport not wired (0/0 servers reverted)
2026/07/31 11:34:20 📢 Notification: deployment_failed - Production deployment failed: hxc213 writer 1 iter 283
2026/07/31 11:34:20 📢 Notification: deployment_failed - Production deployment failed: hxc213 writer 2 iter 191
2026/07/31 11:34:20    Error: hxc213 writer 0 iter 214
2026/07/31 11:34:20    Duration: 1.399676493s
2026/07/31 11:34:20    Servers Deployed: 0
2026/07/31 11:34:20 🔄 Triggering automatic rollback...
2026/07/31 11:34:20 
❌ PRODUCTION DEPLOYMENT FAILED
2026/07/31 11:34:20 📊 Failure Summary:
2026/07/31 11:34:20    Failed Phase: deployment
2026/07/31 11:34:20    Error: hxc213 writer 2 iter 192
2026/07/31 11:34:20    Duration: 1.399690585s
2026/07/31 11:34:20 
❌ PRODUCTION DEPLOYMENT FAILED
2026/07/31 11:34:20 📊 Failure Summary:
2026/07/31 11:34:20    Failed Phase: deployment
2026/07/31 11:34:20    Error: hxc213 writer 1 iter 284
2026/07/31 11:34:20    Duration: 1.399690585s
2026/07/31 11:34:20    Servers Deployed: 0
2026/07/31 11:34:20    Servers Deployed: 0
2026/07/31 11:34:20 🔄 Triggering automatic rollback...
2026/07/31 11:34:20 🔄 Rollback requested for 0 deployed server(s) (reason: hxc213 writer 2 iter 192)
2026/07/31 11:34:20 ❌ Rollback NOT completed: rollback NOT completed: real SSH rollback transport not wired (0/0 servers reverted)
2026/07/31 11:34:20 📢 Notification: rollback_not_completed - rollback NOT completed: real SSH rollback transport not wired (0/0 servers reverted)
2026/07/31 11:34:20 📢 Notification: deployment_failed - Production deployment failed: hxc213 writer 2 iter 192
2026/07/31 11:34:20 
❌ PRODUCTION DEPLOYMENT FAILED
2026/07/31 11:34:20 📊 Failure Summary:
2026/07/31 11:34:20    Failed Phase: deployment
2026/07/31 11:34:20    Error: hxc213 writer 2 iter 193
2026/07/31 11:34:20    Duration: 1.401809598s
2026/07/31 11:34:20    Servers Deployed: 0
2026/07/31 11:34:20 🔄 Triggering automatic rollback...
2026/07/31 11:34:20 🔄 Rollback requested for 0 deployed server(s) (reason: hxc213 writer 2 iter 193)
2026/07/31 11:34:20 ❌ Rollback NOT completed: rollback NOT completed: real SSH rollback transport not wired (0/0 servers reverted)
2026/07/31 11:34:20 📢 Notification: rollback_not_completed - rollback NOT completed: real SSH rollback transport not wired (0/0 servers reverted)
2026/07/31 11:34:20 📢 Notification: deployment_failed - Production deployment failed: hxc213 writer 2 iter 193
2026/07/31 11:34:20 
❌ PRODUCTION DEPLOYMENT FAILED
2026/07/31 11:34:20 📊 Failure Summary:
2026/07/31 11:34:20    Failed Phase: deployment
2026/07/31 11:34:20    Error: hxc213 writer 2 iter 194
2026/07/31 11:34:20    Duration: 1.401906464s
2026/07/31 11:34:20    Servers Deployed: 0
2026/07/31 11:34:20 🔄 Triggering automatic rollback...
2026/07/31 11:34:20 🔄 Rollback requested for 0 deployed server(s) (reason: hxc213 writer 2 iter 194)
2026/07/31 11:34:20 ❌ Rollback NOT completed: rollback NOT completed: real SSH rollback transport not wired (0/0 servers reverted)
2026/07/31 11:34:20 📢 Notification: rollback_not_completed - rollback NOT completed: real SSH rollback transport not wired (0/0 servers reverted)
2026/07/31 11:34:20 📢 Notification: deployment_failed - Production deployment failed: hxc213 writer 2 iter 194
2026/07/31 11:34:20 🔄 Rollback requested for 0 deployed server(s) (reason: hxc213 writer 0 iter 214)
2026/07/31 11:34:20 
❌ PRODUCTION DEPLOYMENT FAILED
2026/07/31 11:34:20 📊 Failure Summary:
2026/07/31 11:34:20 ❌ Rollback NOT completed: rollback NOT completed: real SSH rollback transport not wired (0/0 servers reverted)
2026/07/31 11:34:20    Failed Phase: deployment
2026/07/31 11:34:20    Error: hxc213 writer 2 iter 195
2026/07/31 11:34:20 📢 Notification: rollback_not_completed - rollback NOT completed: real SSH rollback transport not wired (0/0 servers reverted)
2026/07/31 11:34:20    Duration: 1.401997222s
2026/07/31 11:34:20    Servers Deployed: 0
2026/07/31 11:34:20 🔄 Triggering automatic rollback...
2026/07/31 11:34:20 🔄 Rollback requested for 0 deployed server(s) (reason: hxc213 writer 2 iter 195)
2026/07/31 11:34:20 ❌ Rollback NOT completed: rollback NOT completed: real SSH rollback transport not wired (0/0 servers reverted)
2026/07/31 11:34:20 📢 Notification: rollback_not_completed - rollback NOT completed: real SSH rollback transport not wired (0/0 servers reverted)
2026/07/31 11:34:20 📢 Notification: deployment_failed - Production deployment failed: hxc213 writer 0 iter 214
2026/07/31 11:34:20 🔄 Triggering automatic rollback...
2026/07/31 11:34:20 📢 Notification: deployment_failed - Production deployment failed: hxc213 writer 2 iter 195
2026/07/31 11:34:20 🔄 Rollback requested for 0 deployed server(s) (reason: hxc213 writer 1 iter 284)
2026/07/31 11:34:20 ❌ Rollback NOT completed: rollback NOT completed: real SSH rollback transport not wired (0/0 servers reverted)
2026/07/31 11:34:20 📢 Notification: rollback_not_completed - rollback NOT completed: real SSH rollback transport not wired (0/0 servers reverted)
2026/07/31 11:34:20 📢 Notification: deployment_failed - Production deployment failed: hxc213 writer 1 iter 284
2026/07/31 11:34:20 
❌ PRODUCTION DEPLOYMENT FAILED
2026/07/31 11:34:20 📊 Failure Summary:
2026/07/31 11:34:20    Failed Phase: deployment
2026/07/31 11:34:20    Error: hxc213 writer 2 iter 196
2026/07/31 11:34:20 
❌ PRODUCTION DEPLOYMENT FAILED
2026/07/31 11:34:20 📊 Failure Summary:
2026/07/31 11:34:20    Failed Phase: deployment
2026/07/31 11:34:20    Error: hxc213 writer 0 iter 215
2026/07/31 11:34:20    Duration: 1.402175221s
2026/07/31 11:34:20    Servers Deployed: 0
2026/07/31 11:34:20 🔄 Triggering automatic rollback...
2026/07/31 11:34:20 🔄 Rollback requested for 0 deployed server(s) (reason: hxc213 writer 0 iter 215)
2026/07/31 11:34:20 ❌ Rollback NOT completed: rollback NOT completed: real SSH rollback transport not wired (0/0 servers reverted)
2026/07/31 11:34:20 📢 Notification: rollback_not_completed - rollback NOT completed: real SSH rollback transport not wired (0/0 servers reverted)
2026/07/31 11:34:20 📢 Notification: deployment_failed - Production deployment failed: hxc213 writer 0 iter 215
2026/07/31 11:34:20 
❌ PRODUCTION DEPLOYMENT FAILED
2026/07/31 11:34:20    Duration: 1.40300172s
2026/07/31 11:34:20 📊 Failure Summary:
2026/07/31 11:34:20    Servers Deployed: 0
2026/07/31 11:34:20    Failed Phase: deployment
2026/07/31 11:34:20 🔄 Triggering automatic rollback...
2026/07/31 11:34:20    Error: hxc213 writer 0 iter 216
2026/07/31 11:34:20 🔄 Rollback requested for 0 deployed server(s) (reason: hxc213 writer 2 iter 196)
2026/07/31 11:34:20    Duration: 1.40300172s
2026/07/31 11:34:20 
❌ PRODUCTION DEPLOYMENT FAILED
2026/07/31 11:34:20    Servers Deployed: 0
2026/07/31 11:34:20 📊 Failure Summary:
2026/07/31 11:34:20 🔄 Triggering automatic rollback...
2026/07/31 11:34:20    Failed Phase: deployment
2026/07/31 11:34:20 ❌ Rollback NOT completed: rollback NOT completed: real SSH rollback transport not wired (0/0 servers reverted)
2026/07/31 11:34:20    Error: hxc213 writer 1 iter 285
2026/07/31 11:34:20 📢 Notification: rollback_not_completed - rollback NOT completed: real SSH rollback transport not wired (0/0 servers reverted)
2026/07/31 11:34:20    Duration: 1.40300172s
2026/07/31 11:34:20    Servers Deployed: 0
2026/07/31 11:34:20 🔄 Triggering automatic rollback...
2026/07/31 11:34:20 📢 Notification: deployment_failed - Production deployment failed: hxc213 writer 2 iter 196
2026/07/31 11:34:20 🔄 Rollback requested for 0 deployed server(s) (reason: hxc213 writer 0 iter 216)
2026/07/31 11:34:20 
❌ PRODUCTION DEPLOYMENT FAILED
2026/07/31 11:34:20 ❌ Rollback NOT completed: rollback NOT completed: real SSH rollback transport not wired (0/0 servers reverted)
2026/07/31 11:34:20 📢 Notification: rollback_not_completed - rollback NOT completed: real SSH rollback transport not wired (0/0 servers reverted)
2026/07/31 11:34:20 📢 Notification: deployment_failed - Production deployment failed: hxc213 writer 0 iter 216
2026/07/31 11:34:20 
❌ PRODUCTION DEPLOYMENT FAILED
2026/07/31 11:34:20 📊 Failure Summary:
2026/07/31 11:34:20    Failed Phase: deployment
2026/07/31 11:34:20    Error: hxc213 writer 0 iter 217
2026/07/31 11:34:20    Duration: 1.493046273s
2026/07/31 11:34:20    Servers Deployed: 0
2026/07/31 11:34:20 🔄 Triggering automatic rollback...
2026/07/31 11:34:20 🔄 Rollback requested for 0 deployed server(s) (reason: hxc213 writer 0 iter 217)
2026/07/31 11:34:20 ❌ Rollback NOT completed: rollback NOT completed: real SSH rollback transport not wired (0/0 servers reverted)
2026/07/31 11:34:20 📢 Notification: rollback_not_completed - rollback NOT completed: real SSH rollback transport not wired (0/0 servers reverted)
2026/07/31 11:34:20 📢 Notification: deployment_failed - Production deployment failed: hxc213 writer 0 iter 217
2026/07/31 11:34:20 🔄 Rollback requested for 0 deployed server(s) (reason: hxc213 writer 1 iter 285)
2026/07/31 11:34:20 ❌ Rollback NOT completed: rollback NOT completed: real SSH rollback transport not wired (0/0 servers reverted)
2026/07/31 11:34:20 📢 Notification: rollback_not_completed - rollback NOT completed: real SSH rollback transport not wired (0/0 servers reverted)
2026/07/31 11:34:20 📢 Notification: deployment_failed - Production deployment failed: hxc213 writer 1 iter 285
2026/07/31 11:34:20 📊 Failure Summary:
2026/07/31 11:34:20 
❌ PRODUCTION DEPLOYMENT FAILED
2026/07/31 11:34:20 📊 Failure Summary:
2026/07/31 11:34:20    Failed Phase: deployment
2026/07/31 11:34:20    Error: hxc213 writer 1 iter 286
2026/07/31 11:34:20    Duration: 1.493329541s
2026/07/31 11:34:20    Servers Deployed: 0
2026/07/31 11:34:20 🔄 Triggering automatic rollback...
2026/07/31 11:34:20 🔄 Rollback requested for 0 deployed server(s) (reason: hxc213 writer 1 iter 286)
2026/07/31 11:34:20 ❌ Rollback NOT completed: rollback NOT completed: real SSH rollback transport not wired (0/0 servers reverted)
2026/07/31 11:34:20 📢 Notification: rollback_not_completed - rollback NOT completed: real SSH rollback transport not wired (0/0 servers reverted)
2026/07/31 11:34:20 📢 Notification: deployment_failed - Production deployment failed: hxc213 writer 1 iter 286
2026/07/31 11:34:20 
❌ PRODUCTION DEPLOYMENT FAILED
2026/07/31 11:34:20    Failed Phase: deployment
2026/07/31 11:34:20 📊 Failure Summary:
2026/07/31 11:34:20    Failed Phase: deployment
2026/07/31 11:34:20    Error: hxc213 writer 2 iter 197
2026/07/31 11:34:20    Error: hxc213 writer 1 iter 287
2026/07/31 11:34:20    Duration: 1.494310204s
2026/07/31 11:34:20    Duration: 1.494310204s
2026/07/31 11:34:20    Servers Deployed: 0
2026/07/31 11:34:20 🔄 Triggering automatic rollback...
2026/07/31 11:34:20 🔄 Rollback requested for 0 deployed server(s) (reason: hxc213 writer 1 iter 287)
2026/07/31 11:34:20 ❌ Rollback NOT completed: rollback NOT completed: real SSH rollback transport not wired (0/0 servers reverted)
2026/07/31 11:34:20 📢 Notification: rollback_not_completed - rollback NOT completed: real SSH rollback transport not wired (0/0 servers reverted)
2026/07/31 11:34:20 📢 Notification: deployment_failed - Production deployment failed: hxc213 writer 1 iter 287
2026/07/31 11:34:20 
❌ PRODUCTION DEPLOYMENT FAILED
2026/07/31 11:34:20    Servers Deployed: 0
2026/07/31 11:34:20 🔄 Triggering automatic rollback...
2026/07/31 11:34:20 🔄 Rollback requested for 0 deployed server(s) (reason: hxc213 writer 2 iter 197)
2026/07/31 11:34:20 ❌ Rollback NOT completed: rollback NOT completed: real SSH rollback transport not wired (0/0 servers reverted)
2026/07/31 11:34:20 📢 Notification: rollback_not_completed - rollback NOT completed: real SSH rollback transport not wired (0/0 servers reverted)
2026/07/31 11:34:20 📢 Notification: deployment_failed - Production deployment failed: hxc213 writer 2 iter 197
2026/07/31 11:34:20 
❌ PRODUCTION DEPLOYMENT FAILED
2026/07/31 11:34:20 📊 Failure Summary:
2026/07/31 11:34:20    Failed Phase: deployment
2026/07/31 11:34:20    Error: hxc213 writer 0 iter 218
2026/07/31 11:34:20    Duration: 1.494427361s
2026/07/31 11:34:20    Servers Deployed: 0
2026/07/31 11:34:20 🔄 Triggering automatic rollback...
2026/07/31 11:34:20 🔄 Rollback requested for 0 deployed server(s) (reason: hxc213 writer 0 iter 218)
2026/07/31 11:34:20 ❌ Rollback NOT completed: rollback NOT completed: real SSH rollback transport not wired (0/0 servers reverted)
2026/07/31 11:34:20 📢 Notification: rollback_not_completed - rollback NOT completed: real SSH rollback transport not wired (0/0 servers reverted)
2026/07/31 11:34:20 📢 Notification: deployment_failed - Production deployment failed: hxc213 writer 0 iter 218
2026/07/31 11:34:20 📊 Failure Summary:
2026/07/31 11:34:20    Failed Phase: deployment
2026/07/31 11:34:20    Error: hxc213 writer 1 iter 288
2026/07/31 11:34:20    Duration: 1.494533571s
2026/07/31 11:34:20    Servers Deployed: 0
2026/07/31 11:34:20 🔄 Triggering automatic rollback...
2026/07/31 11:34:20 🔄 Rollback requested for 0 deployed server(s) (reason: hxc213 writer 1 iter 288)
2026/07/31 11:34:20 ❌ Rollback NOT completed: rollback NOT completed: real SSH rollback transport not wired (0/0 servers reverted)
2026/07/31 11:34:20 📢 Notification: rollback_not_completed - rollback NOT completed: real SSH rollback transport not wired (0/0 servers reverted)
2026/07/31 11:34:20 📢 Notification: deployment_failed - Production deployment failed: hxc213 writer 1 iter 288
2026/07/31 11:34:20 
❌ PRODUCTION DEPLOYMENT FAILED
2026/07/31 11:34:20 📊 Failure Summary:
2026/07/31 11:34:20    Failed Phase: deployment
2026/07/31 11:34:20    Error: hxc213 writer 1 iter 289
2026/07/31 11:34:20    Duration: 1.495004513s
2026/07/31 11:34:20    Servers Deployed: 0
2026/07/31 11:34:20 🔄 Triggering automatic rollback...
2026/07/31 11:34:20 🔄 Rollback requested for 0 deployed server(s) (reason: hxc213 writer 1 iter 289)
2026/07/31 11:34:20 ❌ Rollback NOT completed: rollback NOT completed: real SSH rollback transport not wired (0/0 servers reverted)
2026/07/31 11:34:20 📢 Notification: rollback_not_completed - rollback NOT completed: real SSH rollback transport not wired (0/0 servers reverted)
2026/07/31 11:34:20 📢 Notification: deployment_failed - Production deployment failed: hxc213 writer 1 iter 289
2026/07/31 11:34:20 
❌ PRODUCTION DEPLOYMENT FAILED
2026/07/31 11:34:20 📊 Failure Summary:
2026/07/31 11:34:20    Failed Phase: deployment
2026/07/31 11:34:20    Error: hxc213 writer 1 iter 290
2026/07/31 11:34:20    Duration: 1.495094049s
2026/07/31 11:34:20    Servers Deployed: 0
2026/07/31 11:34:20 🔄 Triggering automatic rollback...
2026/07/31 11:34:20 🔄 Rollback requested for 0 deployed server(s) (reason: hxc213 writer 1 iter 290)
2026/07/31 11:34:20 ❌ Rollback NOT completed: rollback NOT completed: real SSH rollback transport not wired (0/0 servers reverted)
2026/07/31 11:34:20 📢 Notification: rollback_not_completed - rollback NOT completed: real SSH rollback transport not wired (0/0 servers reverted)
2026/07/31 11:34:20 📢 Notification: deployment_failed - Production deployment failed: hxc213 writer 1 iter 290
2026/07/31 11:34:20 
❌ PRODUCTION DEPLOYMENT FAILED
2026/07/31 11:34:20 📊 Failure Summary:
2026/07/31 11:34:20    Failed Phase: deployment
2026/07/31 11:34:20    Error: hxc213 writer 2 iter 198
2026/07/31 11:34:20    Duration: 1.496167561s
2026/07/31 11:34:20    Servers Deployed: 0
2026/07/31 11:34:20 🔄 Triggering automatic rollback...
2026/07/31 11:34:20 
❌ PRODUCTION DEPLOYMENT FAILED
2026/07/31 11:34:20 📊 Failure Summary:
2026/07/31 11:34:20    Failed Phase: deployment
2026/07/31 11:34:20    Error: hxc213 writer 0 iter 219
2026/07/31 11:34:20    Duration: 1.496167561s
2026/07/31 11:34:20    Servers Deployed: 0
2026/07/31 11:34:20 🔄 Triggering automatic rollback...
2026/07/31 11:34:20 
❌ PRODUCTION DEPLOYMENT FAILED
2026/07/31 11:34:20 📊 Failure Summary:
2026/07/31 11:34:20    Failed Phase: deployment
2026/07/31 11:34:20    Error: hxc213 writer 1 iter 291
2026/07/31 11:34:20    Duration: 1.496167561s
2026/07/31 11:34:20    Servers Deployed: 0
2026/07/31 11:34:20 🔄 Triggering automatic rollback...
2026/07/31 11:34:20 🔄 Rollback requested for 0 deployed server(s) (reason: hxc213 writer 0 iter 219)
2026/07/31 11:34:20 ❌ Rollback NOT completed: rollback NOT completed: real SSH rollback transport not wired (0/0 servers reverted)
2026/07/31 11:34:20 📢 Notification: rollback_not_completed - rollback NOT completed: real SSH rollback transport not wired (0/0 servers reverted)
2026/07/31 11:34:20 📢 Notification: deployment_failed - Production deployment failed: hxc213 writer 0 iter 219
2026/07/31 11:34:20 
❌ PRODUCTION DEPLOYMENT FAILED
2026/07/31 11:34:20 📊 Failure Summary:
2026/07/31 11:34:20    Failed Phase: deployment
2026/07/31 11:34:20    Error: hxc213 writer 0 iter 220
2026/07/31 11:34:20    Duration: 1.498087694s
2026/07/31 11:34:20    Servers Deployed: 0
2026/07/31 11:34:20 🔄 Triggering automatic rollback...
2026/07/31 11:34:20 🔄 Rollback requested for 0 deployed server(s) (reason: hxc213 writer 2 iter 198)
2026/07/31 11:34:20 ❌ Rollback NOT completed: rollback NOT completed: real SSH rollback transport not wired (0/0 servers reverted)
2026/07/31 11:34:20 📢 Notification: rollback_not_completed - rollback NOT completed: real SSH rollback transport not wired (0/0 servers reverted)
2026/07/31 11:34:20 📢 Notification: deployment_failed - Production deployment failed: hxc213 writer 2 iter 198
2026/07/31 11:34:20 
❌ PRODUCTION DEPLOYMENT FAILED
2026/07/31 11:34:20 📊 Failure Summary:
2026/07/31 11:34:20    Failed Phase: deployment
2026/07/31 11:34:20    Error: hxc213 writer 2 iter 199
2026/07/31 11:34:20    Duration: 1.500957392s
2026/07/31 11:34:20    Servers Deployed: 0
2026/07/31 11:34:20 🔄 Triggering automatic rollback...
2026/07/31 11:34:20 🔄 Rollback requested for 0 deployed server(s) (reason: hxc213 writer 2 iter 199)
2026/07/31 11:34:20 ❌ Rollback NOT completed: rollback NOT completed: real SSH rollback transport not wired (0/0 servers reverted)
2026/07/31 11:34:20 📢 Notification: rollback_not_completed - rollback NOT completed: real SSH rollback transport not wired (0/0 servers reverted)
2026/07/31 11:34:20 📢 Notification: deployment_failed - Production deployment failed: hxc213 writer 2 iter 199
2026/07/31 11:34:20 
❌ PRODUCTION DEPLOYMENT FAILED
2026/07/31 11:34:20 📊 Failure Summary:
2026/07/31 11:34:20    Failed Phase: deployment
2026/07/31 11:34:20    Error: hxc213 writer 2 iter 200
2026/07/31 11:34:20    Duration: 1.501078054s
2026/07/31 11:34:20    Servers Deployed: 0
2026/07/31 11:34:20 🔄 Triggering automatic rollback...
2026/07/31 11:34:20 🔄 Rollback requested for 0 deployed server(s) (reason: hxc213 writer 2 iter 200)
2026/07/31 11:34:20 ❌ Rollback NOT completed: rollback NOT completed: real SSH rollback transport not wired (0/0 servers reverted)
2026/07/31 11:34:20 📢 Notification: rollback_not_completed - rollback NOT completed: real SSH rollback transport not wired (0/0 servers reverted)
2026/07/31 11:34:20 📢 Notification: deployment_failed - Production deployment failed: hxc213 writer 2 iter 200
2026/07/31 11:34:20 
❌ PRODUCTION DEPLOYMENT FAILED
2026/07/31 11:34:20 📊 Failure Summary:
2026/07/31 11:34:20    Failed Phase: deployment
2026/07/31 11:34:20    Error: hxc213 writer 2 iter 201
2026/07/31 11:34:20    Duration: 1.50116773s
2026/07/31 11:34:20    Servers Deployed: 0
2026/07/31 11:34:20 🔄 Triggering automatic rollback...
2026/07/31 11:34:20 🔄 Rollback requested for 0 deployed server(s) (reason: hxc213 writer 2 iter 201)
2026/07/31 11:34:20 ❌ Rollback NOT completed: rollback NOT completed: real SSH rollback transport not wired (0/0 servers reverted)
2026/07/31 11:34:20 📢 Notification: rollback_not_completed - rollback NOT completed: real SSH rollback transport not wired (0/0 servers reverted)
2026/07/31 11:34:20 📢 Notification: deployment_failed - Production deployment failed: hxc213 writer 2 iter 201
2026/07/31 11:34:20 🔄 Rollback requested for 0 deployed server(s) (reason: hxc213 writer 0 iter 220)
2026/07/31 11:34:20 ❌ Rollback NOT completed: rollback NOT completed: real SSH rollback transport not wired (0/0 servers reverted)
2026/07/31 11:34:20 📢 Notification: rollback_not_completed - rollback NOT completed: real SSH rollback transport not wired (0/0 servers reverted)
2026/07/31 11:34:20 📢 Notification: deployment_failed - Production deployment failed: hxc213 writer 0 iter 220
2026/07/31 11:34:20 
❌ PRODUCTION DEPLOYMENT FAILED
2026/07/31 11:34:20 📊 Failure Summary:
2026/07/31 11:34:20    Failed Phase: deployment
2026/07/31 11:34:20    Error: hxc213 writer 2 iter 202
2026/07/31 11:34:20    Duration: 1.502703261s
2026/07/31 11:34:20    Servers Deployed: 0
2026/07/31 11:34:20 🔄 Triggering automatic rollback...
2026/07/31 11:34:20 🔄 Rollback requested for 0 deployed server(s) (reason: hxc213 writer 2 iter 202)
2026/07/31 11:34:20 ❌ Rollback NOT completed: rollback NOT completed: real SSH rollback transport not wired (0/0 servers reverted)
2026/07/31 11:34:20 📢 Notification: rollback_not_completed - rollback NOT completed: real SSH rollback transport not wired (0/0 servers reverted)
2026/07/31 11:34:20 📢 Notification: deployment_failed - Production deployment failed: hxc213 writer 2 iter 202
2026/07/31 11:34:20 
❌ PRODUCTION DEPLOYMENT FAILED
2026/07/31 11:34:20 📊 Failure Summary:
2026/07/31 11:34:20    Failed Phase: deployment
2026/07/31 11:34:20    Error: hxc213 writer 2 iter 203
2026/07/31 11:34:20    Duration: 1.505598868s
2026/07/31 11:34:20    Servers Deployed: 0
2026/07/31 11:34:20 🔄 Triggering automatic rollback...
2026/07/31 11:34:20 🔄 Rollback requested for 0 deployed server(s) (reason: hxc213 writer 2 iter 203)
2026/07/31 11:34:20 ❌ Rollback NOT completed: rollback NOT completed: real SSH rollback transport not wired (0/0 servers reverted)
2026/07/31 11:34:20 📢 Notification: rollback_not_completed - rollback NOT completed: real SSH rollback transport not wired (0/0 servers reverted)
2026/07/31 11:34:20 📢 Notification: deployment_failed - Production deployment failed: hxc213 writer 2 iter 203
2026/07/31 11:34:20 
❌ PRODUCTION DEPLOYMENT FAILED
2026/07/31 11:34:20 📊 Failure Summary:
2026/07/31 11:34:20    Failed Phase: deployment
2026/07/31 11:34:20    Error: hxc213 writer 2 iter 204
2026/07/31 11:34:20    Duration: 1.505681964s
2026/07/31 11:34:20    Servers Deployed: 0
2026/07/31 11:34:20 🔄 Triggering automatic rollback...
2026/07/31 11:34:20 🔄 Rollback requested for 0 deployed server(s) (reason: hxc213 writer 2 iter 204)
2026/07/31 11:34:20 ❌ Rollback NOT completed: rollback NOT completed: real SSH rollback transport not wired (0/0 servers reverted)
2026/07/31 11:34:20 📢 Notification: rollback_not_completed - rollback NOT completed: real SSH rollback transport not wired (0/0 servers reverted)
2026/07/31 11:34:20 📢 Notification: deployment_failed - Production deployment failed: hxc213 writer 2 iter 204
2026/07/31 11:34:20 
❌ PRODUCTION DEPLOYMENT FAILED
2026/07/31 11:34:20 📊 Failure Summary:
2026/07/31 11:34:20    Failed Phase: deployment
2026/07/31 11:34:20    Error: hxc213 writer 2 iter 205
2026/07/31 11:34:20    Duration: 1.505748855s
2026/07/31 11:34:20    Servers Deployed: 0
2026/07/31 11:34:20 🔄 Triggering automatic rollback...
2026/07/31 11:34:20 🔄 Rollback requested for 0 deployed server(s) (reason: hxc213 writer 2 iter 205)
2026/07/31 11:34:20 ❌ Rollback NOT completed: rollback NOT completed: real SSH rollback transport not wired (0/0 servers reverted)
2026/07/31 11:34:20 📢 Notification: rollback_not_completed - rollback NOT completed: real SSH rollback transport not wired (0/0 servers reverted)
2026/07/31 11:34:20 📢 Notification: deployment_failed - Production deployment failed: hxc213 writer 2 iter 205
2026/07/31 11:34:20 
❌ PRODUCTION DEPLOYMENT FAILED
2026/07/31 11:34:20 📊 Failure Summary:
2026/07/31 11:34:20    Failed Phase: deployment
2026/07/31 11:34:20    Error: hxc213 writer 2 iter 206
2026/07/31 11:34:20    Duration: 1.505821976s
2026/07/31 11:34:20    Servers Deployed: 0
2026/07/31 11:34:20 🔄 Triggering automatic rollback...
2026/07/31 11:34:20 🔄 Rollback requested for 0 deployed server(s) (reason: hxc213 writer 2 iter 206)
2026/07/31 11:34:20 ❌ Rollback NOT completed: rollback NOT completed: real SSH rollback transport not wired (0/0 servers reverted)
2026/07/31 11:34:20 📢 Notification: rollback_not_completed - rollback NOT completed: real SSH rollback transport not wired (0/0 servers reverted)
2026/07/31 11:34:20 📢 Notification: deployment_failed - Production deployment failed: hxc213 writer 2 iter 206
2026/07/31 11:34:20 
❌ PRODUCTION DEPLOYMENT FAILED
2026/07/31 11:34:20 📊 Failure Summary:
2026/07/31 11:34:20    Failed Phase: deployment
2026/07/31 11:34:20    Error: hxc213 writer 2 iter 207
2026/07/31 11:34:20    Duration: 1.505895948s
2026/07/31 11:34:20    Servers Deployed: 0
2026/07/31 11:34:20 🔄 Triggering automatic rollback...
2026/07/31 11:34:20 🔄 Rollback requested for 0 deployed server(s) (reason: hxc213 writer 2 iter 207)
2026/07/31 11:34:20 ❌ Rollback NOT completed: rollback NOT completed: real SSH rollback transport not wired (0/0 servers reverted)
2026/07/31 11:34:20 📢 Notification: rollback_not_completed - rollback NOT completed: real SSH rollback transport not wired (0/0 servers reverted)
2026/07/31 11:34:20 📢 Notification: deployment_failed - Production deployment failed: hxc213 writer 2 iter 207
2026/07/31 11:34:20 
❌ PRODUCTION DEPLOYMENT FAILED
2026/07/31 11:34:20 📊 Failure Summary:
2026/07/31 11:34:20    Failed Phase: deployment
2026/07/31 11:34:20    Error: hxc213 writer 2 iter 208
2026/07/31 11:34:20    Duration: 1.505972463s
2026/07/31 11:34:20    Servers Deployed: 0
2026/07/31 11:34:20 🔄 Triggering automatic rollback...
2026/07/31 11:34:20 🔄 Rollback requested for 0 deployed server(s) (reason: hxc213 writer 2 iter 208)
2026/07/31 11:34:20 ❌ Rollback NOT completed: rollback NOT completed: real SSH rollback transport not wired (0/0 servers reverted)
2026/07/31 11:34:20 📢 Notification: rollback_not_completed - rollback NOT completed: real SSH rollback transport not wired (0/0 servers reverted)
2026/07/31 11:34:20 📢 Notification: deployment_failed - Production deployment failed: hxc213 writer 2 iter 208
2026/07/31 11:34:20 
❌ PRODUCTION DEPLOYMENT FAILED
2026/07/31 11:34:20 📊 Failure Summary:
2026/07/31 11:34:20    Failed Phase: deployment
2026/07/31 11:34:20    Error: hxc213 writer 2 iter 209
2026/07/31 11:34:20    Duration: 1.506032905s
2026/07/31 11:34:20    Servers Deployed: 0
2026/07/31 11:34:20 🔄 Triggering automatic rollback...
2026/07/31 11:34:20 🔄 Rollback requested for 0 deployed server(s) (reason: hxc213 writer 2 iter 209)
2026/07/31 11:34:20 ❌ Rollback NOT completed: rollback NOT completed: real SSH rollback transport not wired (0/0 servers reverted)
2026/07/31 11:34:20 📢 Notification: rollback_not_completed - rollback NOT completed: real SSH rollback transport not wired (0/0 servers reverted)
2026/07/31 11:34:20 📢 Notification: deployment_failed - Production deployment failed: hxc213 writer 2 iter 209
2026/07/31 11:34:20 
❌ PRODUCTION DEPLOYMENT FAILED
2026/07/31 11:34:20 📊 Failure Summary:
2026/07/31 11:34:20    Failed Phase: deployment
2026/07/31 11:34:20    Error: hxc213 writer 2 iter 210
2026/07/31 11:34:20    Duration: 1.506097492s
2026/07/31 11:34:20    Servers Deployed: 0
2026/07/31 11:34:20 🔄 Triggering automatic rollback...
2026/07/31 11:34:20 🔄 Rollback requested for 0 deployed server(s) (reason: hxc213 writer 2 iter 210)
2026/07/31 11:34:20 ❌ Rollback NOT completed: rollback NOT completed: real SSH rollback transport not wired (0/0 servers reverted)
2026/07/31 11:34:20 📢 Notification: rollback_not_completed - rollback NOT completed: real SSH rollback transport not wired (0/0 servers reverted)
2026/07/31 11:34:20 📢 Notification: deployment_failed - Production deployment failed: hxc213 writer 2 iter 210
2026/07/31 11:34:20 
❌ PRODUCTION DEPLOYMENT FAILED
2026/07/31 11:34:20 📊 Failure Summary:
2026/07/31 11:34:20    Failed Phase: deployment
2026/07/31 11:34:20    Error: hxc213 writer 2 iter 211
2026/07/31 11:34:20    Duration: 1.506156381s
2026/07/31 11:34:20    Servers Deployed: 0
2026/07/31 11:34:20 🔄 Triggering automatic rollback...
2026/07/31 11:34:20 🔄 Rollback requested for 0 deployed server(s) (reason: hxc213 writer 2 iter 211)
2026/07/31 11:34:20 🔄 Rollback requested for 0 deployed server(s) (reason: hxc213 writer 1 iter 291)
2026/07/31 11:34:20 ❌ Rollback NOT completed: rollback NOT completed: real SSH rollback transport not wired (0/0 servers reverted)
2026/07/31 11:34:20 📢 Notification: rollback_not_completed - rollback NOT completed: real SSH rollback transport not wired (0/0 servers reverted)
2026/07/31 11:34:20 ❌ Rollback NOT completed: rollback NOT completed: real SSH rollback transport not wired (0/0 servers reverted)
2026/07/31 11:34:20 📢 Notification: deployment_failed - Production deployment failed: hxc213 writer 2 iter 211
2026/07/31 11:34:20 📢 Notification: rollback_not_completed - rollback NOT completed: real SSH rollback transport not wired (0/0 servers reverted)
2026/07/31 11:34:20 
❌ PRODUCTION DEPLOYMENT FAILED
2026/07/31 11:34:20 📊 Failure Summary:
2026/07/31 11:34:20 📢 Notification: deployment_failed - Production deployment failed: hxc213 writer 1 iter 291
2026/07/31 11:34:20    Failed Phase: deployment
2026/07/31 11:34:20 
❌ PRODUCTION DEPLOYMENT FAILED
2026/07/31 11:34:20    Error: hxc213 writer 2 iter 212
2026/07/31 11:34:20 📊 Failure Summary:
2026/07/31 11:34:20    Duration: 1.594129192s
2026/07/31 11:34:20    Failed Phase: deployment
2026/07/31 11:34:20    Servers Deployed: 0
2026/07/31 11:34:20    Error: hxc213 writer 1 iter 292
2026/07/31 11:34:20 🔄 Triggering automatic rollback...
2026/07/31 11:34:20    Duration: 1.594129192s
2026/07/31 11:34:20 🔄 Rollback requested for 0 deployed server(s) (reason: hxc213 writer 2 iter 212)
2026/07/31 11:34:20    Servers Deployed: 0
2026/07/31 11:34:20 ❌ Rollback NOT completed: rollback NOT completed: real SSH rollback transport not wired (0/0 servers reverted)
2026/07/31 11:34:20 🔄 Triggering automatic rollback...
2026/07/31 11:34:20 📢 Notification: rollback_not_completed - rollback NOT completed: real SSH rollback transport not wired (0/0 servers reverted)
2026/07/31 11:34:20 🔄 Rollback requested for 0 deployed server(s) (reason: hxc213 writer 1 iter 292)
2026/07/31 11:34:20 📢 Notification: deployment_failed - Production deployment failed: hxc213 writer 2 iter 212
2026/07/31 11:34:20 ❌ Rollback NOT completed: rollback NOT completed: real SSH rollback transport not wired (0/0 servers reverted)
2026/07/31 11:34:20 📢 Notification: rollback_not_completed - rollback NOT completed: real SSH rollback transport not wired (0/0 servers reverted)
2026/07/31 11:34:20 
❌ PRODUCTION DEPLOYMENT FAILED
2026/07/31 11:34:20 📢 Notification: deployment_failed - Production deployment failed: hxc213 writer 1 iter 292
2026/07/31 11:34:20 📊 Failure Summary:
2026/07/31 11:34:20 
❌ PRODUCTION DEPLOYMENT FAILED
2026/07/31 11:34:20    Failed Phase: deployment
2026/07/31 11:34:20 📊 Failure Summary:
2026/07/31 11:34:20    Error: hxc213 writer 2 iter 213
2026/07/31 11:34:20    Failed Phase: deployment
2026/07/31 11:34:20    Error: hxc213 writer 1 iter 293
2026/07/31 11:34:20    Duration: 1.594228001s
2026/07/31 11:34:20    Servers Deployed: 0
2026/07/31 11:34:20 🔄 Triggering automatic rollback...
2026/07/31 11:34:20 🔄 Rollback requested for 0 deployed server(s) (reason: hxc213 writer 1 iter 293)
2026/07/31 11:34:20 ❌ Rollback NOT completed: rollback NOT completed: real SSH rollback transport not wired (0/0 servers reverted)
2026/07/31 11:34:20    Duration: 1.594228001s
2026/07/31 11:34:20 📢 Notification: rollback_not_completed - rollback NOT completed: real SSH rollback transport not wired (0/0 servers reverted)
2026/07/31 11:34:20    Servers Deployed: 0
2026/07/31 11:34:20 📢 Notification: deployment_failed - Production deployment failed: hxc213 writer 1 iter 293
2026/07/31 11:34:20 🔄 Triggering automatic rollback...
2026/07/31 11:34:20 🔄 Rollback requested for 0 deployed server(s) (reason: hxc213 writer 2 iter 213)
2026/07/31 11:34:20 ❌ Rollback NOT completed: rollback NOT completed: real SSH rollback transport not wired (0/0 servers reverted)
2026/07/31 11:34:20 📢 Notification: rollback_not_completed - rollback NOT completed: real SSH rollback transport not wired (0/0 servers reverted)
2026/07/31 11:34:20 📢 Notification: deployment_failed - Production deployment failed: hxc213 writer 2 iter 213
2026/07/31 11:34:20 
❌ PRODUCTION DEPLOYMENT FAILED
2026/07/31 11:34:20 📊 Failure Summary:
2026/07/31 11:34:20    Failed Phase: deployment
2026/07/31 11:34:20    Error: hxc213 writer 2 iter 214
2026/07/31 11:34:20    Duration: 1.594638602s
2026/07/31 11:34:20    Servers Deployed: 0
2026/07/31 11:34:20 🔄 Triggering automatic rollback...
2026/07/31 11:34:20 🔄 Rollback requested for 0 deployed server(s) (reason: hxc213 writer 2 iter 214)
2026/07/31 11:34:20 ❌ Rollback NOT completed: rollback NOT completed: real SSH rollback transport not wired (0/0 servers reverted)
2026/07/31 11:34:20 📢 Notification: rollback_not_completed - rollback NOT completed: real SSH rollback transport not wired (0/0 servers reverted)
2026/07/31 11:34:20 📢 Notification: deployment_failed - Production deployment failed: hxc213 writer 2 iter 214
2026/07/31 11:34:20 
❌ PRODUCTION DEPLOYMENT FAILED
2026/07/31 11:34:20 📊 Failure Summary:
2026/07/31 11:34:20    Failed Phase: deployment
2026/07/31 11:34:20    Error: hxc213 writer 2 iter 215
2026/07/31 11:34:20    Duration: 1.595525412s
2026/07/31 11:34:20    Servers Deployed: 0
2026/07/31 11:34:20 🔄 Triggering automatic rollback...
2026/07/31 11:34:20 🔄 Rollback requested for 0 deployed server(s) (reason: hxc213 writer 2 iter 215)
2026/07/31 11:34:20 ❌ Rollback NOT completed: rollback NOT completed: real SSH rollback transport not wired (0/0 servers reverted)
2026/07/31 11:34:20 📢 Notification: rollback_not_completed - rollback NOT completed: real SSH rollback transport not wired (0/0 servers reverted)
2026/07/31 11:34:20 📢 Notification: deployment_failed - Production deployment failed: hxc213 writer 2 iter 215
2026/07/31 11:34:20 
❌ PRODUCTION DEPLOYMENT FAILED
2026/07/31 11:34:20 📊 Failure Summary:
2026/07/31 11:34:20    Failed Phase: deployment
2026/07/31 11:34:20    Error: hxc213 writer 2 iter 216
2026/07/31 11:34:20    Duration: 1.595616931s
2026/07/31 11:34:20    Servers Deployed: 0
2026/07/31 11:34:20 🔄 Triggering automatic rollback...
2026/07/31 11:34:20 
❌ PRODUCTION DEPLOYMENT FAILED
2026/07/31 11:34:20 📊 Failure Summary:
2026/07/31 11:34:20    Failed Phase: deployment
2026/07/31 11:34:20    Error: hxc213 writer 0 iter 221
2026/07/31 11:34:20    Duration: 1.502949834s
2026/07/31 11:34:20    Servers Deployed: 0
2026/07/31 11:34:20 🔄 Triggering automatic rollback...
2026/07/31 11:34:20 🔄 Rollback requested for 0 deployed server(s) (reason: hxc213 writer 0 iter 221)
2026/07/31 11:34:20 ❌ Rollback NOT completed: rollback NOT completed: real SSH rollback transport not wired (0/0 servers reverted)
2026/07/31 11:34:20 📢 Notification: rollback_not_completed - rollback NOT completed: real SSH rollback transport not wired (0/0 servers reverted)
2026/07/31 11:34:20 📢 Notification: deployment_failed - Production deployment failed: hxc213 writer 0 iter 221
2026/07/31 11:34:20 
❌ PRODUCTION DEPLOYMENT FAILED
2026/07/31 11:34:20 📊 Failure Summary:
2026/07/31 11:34:20    Failed Phase: deployment
2026/07/31 11:34:20    Error: hxc213 writer 0 iter 222
2026/07/31 11:34:20    Duration: 1.59867253s
2026/07/31 11:34:20    Servers Deployed: 0
2026/07/31 11:34:20 🔄 Triggering automatic rollback...
2026/07/31 11:34:20 🔄 Rollback requested for 0 deployed server(s) (reason: hxc213 writer 0 iter 222)
2026/07/31 11:34:20 ❌ Rollback NOT completed: rollback NOT completed: real SSH rollback transport not wired (0/0 servers reverted)
2026/07/31 11:34:20 📢 Notification: rollback_not_completed - rollback NOT completed: real SSH rollback transport not wired (0/0 servers reverted)
2026/07/31 11:34:20 📢 Notification: deployment_failed - Production deployment failed: hxc213 writer 0 iter 222
2026/07/31 11:34:20 
❌ PRODUCTION DEPLOYMENT FAILED
2026/07/31 11:34:20 📊 Failure Summary:
2026/07/31 11:34:20    Failed Phase: deployment
2026/07/31 11:34:20    Error: hxc213 writer 0 iter 223
2026/07/31 11:34:20    Duration: 1.598796988s
2026/07/31 11:34:20    Servers Deployed: 0
2026/07/31 11:34:20 🔄 Triggering automatic rollback...
2026/07/31 11:34:20 🔄 Rollback requested for 0 deployed server(s) (reason: hxc213 writer 0 iter 223)
2026/07/31 11:34:20 ❌ Rollback NOT completed: rollback NOT completed: real SSH rollback transport not wired (0/0 servers reverted)
2026/07/31 11:34:20 📢 Notification: rollback_not_completed - rollback NOT completed: real SSH rollback transport not wired (0/0 servers reverted)
2026/07/31 11:34:20 📢 Notification: deployment_failed - Production deployment failed: hxc213 writer 0 iter 223
2026/07/31 11:34:20 
❌ PRODUCTION DEPLOYMENT FAILED
2026/07/31 11:34:20 📊 Failure Summary:
2026/07/31 11:34:20    Failed Phase: deployment
2026/07/31 11:34:20    Error: hxc213 writer 0 iter 224
2026/07/31 11:34:20    Duration: 1.598898472s
2026/07/31 11:34:20    Servers Deployed: 0
2026/07/31 11:34:20 🔄 Triggering automatic rollback...
2026/07/31 11:34:20 🔄 Rollback requested for 0 deployed server(s) (reason: hxc213 writer 0 iter 224)
2026/07/31 11:34:20 ❌ Rollback NOT completed: rollback NOT completed: real SSH rollback transport not wired (0/0 servers reverted)
2026/07/31 11:34:20 📢 Notification: rollback_not_completed - rollback NOT completed: real SSH rollback transport not wired (0/0 servers reverted)
2026/07/31 11:34:20 📢 Notification: deployment_failed - Production deployment failed: hxc213 writer 0 iter 224
2026/07/31 11:34:20 
❌ PRODUCTION DEPLOYMENT FAILED
2026/07/31 11:34:20 📊 Failure Summary:
2026/07/31 11:34:20    Failed Phase: deployment
2026/07/31 11:34:20    Error: hxc213 writer 0 iter 225
2026/07/31 11:34:20    Duration: 1.598984341s
2026/07/31 11:34:20    Servers Deployed: 0
2026/07/31 11:34:20 🔄 Triggering automatic rollback...
2026/07/31 11:34:20 🔄 Rollback requested for 0 deployed server(s) (reason: hxc213 writer 0 iter 225)
2026/07/31 11:34:20 ❌ Rollback NOT completed: rollback NOT completed: real SSH rollback transport not wired (0/0 servers reverted)
2026/07/31 11:34:20 📢 Notification: rollback_not_completed - rollback NOT completed: real SSH rollback transport not wired (0/0 servers reverted)
2026/07/31 11:34:20 📢 Notification: deployment_failed - Production deployment failed: hxc213 writer 0 iter 225
2026/07/31 11:34:20 
❌ PRODUCTION DEPLOYMENT FAILED
2026/07/31 11:34:20 📊 Failure Summary:
2026/07/31 11:34:20    Failed Phase: deployment
2026/07/31 11:34:20    Error: hxc213 writer 0 iter 226
2026/07/31 11:34:20    Duration: 1.599071213s
2026/07/31 11:34:20    Servers Deployed: 0
2026/07/31 11:34:20 🔄 Triggering automatic rollback...
2026/07/31 11:34:20 🔄 Rollback requested for 0 deployed server(s) (reason: hxc213 writer 0 iter 226)
2026/07/31 11:34:20 ❌ Rollback NOT completed: rollback NOT completed: real SSH rollback transport not wired (0/0 servers reverted)
2026/07/31 11:34:20 📢 Notification: rollback_not_completed - rollback NOT completed: real SSH rollback transport not wired (0/0 servers reverted)
2026/07/31 11:34:20 📢 Notification: deployment_failed - Production deployment failed: hxc213 writer 0 iter 226
2026/07/31 11:34:20 
❌ PRODUCTION DEPLOYMENT FAILED
2026/07/31 11:34:20 📊 Failure Summary:
2026/07/31 11:34:20    Failed Phase: deployment
2026/07/31 11:34:20    Error: hxc213 writer 0 iter 227
2026/07/31 11:34:20    Duration: 1.599174629s
2026/07/31 11:34:20    Servers Deployed: 0
2026/07/31 11:34:20 🔄 Triggering automatic rollback...
2026/07/31 11:34:20 🔄 Rollback requested for 0 deployed server(s) (reason: hxc213 writer 0 iter 227)
2026/07/31 11:34:20 ❌ Rollback NOT completed: rollback NOT completed: real SSH rollback transport not wired (0/0 servers reverted)
2026/07/31 11:34:20 📢 Notification: rollback_not_completed - rollback NOT completed: real SSH rollback transport not wired (0/0 servers reverted)
2026/07/31 11:34:20 📢 Notification: deployment_failed - Production deployment failed: hxc213 writer 0 iter 227
2026/07/31 11:34:20 
❌ PRODUCTION DEPLOYMENT FAILED
2026/07/31 11:34:20 📊 Failure Summary:
2026/07/31 11:34:20    Failed Phase: deployment
2026/07/31 11:34:20    Error: hxc213 writer 0 iter 228
2026/07/31 11:34:20    Duration: 1.599264335s
2026/07/31 11:34:20    Servers Deployed: 0
2026/07/31 11:34:20 🔄 Triggering automatic rollback...
2026/07/31 11:34:20 🔄 Rollback requested for 0 deployed server(s) (reason: hxc213 writer 0 iter 228)
2026/07/31 11:34:20 ❌ Rollback NOT completed: rollback NOT completed: real SSH rollback transport not wired (0/0 servers reverted)
2026/07/31 11:34:20 📢 Notification: rollback_not_completed - rollback NOT completed: real SSH rollback transport not wired (0/0 servers reverted)
2026/07/31 11:34:20 📢 Notification: deployment_failed - Production deployment failed: hxc213 writer 0 iter 228
2026/07/31 11:34:20 
❌ PRODUCTION DEPLOYMENT FAILED
2026/07/31 11:34:20 📊 Failure Summary:
2026/07/31 11:34:20    Failed Phase: deployment
2026/07/31 11:34:20    Error: hxc213 writer 0 iter 229
2026/07/31 11:34:20    Duration: 1.599386119s
2026/07/31 11:34:20    Servers Deployed: 0
2026/07/31 11:34:20 🔄 Triggering automatic rollback...
2026/07/31 11:34:20 🔄 Rollback requested for 0 deployed server(s) (reason: hxc213 writer 0 iter 229)
2026/07/31 11:34:20 ❌ Rollback NOT completed: rollback NOT completed: real SSH rollback transport not wired (0/0 servers reverted)
2026/07/31 11:34:20 🔄 Rollback requested for 0 deployed server(s) (reason: hxc213 writer 2 iter 216)
2026/07/31 11:34:20 ❌ Rollback NOT completed: rollback NOT completed: real SSH rollback transport not wired (0/0 servers reverted)
2026/07/31 11:34:20 📢 Notification: rollback_not_completed - rollback NOT completed: real SSH rollback transport not wired (0/0 servers reverted)
2026/07/31 11:34:20 📢 Notification: deployment_failed - Production deployment failed: hxc213 writer 2 iter 216
2026/07/31 11:34:20 
❌ PRODUCTION DEPLOYMENT FAILED
2026/07/31 11:34:20 📊 Failure Summary:
2026/07/31 11:34:20    Failed Phase: deployment
2026/07/31 11:34:20    Error: hxc213 writer 2 iter 217
2026/07/31 11:34:20    Duration: 1.599602136s
2026/07/31 11:34:20    Servers Deployed: 0
2026/07/31 11:34:20 🔄 Triggering automatic rollback...
2026/07/31 11:34:20 🔄 Rollback requested for 0 deployed server(s) (reason: hxc213 writer 2 iter 217)
2026/07/31 11:34:20 ❌ Rollback NOT completed: rollback NOT completed: real SSH rollback transport not wired (0/0 servers reverted)
2026/07/31 11:34:20 📢 Notification: rollback_not_completed - rollback NOT completed: real SSH rollback transport not wired (0/0 servers reverted)
2026/07/31 11:34:20 📢 Notification: deployment_failed - Production deployment failed: hxc213 writer 2 iter 217
2026/07/31 11:34:20 
❌ PRODUCTION DEPLOYMENT FAILED
2026/07/31 11:34:20 📊 Failure Summary:
2026/07/31 11:34:20    Failed Phase: deployment
2026/07/31 11:34:20    Error: hxc213 writer 2 iter 218
2026/07/31 11:34:20    Duration: 1.599694685s
2026/07/31 11:34:20    Servers Deployed: 0
2026/07/31 11:34:20 🔄 Triggering automatic rollback...
2026/07/31 11:34:20 🔄 Rollback requested for 0 deployed server(s) (reason: hxc213 writer 2 iter 218)
2026/07/31 11:34:20 ❌ Rollback NOT completed: rollback NOT completed: real SSH rollback transport not wired (0/0 servers reverted)
2026/07/31 11:34:20 📢 Notification: rollback_not_completed - rollback NOT completed: real SSH rollback transport not wired (0/0 servers reverted)
2026/07/31 11:34:20 📢 Notification: deployment_failed - Production deployment failed: hxc213 writer 2 iter 218
2026/07/31 11:34:20 
❌ PRODUCTION DEPLOYMENT FAILED
2026/07/31 11:34:20 📊 Failure Summary:
2026/07/31 11:34:20    Failed Phase: deployment
2026/07/31 11:34:20    Error: hxc213 writer 2 iter 219
2026/07/31 11:34:20    Duration: 1.599789298s
2026/07/31 11:34:20    Servers Deployed: 0
2026/07/31 11:34:20 🔄 Triggering automatic rollback...
2026/07/31 11:34:20 🔄 Rollback requested for 0 deployed server(s) (reason: hxc213 writer 2 iter 219)
2026/07/31 11:34:20 ❌ Rollback NOT completed: rollback NOT completed: real SSH rollback transport not wired (0/0 servers reverted)
2026/07/31 11:34:20 📢 Notification: rollback_not_completed - rollback NOT completed: real SSH rollback transport not wired (0/0 servers reverted)
2026/07/31 11:34:20 📢 Notification: deployment_failed - Production deployment failed: hxc213 writer 2 iter 219
2026/07/31 11:34:20 
❌ PRODUCTION DEPLOYMENT FAILED
2026/07/31 11:34:20 📊 Failure Summary:
2026/07/31 11:34:20    Failed Phase: deployment
2026/07/31 11:34:20    Error: hxc213 writer 2 iter 220
2026/07/31 11:34:20    Duration: 1.59990256s
2026/07/31 11:34:20    Servers Deployed: 0
2026/07/31 11:34:20 🔄 Triggering automatic rollback...
2026/07/31 11:34:20 🔄 Rollback requested for 0 deployed server(s) (reason: hxc213 writer 2 iter 220)
2026/07/31 11:34:20 ❌ Rollback NOT completed: rollback NOT completed: real SSH rollback transport not wired (0/0 servers reverted)
2026/07/31 11:34:20 📢 Notification: rollback_not_completed - rollback NOT completed: real SSH rollback transport not wired (0/0 servers reverted)
2026/07/31 11:34:20 📢 Notification: deployment_failed - Production deployment failed: hxc213 writer 2 iter 220
2026/07/31 11:34:20 
❌ PRODUCTION DEPLOYMENT FAILED
2026/07/31 11:34:20 📊 Failure Summary:
2026/07/31 11:34:20    Failed Phase: deployment
2026/07/31 11:34:20    Error: hxc213 writer 2 iter 221
2026/07/31 11:34:20    Duration: 1.60000187s
2026/07/31 11:34:20    Servers Deployed: 0
2026/07/31 11:34:20 🔄 Triggering automatic rollback...
2026/07/31 11:34:20 🔄 Rollback requested for 0 deployed server(s) (reason: hxc213 writer 2 iter 221)
2026/07/31 11:34:20 ❌ Rollback NOT completed: rollback NOT completed: real SSH rollback transport not wired (0/0 servers reverted)
2026/07/31 11:34:20 📢 Notification: rollback_not_completed - rollback NOT completed: real SSH rollback transport not wired (0/0 servers reverted)
2026/07/31 11:34:20 📢 Notification: deployment_failed - Production deployment failed: hxc213 writer 2 iter 221
2026/07/31 11:34:20 
❌ PRODUCTION DEPLOYMENT FAILED
2026/07/31 11:34:20 📊 Failure Summary:
2026/07/31 11:34:20    Failed Phase: deployment
2026/07/31 11:34:20    Error: hxc213 writer 2 iter 222
2026/07/31 11:34:20    Duration: 1.600098446s
2026/07/31 11:34:20    Servers Deployed: 0
2026/07/31 11:34:20 🔄 Triggering automatic rollback...
2026/07/31 11:34:20 🔄 Rollback requested for 0 deployed server(s) (reason: hxc213 writer 2 iter 222)
2026/07/31 11:34:20 ❌ Rollback NOT completed: rollback NOT completed: real SSH rollback transport not wired (0/0 servers reverted)
2026/07/31 11:34:20 📢 Notification: rollback_not_completed - rollback NOT completed: real SSH rollback transport not wired (0/0 servers reverted)
2026/07/31 11:34:20 📢 Notification: deployment_failed - Production deployment failed: hxc213 writer 2 iter 222
2026/07/31 11:34:20 
❌ PRODUCTION DEPLOYMENT FAILED
2026/07/31 11:34:20 📊 Failure Summary:
2026/07/31 11:34:20    Failed Phase: deployment
2026/07/31 11:34:20    Error: hxc213 writer 2 iter 223
2026/07/31 11:34:20    Duration: 1.600205898s
2026/07/31 11:34:20    Servers Deployed: 0
2026/07/31 11:34:20 🔄 Triggering automatic rollback...
2026/07/31 11:34:20 🔄 Rollback requested for 0 deployed server(s) (reason: hxc213 writer 2 iter 223)
2026/07/31 11:34:20 ❌ Rollback NOT completed: rollback NOT completed: real SSH rollback transport not wired (0/0 servers reverted)
2026/07/31 11:34:20 📢 Notification: rollback_not_completed - rollback NOT completed: real SSH rollback transport not wired (0/0 servers reverted)
2026/07/31 11:34:20 📢 Notification: deployment_failed - Production deployment failed: hxc213 writer 2 iter 223
2026/07/31 11:34:20 
❌ PRODUCTION DEPLOYMENT FAILED
2026/07/31 11:34:20 📊 Failure Summary:
2026/07/31 11:34:20    Failed Phase: deployment
2026/07/31 11:34:20    Error: hxc213 writer 2 iter 224
2026/07/31 11:34:20    Duration: 1.600363897s
2026/07/31 11:34:20    Servers Deployed: 0
2026/07/31 11:34:20 🔄 Triggering automatic rollback...
2026/07/31 11:34:20 🔄 Rollback requested for 0 deployed server(s) (reason: hxc213 writer 2 iter 224)
2026/07/31 11:34:20 ❌ Rollback NOT completed: rollback NOT completed: real SSH rollback transport not wired (0/0 servers reverted)
2026/07/31 11:34:20 📢 Notification: rollback_not_completed - rollback NOT completed: real SSH rollback transport not wired (0/0 servers reverted)
2026/07/31 11:34:20 📢 Notification: deployment_failed - Production deployment failed: hxc213 writer 2 iter 224
2026/07/31 11:34:20 
❌ PRODUCTION DEPLOYMENT FAILED
2026/07/31 11:34:20 📊 Failure Summary:
2026/07/31 11:34:20    Failed Phase: deployment
2026/07/31 11:34:20    Error: hxc213 writer 2 iter 225
2026/07/31 11:34:20    Duration: 1.600479382s
2026/07/31 11:34:20    Servers Deployed: 0
2026/07/31 11:34:20 🔄 Triggering automatic rollback...
2026/07/31 11:34:20 🔄 Rollback requested for 0 deployed server(s) (reason: hxc213 writer 2 iter 225)
2026/07/31 11:34:20 ❌ Rollback NOT completed: rollback NOT completed: real SSH rollback transport not wired (0/0 servers reverted)
2026/07/31 11:34:20 📢 Notification: rollback_not_completed - rollback NOT completed: real SSH rollback transport not wired (0/0 servers reverted)
2026/07/31 11:34:20 📢 Notification: deployment_failed - Production deployment failed: hxc213 writer 2 iter 225
2026/07/31 11:34:20 
❌ PRODUCTION DEPLOYMENT FAILED
2026/07/31 11:34:20 📊 Failure Summary:
2026/07/31 11:34:20    Failed Phase: deployment
2026/07/31 11:34:20    Error: hxc213 writer 2 iter 226
2026/07/31 11:34:20    Duration: 1.600942822s
2026/07/31 11:34:20    Servers Deployed: 0
2026/07/31 11:34:20 🔄 Triggering automatic rollback...
2026/07/31 11:34:20 🔄 Rollback requested for 0 deployed server(s) (reason: hxc213 writer 2 iter 226)
2026/07/31 11:34:20 ❌ Rollback NOT completed: rollback NOT completed: real SSH rollback transport not wired (0/0 servers reverted)
2026/07/31 11:34:20 
❌ PRODUCTION DEPLOYMENT FAILED
2026/07/31 11:34:20 📊 Failure Summary:
2026/07/31 11:34:20    Failed Phase: deployment
2026/07/31 11:34:20    Error: hxc213 writer 1 iter 294
2026/07/31 11:34:20    Duration: 1.600942822s
2026/07/31 11:34:20    Servers Deployed: 0
2026/07/31 11:34:20 🔄 Triggering automatic rollback...
2026/07/31 11:34:20 🔄 Rollback requested for 0 deployed server(s) (reason: hxc213 writer 1 iter 294)
2026/07/31 11:34:20 ❌ Rollback NOT completed: rollback NOT completed: real SSH rollback transport not wired (0/0 servers reverted)
2026/07/31 11:34:20 📢 Notification: rollback_not_completed - rollback NOT completed: real SSH rollback transport not wired (0/0 servers reverted)
2026/07/31 11:34:20 📢 Notification: deployment_failed - Production deployment failed: hxc213 writer 1 iter 294
2026/07/31 11:34:20 
❌ PRODUCTION DEPLOYMENT FAILED
2026/07/31 11:34:20 📊 Failure Summary:
2026/07/31 11:34:20    Failed Phase: deployment
2026/07/31 11:34:20    Error: hxc213 writer 1 iter 295
2026/07/31 11:34:20    Duration: 1.601394335s
2026/07/31 11:34:20 📢 Notification: rollback_not_completed - rollback NOT completed: real SSH rollback transport not wired (0/0 servers reverted)
2026/07/31 11:34:20 📢 Notification: deployment_failed - Production deployment failed: hxc213 writer 2 iter 226
2026/07/31 11:34:20    Servers Deployed: 0
2026/07/31 11:34:20 🔄 Triggering automatic rollback...
2026/07/31 11:34:20 📢 Notification: rollback_not_completed - rollback NOT completed: real SSH rollback transport not wired (0/0 servers reverted)
2026/07/31 11:34:20 📢 Notification: deployment_failed - Production deployment failed: hxc213 writer 0 iter 229
2026/07/31 11:34:20 🔄 Rollback requested for 0 deployed server(s) (reason: hxc213 writer 1 iter 295)
2026/07/31 11:34:20 ❌ Rollback NOT completed: rollback NOT completed: real SSH rollback transport not wired (0/0 servers reverted)
2026/07/31 11:34:20 
❌ PRODUCTION DEPLOYMENT FAILED
2026/07/31 11:34:20 📊 Failure Summary:
2026/07/31 11:34:20    Failed Phase: deployment
2026/07/31 11:34:20    Error: hxc213 writer 2 iter 227
2026/07/31 11:34:20    Duration: 1.601502799s
2026/07/31 11:34:20    Servers Deployed: 0
2026/07/31 11:34:20 🔄 Triggering automatic rollback...
2026/07/31 11:34:20 📢 Notification: rollback_not_completed - rollback NOT completed: real SSH rollback transport not wired (0/0 servers reverted)
2026/07/31 11:34:20 📢 Notification: deployment_failed - Production deployment failed: hxc213 writer 1 iter 295
2026/07/31 11:34:20 
❌ PRODUCTION DEPLOYMENT FAILED
2026/07/31 11:34:20 📊 Failure Summary:
2026/07/31 11:34:20    Failed Phase: deployment
2026/07/31 11:34:20    Error: hxc213 writer 0 iter 230
2026/07/31 11:34:20    Duration: 1.601677773s
2026/07/31 11:34:20    Servers Deployed: 0
2026/07/31 11:34:20 🔄 Triggering automatic rollback...
2026/07/31 11:34:20 🔄 Rollback requested for 0 deployed server(s) (reason: hxc213 writer 0 iter 230)
2026/07/31 11:34:20 ❌ Rollback NOT completed: rollback NOT completed: real SSH rollback transport not wired (0/0 servers reverted)
2026/07/31 11:34:20 📢 Notification: rollback_not_completed - rollback NOT completed: real SSH rollback transport not wired (0/0 servers reverted)
2026/07/31 11:34:20 📢 Notification: deployment_failed - Production deployment failed: hxc213 writer 0 iter 230
2026/07/31 11:34:20 
❌ PRODUCTION DEPLOYMENT FAILED
2026/07/31 11:34:20 📊 Failure Summary:
2026/07/31 11:34:20    Failed Phase: deployment
2026/07/31 11:34:20    Error: hxc213 writer 0 iter 231
2026/07/31 11:34:20    Duration: 1.60403716s
2026/07/31 11:34:20    Servers Deployed: 0
2026/07/31 11:34:20 🔄 Triggering automatic rollback...
2026/07/31 11:34:20 🔄 Rollback requested for 0 deployed server(s) (reason: hxc213 writer 0 iter 231)
2026/07/31 11:34:20 ❌ Rollback NOT completed: rollback NOT completed: real SSH rollback transport not wired (0/0 servers reverted)
2026/07/31 11:34:20 📢 Notification: rollback_not_completed - rollback NOT completed: real SSH rollback transport not wired (0/0 servers reverted)
2026/07/31 11:34:20 📢 Notification: deployment_failed - Production deployment failed: hxc213 writer 0 iter 231
2026/07/31 11:34:20 
❌ PRODUCTION DEPLOYMENT FAILED
2026/07/31 11:34:20 📊 Failure Summary:
2026/07/31 11:34:20    Failed Phase: deployment
2026/07/31 11:34:20    Error: hxc213 writer 0 iter 232
2026/07/31 11:34:20    Duration: 1.604282871s
2026/07/31 11:34:20    Servers Deployed: 0
2026/07/31 11:34:20 🔄 Rollback requested for 0 deployed server(s) (reason: hxc213 writer 2 iter 227)
2026/07/31 11:34:20 ❌ Rollback NOT completed: rollback NOT completed: real SSH rollback transport not wired (0/0 servers reverted)
2026/07/31 11:34:20 📢 Notification: rollback_not_completed - rollback NOT completed: real SSH rollback transport not wired (0/0 servers reverted)
2026/07/31 11:34:20 📢 Notification: deployment_failed - Production deployment failed: hxc213 writer 2 iter 227
2026/07/31 11:34:20 🔄 Triggering automatic rollback...
2026/07/31 11:34:20 
❌ PRODUCTION DEPLOYMENT FAILED
2026/07/31 11:34:20 📊 Failure Summary:
2026/07/31 11:34:20 🔄 Rollback requested for 0 deployed server(s) (reason: hxc213 writer 0 iter 232)
2026/07/31 11:34:20 ❌ Rollback NOT completed: rollback NOT completed: real SSH rollback transport not wired (0/0 servers reverted)
2026/07/31 11:34:20 📢 Notification: rollback_not_completed - rollback NOT completed: real SSH rollback transport not wired (0/0 servers reverted)
2026/07/31 11:34:20 📢 Notification: deployment_failed - Production deployment failed: hxc213 writer 0 iter 232
2026/07/31 11:34:20 
❌ PRODUCTION DEPLOYMENT FAILED
2026/07/31 11:34:20 📊 Failure Summary:
2026/07/31 11:34:20    Failed Phase: deployment
2026/07/31 11:34:20    Error: hxc213 writer 0 iter 233
2026/07/31 11:34:20    Duration: 1.605563467s
2026/07/31 11:34:20    Servers Deployed: 0
2026/07/31 11:34:20 🔄 Triggering automatic rollback...
2026/07/31 11:34:20 🔄 Rollback requested for 0 deployed server(s) (reason: hxc213 writer 0 iter 233)
2026/07/31 11:34:20 ❌ Rollback NOT completed: rollback NOT completed: real SSH rollback transport not wired (0/0 servers reverted)
2026/07/31 11:34:20 📢 Notification: rollback_not_completed - rollback NOT completed: real SSH rollback transport not wired (0/0 servers reverted)
2026/07/31 11:34:20 📢 Notification: deployment_failed - Production deployment failed: hxc213 writer 0 iter 233
2026/07/31 11:34:20 
❌ PRODUCTION DEPLOYMENT FAILED
2026/07/31 11:34:20 📊 Failure Summary:
2026/07/31 11:34:20    Failed Phase: deployment
2026/07/31 11:34:20    Error: hxc213 writer 0 iter 234
2026/07/31 11:34:20    Duration: 1.605672782s
2026/07/31 11:34:20    Servers Deployed: 0
2026/07/31 11:34:20 🔄 Triggering automatic rollback...
2026/07/31 11:34:20 🔄 Rollback requested for 0 deployed server(s) (reason: hxc213 writer 0 iter 234)
2026/07/31 11:34:20 ❌ Rollback NOT completed: rollback NOT completed: real SSH rollback transport not wired (0/0 servers reverted)
2026/07/31 11:34:20 📢 Notification: rollback_not_completed - rollback NOT completed: real SSH rollback transport not wired (0/0 servers reverted)
2026/07/31 11:34:20 📢 Notification: deployment_failed - Production deployment failed: hxc213 writer 0 iter 234
2026/07/31 11:34:20 
❌ PRODUCTION DEPLOYMENT FAILED
2026/07/31 11:34:20 📊 Failure Summary:
2026/07/31 11:34:20    Failed Phase: deployment
2026/07/31 11:34:20    Error: hxc213 writer 0 iter 235
2026/07/31 11:34:20    Duration: 1.605788387s
2026/07/31 11:34:20    Servers Deployed: 0
2026/07/31 11:34:20 🔄 Triggering automatic rollback...
2026/07/31 11:34:20 🔄 Rollback requested for 0 deployed server(s) (reason: hxc213 writer 0 iter 235)
2026/07/31 11:34:20 ❌ Rollback NOT completed: rollback NOT completed: real SSH rollback transport not wired (0/0 servers reverted)
2026/07/31 11:34:20 📢 Notification: rollback_not_completed - rollback NOT completed: real SSH rollback transport not wired (0/0 servers reverted)
2026/07/31 11:34:20 📢 Notification: deployment_failed - Production deployment failed: hxc213 writer 0 iter 235
2026/07/31 11:34:20 
❌ PRODUCTION DEPLOYMENT FAILED
2026/07/31 11:34:20 📊 Failure Summary:
2026/07/31 11:34:20    Failed Phase: deployment
2026/07/31 11:34:20    Error: hxc213 writer 0 iter 236
2026/07/31 11:34:20    Duration: 1.605892384s
2026/07/31 11:34:20    Servers Deployed: 0
2026/07/31 11:34:20 🔄 Triggering automatic rollback...
2026/07/31 11:34:20 🔄 Rollback requested for 0 deployed server(s) (reason: hxc213 writer 0 iter 236)
2026/07/31 11:34:20 ❌ Rollback NOT completed: rollback NOT completed: real SSH rollback transport not wired (0/0 servers reverted)
2026/07/31 11:34:20 📢 Notification: rollback_not_completed - rollback NOT completed: real SSH rollback transport not wired (0/0 servers reverted)
2026/07/31 11:34:20 📢 Notification: deployment_failed - Production deployment failed: hxc213 writer 0 iter 236
2026/07/31 11:34:20 
❌ PRODUCTION DEPLOYMENT FAILED
2026/07/31 11:34:20 📊 Failure Summary:
2026/07/31 11:34:20    Failed Phase: deployment
2026/07/31 11:34:20    Error: hxc213 writer 0 iter 237
2026/07/31 11:34:20    Duration: 1.605990543s
2026/07/31 11:34:20    Servers Deployed: 0
2026/07/31 11:34:20 🔄 Triggering automatic rollback...
2026/07/31 11:34:20 🔄 Rollback requested for 0 deployed server(s) (reason: hxc213 writer 0 iter 237)
2026/07/31 11:34:20 ❌ Rollback NOT completed: rollback NOT completed: real SSH rollback transport not wired (0/0 servers reverted)
2026/07/31 11:34:20 📢 Notification: rollback_not_completed - rollback NOT completed: real SSH rollback transport not wired (0/0 servers reverted)
2026/07/31 11:34:20 📢 Notification: deployment_failed - Production deployment failed: hxc213 writer 0 iter 237
2026/07/31 11:34:20 
❌ PRODUCTION DEPLOYMENT FAILED
2026/07/31 11:34:20 📊 Failure Summary:
2026/07/31 11:34:20    Failed Phase: deployment
2026/07/31 11:34:20    Error: hxc213 writer 0 iter 238
2026/07/31 11:34:20    Duration: 1.606099958s
2026/07/31 11:34:20    Servers Deployed: 0
2026/07/31 11:34:20 🔄 Triggering automatic rollback...
2026/07/31 11:34:20 🔄 Rollback requested for 0 deployed server(s) (reason: hxc213 writer 0 iter 238)
2026/07/31 11:34:20 ❌ Rollback NOT completed: rollback NOT completed: real SSH rollback transport not wired (0/0 servers reverted)
2026/07/31 11:34:20 📢 Notification: rollback_not_completed - rollback NOT completed: real SSH rollback transport not wired (0/0 servers reverted)
2026/07/31 11:34:20 📢 Notification: deployment_failed - Production deployment failed: hxc213 writer 0 iter 238
2026/07/31 11:34:20 
❌ PRODUCTION DEPLOYMENT FAILED
2026/07/31 11:34:20 📊 Failure Summary:
2026/07/31 11:34:20    Failed Phase: deployment
2026/07/31 11:34:20    Error: hxc213 writer 0 iter 239
2026/07/31 11:34:20    Duration: 1.60620032s
2026/07/31 11:34:20    Servers Deployed: 0
2026/07/31 11:34:20 🔄 Triggering automatic rollback...
2026/07/31 11:34:20 🔄 Rollback requested for 0 deployed server(s) (reason: hxc213 writer 0 iter 239)
2026/07/31 11:34:20 ❌ Rollback NOT completed: rollback NOT completed: real SSH rollback transport not wired (0/0 servers reverted)
2026/07/31 11:34:20 📢 Notification: rollback_not_completed - rollback NOT completed: real SSH rollback transport not wired (0/0 servers reverted)
2026/07/31 11:34:20 📢 Notification: deployment_failed - Production deployment failed: hxc213 writer 0 iter 239
2026/07/31 11:34:20 
❌ PRODUCTION DEPLOYMENT FAILED
2026/07/31 11:34:20 📊 Failure Summary:
2026/07/31 11:34:20    Failed Phase: deployment
2026/07/31 11:34:20    Error: hxc213 writer 0 iter 240
2026/07/31 11:34:20    Duration: 1.606298849s
2026/07/31 11:34:20    Servers Deployed: 0
2026/07/31 11:34:20 🔄 Triggering automatic rollback...
2026/07/31 11:34:20 🔄 Rollback requested for 0 deployed server(s) (reason: hxc213 writer 0 iter 240)
2026/07/31 11:34:20 ❌ Rollback NOT completed: rollback NOT completed: real SSH rollback transport not wired (0/0 servers reverted)
2026/07/31 11:34:20 📢 Notification: rollback_not_completed - rollback NOT completed: real SSH rollback transport not wired (0/0 servers reverted)
2026/07/31 11:34:20 📢 Notification: deployment_failed - Production deployment failed: hxc213 writer 0 iter 240
2026/07/31 11:34:20 
❌ PRODUCTION DEPLOYMENT FAILED
2026/07/31 11:34:20 📊 Failure Summary:
2026/07/31 11:34:20    Failed Phase: deployment
2026/07/31 11:34:20    Error: hxc213 writer 0 iter 241
2026/07/31 11:34:20    Duration: 1.606373972s
2026/07/31 11:34:20    Servers Deployed: 0
2026/07/31 11:34:20 🔄 Triggering automatic rollback...
2026/07/31 11:34:20 🔄 Rollback requested for 0 deployed server(s) (reason: hxc213 writer 0 iter 241)
2026/07/31 11:34:20 ❌ Rollback NOT completed: rollback NOT completed: real SSH rollback transport not wired (0/0 servers reverted)
2026/07/31 11:34:20 📢 Notification: rollback_not_completed - rollback NOT completed: real SSH rollback transport not wired (0/0 servers reverted)
2026/07/31 11:34:20 📢 Notification: deployment_failed - Production deployment failed: hxc213 writer 0 iter 241
2026/07/31 11:34:20 
❌ PRODUCTION DEPLOYMENT FAILED
2026/07/31 11:34:20 📊 Failure Summary:
2026/07/31 11:34:21    Failed Phase: deployment
2026/07/31 11:34:20    Failed Phase: deployment
2026/07/31 11:34:21    Error: hxc213 writer 2 iter 228
2026/07/31 11:34:21    Duration: 1.606434544s
2026/07/31 11:34:21    Servers Deployed: 0
2026/07/31 11:34:21 🔄 Triggering automatic rollback...
2026/07/31 11:34:21 🔄 Rollback requested for 0 deployed server(s) (reason: hxc213 writer 2 iter 228)
2026/07/31 11:34:21 ❌ Rollback NOT completed: rollback NOT completed: real SSH rollback transport not wired (0/0 servers reverted)
2026/07/31 11:34:21 📢 Notification: rollback_not_completed - rollback NOT completed: real SSH rollback transport not wired (0/0 servers reverted)
2026/07/31 11:34:21 📢 Notification: deployment_failed - Production deployment failed: hxc213 writer 2 iter 228
2026/07/31 11:34:21 
❌ PRODUCTION DEPLOYMENT FAILED
2026/07/31 11:34:21 📊 Failure Summary:
2026/07/31 11:34:21    Failed Phase: deployment
2026/07/31 11:34:21    Error: hxc213 writer 2 iter 229
2026/07/31 11:34:21    Duration: 1.694636291s
2026/07/31 11:34:21    Servers Deployed: 0
2026/07/31 11:34:21 🔄 Triggering automatic rollback...
2026/07/31 11:34:21 🔄 Rollback requested for 0 deployed server(s) (reason: hxc213 writer 2 iter 229)
2026/07/31 11:34:21 ❌ Rollback NOT completed: rollback NOT completed: real SSH rollback transport not wired (0/0 servers reverted)
2026/07/31 11:34:21 📢 Notification: rollback_not_completed - rollback NOT completed: real SSH rollback transport not wired (0/0 servers reverted)
2026/07/31 11:34:21 📢 Notification: deployment_failed - Production deployment failed: hxc213 writer 2 iter 229
2026/07/31 11:34:21 
❌ PRODUCTION DEPLOYMENT FAILED
2026/07/31 11:34:21 📊 Failure Summary:
2026/07/31 11:34:21    Failed Phase: deployment
2026/07/31 11:34:21    Error: hxc213 writer 2 iter 230
2026/07/31 11:34:21    Duration: 1.694725676s
2026/07/31 11:34:21    Servers Deployed: 0
2026/07/31 11:34:21 🔄 Triggering automatic rollback...
2026/07/31 11:34:21 🔄 Rollback requested for 0 deployed server(s) (reason: hxc213 writer 2 iter 230)
2026/07/31 11:34:21 ❌ Rollback NOT completed: rollback NOT completed: real SSH rollback transport not wired (0/0 servers reverted)
2026/07/31 11:34:21 📢 Notification: rollback_not_completed - rollback NOT completed: real SSH rollback transport not wired (0/0 servers reverted)
2026/07/31 11:34:21 📢 Notification: deployment_failed - Production deployment failed: hxc213 writer 2 iter 230
2026/07/31 11:34:21 
❌ PRODUCTION DEPLOYMENT FAILED
2026/07/31 11:34:21 📊 Failure Summary:
2026/07/31 11:34:21    Failed Phase: deployment
2026/07/31 11:34:21    Error: hxc213 writer 2 iter 231
2026/07/31 11:34:21    Duration: 1.694829363s
2026/07/31 11:34:21    Servers Deployed: 0
2026/07/31 11:34:21 🔄 Triggering automatic rollback...
2026/07/31 11:34:21 🔄 Rollback requested for 0 deployed server(s) (reason: hxc213 writer 2 iter 231)
2026/07/31 11:34:21 ❌ Rollback NOT completed: rollback NOT completed: real SSH rollback transport not wired (0/0 servers reverted)
2026/07/31 11:34:21 📢 Notification: rollback_not_completed - rollback NOT completed: real SSH rollback transport not wired (0/0 servers reverted)
2026/07/31 11:34:21 📢 Notification: deployment_failed - Production deployment failed: hxc213 writer 2 iter 231
2026/07/31 11:34:21 
❌ PRODUCTION DEPLOYMENT FAILED
2026/07/31 11:34:21 📊 Failure Summary:
2026/07/31 11:34:21    Failed Phase: deployment
2026/07/31 11:34:21    Error: hxc213 writer 2 iter 232
2026/07/31 11:34:21    Duration: 1.694942984s
2026/07/31 11:34:21    Servers Deployed: 0
2026/07/31 11:34:21 🔄 Triggering automatic rollback...
2026/07/31 11:34:21 🔄 Rollback requested for 0 deployed server(s) (reason: hxc213 writer 2 iter 232)
2026/07/31 11:34:21 ❌ Rollback NOT completed: rollback NOT completed: real SSH rollback transport not wired (0/0 servers reverted)
2026/07/31 11:34:21 📢 Notification: rollback_not_completed - rollback NOT completed: real SSH rollback transport not wired (0/0 servers reverted)
2026/07/31 11:34:21 📢 Notification: deployment_failed - Production deployment failed: hxc213 writer 2 iter 232
2026/07/31 11:34:21 
❌ PRODUCTION DEPLOYMENT FAILED
2026/07/31 11:34:21 📊 Failure Summary:
2026/07/31 11:34:21    Failed Phase: deployment
2026/07/31 11:34:21    Error: hxc213 writer 2 iter 233
2026/07/31 11:34:21    Duration: 1.695041183s
2026/07/31 11:34:21    Servers Deployed: 0
2026/07/31 11:34:21 🔄 Triggering automatic rollback...
2026/07/31 11:34:21 🔄 Rollback requested for 0 deployed server(s) (reason: hxc213 writer 2 iter 233)
2026/07/31 11:34:21 ❌ Rollback NOT completed: rollback NOT completed: real SSH rollback transport not wired (0/0 servers reverted)
2026/07/31 11:34:21 📢 Notification: rollback_not_completed - rollback NOT completed: real SSH rollback transport not wired (0/0 servers reverted)
2026/07/31 11:34:21 📢 Notification: deployment_failed - Production deployment failed: hxc213 writer 2 iter 233
2026/07/31 11:34:21 
❌ PRODUCTION DEPLOYMENT FAILED
2026/07/31 11:34:21 📊 Failure Summary:
2026/07/31 11:34:21    Failed Phase: deployment
2026/07/31 11:34:21    Error: hxc213 writer 2 iter 234
2026/07/31 11:34:21    Duration: 1.695126452s
2026/07/31 11:34:21    Servers Deployed: 0
2026/07/31 11:34:21 🔄 Triggering automatic rollback...
2026/07/31 11:34:21 🔄 Rollback requested for 0 deployed server(s) (reason: hxc213 writer 2 iter 234)
2026/07/31 11:34:21 ❌ Rollback NOT completed: rollback NOT completed: real SSH rollback transport not wired (0/0 servers reverted)
2026/07/31 11:34:21 📢 Notification: rollback_not_completed - rollback NOT completed: real SSH rollback transport not wired (0/0 servers reverted)
2026/07/31 11:34:21 📢 Notification: deployment_failed - Production deployment failed: hxc213 writer 2 iter 234
2026/07/31 11:34:21 
❌ PRODUCTION DEPLOYMENT FAILED
2026/07/31 11:34:21 📊 Failure Summary:
2026/07/31 11:34:21    Failed Phase: deployment
2026/07/31 11:34:21    Error: hxc213 writer 2 iter 235
2026/07/31 11:34:21    Duration: 1.695237339s
2026/07/31 11:34:21    Servers Deployed: 0
2026/07/31 11:34:21 🔄 Triggering automatic rollback...
2026/07/31 11:34:21 🔄 Rollback requested for 0 deployed server(s) (reason: hxc213 writer 2 iter 235)
2026/07/31 11:34:21 ❌ Rollback NOT completed: rollback NOT completed: real SSH rollback transport not wired (0/0 servers reverted)
2026/07/31 11:34:21 📢 Notification: rollback_not_completed - rollback NOT completed: real SSH rollback transport not wired (0/0 servers reverted)
2026/07/31 11:34:21 📢 Notification: deployment_failed - Production deployment failed: hxc213 writer 2 iter 235
2026/07/31 11:34:21 
❌ PRODUCTION DEPLOYMENT FAILED
2026/07/31 11:34:21 📊 Failure Summary:
2026/07/31 11:34:21    Failed Phase: deployment
2026/07/31 11:34:21    Error: hxc213 writer 2 iter 236
2026/07/31 11:34:21    Duration: 1.695328487s
2026/07/31 11:34:21    Servers Deployed: 0
2026/07/31 11:34:21 🔄 Triggering automatic rollback...
2026/07/31 11:34:21 🔄 Rollback requested for 0 deployed server(s) (reason: hxc213 writer 2 iter 236)
2026/07/31 11:34:21 ❌ Rollback NOT completed: rollback NOT completed: real SSH rollback transport not wired (0/0 servers reverted)
2026/07/31 11:34:21 📢 Notification: rollback_not_completed - rollback NOT completed: real SSH rollback transport not wired (0/0 servers reverted)
2026/07/31 11:34:21 📢 Notification: deployment_failed - Production deployment failed: hxc213 writer 2 iter 236
2026/07/31 11:34:21 
❌ PRODUCTION DEPLOYMENT FAILED
2026/07/31 11:34:21 📊 Failure Summary:
2026/07/31 11:34:21    Failed Phase: deployment
2026/07/31 11:34:21    Error: hxc213 writer 2 iter 237
2026/07/31 11:34:21    Duration: 1.695459646s
2026/07/31 11:34:21    Servers Deployed: 0
2026/07/31 11:34:21 🔄 Triggering automatic rollback...
2026/07/31 11:34:21 🔄 Rollback requested for 0 deployed server(s) (reason: hxc213 writer 2 iter 237)
2026/07/31 11:34:21 ❌ Rollback NOT completed: rollback NOT completed: real SSH rollback transport not wired (0/0 servers reverted)
2026/07/31 11:34:21 📢 Notification: rollback_not_completed - rollback NOT completed: real SSH rollback transport not wired (0/0 servers reverted)
2026/07/31 11:34:21 📢 Notification: deployment_failed - Production deployment failed: hxc213 writer 2 iter 237
2026/07/31 11:34:21 
❌ PRODUCTION DEPLOYMENT FAILED
2026/07/31 11:34:21 📊 Failure Summary:
2026/07/31 11:34:21    Failed Phase: deployment
2026/07/31 11:34:21    Error: hxc213 writer 2 iter 238
2026/07/31 11:34:21    Duration: 1.695592056s
2026/07/31 11:34:21    Servers Deployed: 0
2026/07/31 11:34:21 🔄 Triggering automatic rollback...
2026/07/31 11:34:21 🔄 Rollback requested for 0 deployed server(s) (reason: hxc213 writer 2 iter 238)
2026/07/31 11:34:21 ❌ Rollback NOT completed: rollback NOT completed: real SSH rollback transport not wired (0/0 servers reverted)
2026/07/31 11:34:21 📢 Notification: rollback_not_completed - rollback NOT completed: real SSH rollback transport not wired (0/0 servers reverted)
2026/07/31 11:34:21 📢 Notification: deployment_failed - Production deployment failed: hxc213 writer 2 iter 238
2026/07/31 11:34:21 
❌ PRODUCTION DEPLOYMENT FAILED
2026/07/31 11:34:21 📊 Failure Summary:
2026/07/31 11:34:21    Failed Phase: deployment
2026/07/31 11:34:21    Error: hxc213 writer 2 iter 239
2026/07/31 11:34:21    Duration: 1.695719108s
2026/07/31 11:34:21 
❌ PRODUCTION DEPLOYMENT FAILED
2026/07/31 11:34:21    Servers Deployed: 0
2026/07/31 11:34:21 📊 Failure Summary:
2026/07/31 11:34:21 🔄 Triggering automatic rollback...
2026/07/31 11:34:21    Failed Phase: deployment
2026/07/31 11:34:21    Error: hxc213 writer 0 iter 242
2026/07/31 11:34:21    Duration: 1.695719108s
2026/07/31 11:34:21    Servers Deployed: 0
2026/07/31 11:34:21 🔄 Triggering automatic rollback...
2026/07/31 11:34:21 🔄 Rollback requested for 0 deployed server(s) (reason: hxc213 writer 0 iter 242)
2026/07/31 11:34:21 ❌ Rollback NOT completed: rollback NOT completed: real SSH rollback transport not wired (0/0 servers reverted)
2026/07/31 11:34:21 🔄 Rollback requested for 0 deployed server(s) (reason: hxc213 writer 2 iter 239)
2026/07/31 11:34:21 📢 Notification: rollback_not_completed - rollback NOT completed: real SSH rollback transport not wired (0/0 servers reverted)
2026/07/31 11:34:21 ❌ Rollback NOT completed: rollback NOT completed: real SSH rollback transport not wired (0/0 servers reverted)
2026/07/31 11:34:21    Error: hxc213 writer 1 iter 296
2026/07/31 11:34:21    Duration: 1.695719108s
2026/07/31 11:34:21    Servers Deployed: 0
2026/07/31 11:34:21 📢 Notification: deployment_failed - Production deployment failed: hxc213 writer 0 iter 242
2026/07/31 11:34:21 🔄 Triggering automatic rollback...
2026/07/31 11:34:21 📢 Notification: rollback_not_completed - rollback NOT completed: real SSH rollback transport not wired (0/0 servers reverted)
2026/07/31 11:34:21 📢 Notification: deployment_failed - Production deployment failed: hxc213 writer 2 iter 239
2026/07/31 11:34:21 🔄 Rollback requested for 0 deployed server(s) (reason: hxc213 writer 1 iter 296)
2026/07/31 11:34:21 
❌ PRODUCTION DEPLOYMENT FAILED
2026/07/31 11:34:21 
❌ PRODUCTION DEPLOYMENT FAILED
2026/07/31 11:34:21 📊 Failure Summary:
2026/07/31 11:34:21    Failed Phase: deployment
2026/07/31 11:34:21    Error: hxc213 writer 2 iter 240
2026/07/31 11:34:21    Duration: 1.696010338s
2026/07/31 11:34:21    Servers Deployed: 0
2026/07/31 11:34:21 🔄 Triggering automatic rollback...
2026/07/31 11:34:21 🔄 Rollback requested for 0 deployed server(s) (reason: hxc213 writer 2 iter 240)
2026/07/31 11:34:21 ❌ Rollback NOT completed: rollback NOT completed: real SSH rollback transport not wired (0/0 servers reverted)
2026/07/31 11:34:21 📊 Failure Summary:
2026/07/31 11:34:21 📢 Notification: rollback_not_completed - rollback NOT completed: real SSH rollback transport not wired (0/0 servers reverted)
2026/07/31 11:34:21    Failed Phase: deployment
2026/07/31 11:34:21 📢 Notification: deployment_failed - Production deployment failed: hxc213 writer 2 iter 240
2026/07/31 11:34:21    Error: hxc213 writer 0 iter 243
2026/07/31 11:34:21 ❌ Rollback NOT completed: rollback NOT completed: real SSH rollback transport not wired (0/0 servers reverted)
2026/07/31 11:34:21 📢 Notification: rollback_not_completed - rollback NOT completed: real SSH rollback transport not wired (0/0 servers reverted)
2026/07/31 11:34:21 📢 Notification: deployment_failed - Production deployment failed: hxc213 writer 1 iter 296
2026/07/31 11:34:21    Duration: 1.697585099s
2026/07/31 11:34:21    Servers Deployed: 0
2026/07/31 11:34:21 🔄 Triggering automatic rollback...
2026/07/31 11:34:21 
❌ PRODUCTION DEPLOYMENT FAILED
2026/07/31 11:34:21 📊 Failure Summary:
2026/07/31 11:34:21    Failed Phase: deployment
2026/07/31 11:34:21    Error: hxc213 writer 1 iter 297
2026/07/31 11:34:21    Duration: 1.697585099s
2026/07/31 11:34:21    Servers Deployed: 0
2026/07/31 11:34:21 🔄 Triggering automatic rollback...
2026/07/31 11:34:21 
❌ PRODUCTION DEPLOYMENT FAILED
2026/07/31 11:34:21 📊 Failure Summary:
2026/07/31 11:34:21    Failed Phase: deployment
2026/07/31 11:34:21    Error: hxc213 writer 2 iter 241
2026/07/31 11:34:21    Duration: 1.697585099s
2026/07/31 11:34:21    Servers Deployed: 0
2026/07/31 11:34:21 🔄 Triggering automatic rollback...
2026/07/31 11:34:21 🔄 Rollback requested for 0 deployed server(s) (reason: hxc213 writer 1 iter 297)
2026/07/31 11:34:21 🔄 Rollback requested for 0 deployed server(s) (reason: hxc213 writer 0 iter 243)
2026/07/31 11:34:21 ❌ Rollback NOT completed: rollback NOT completed: real SSH rollback transport not wired (0/0 servers reverted)
2026/07/31 11:34:21 ❌ Rollback NOT completed: rollback NOT completed: real SSH rollback transport not wired (0/0 servers reverted)
2026/07/31 11:34:21 📢 Notification: rollback_not_completed - rollback NOT completed: real SSH rollback transport not wired (0/0 servers reverted)
2026/07/31 11:34:21 📢 Notification: rollback_not_completed - rollback NOT completed: real SSH rollback transport not wired (0/0 servers reverted)
2026/07/31 11:34:21 📢 Notification: deployment_failed - Production deployment failed: hxc213 writer 1 iter 297
2026/07/31 11:34:21 
❌ PRODUCTION DEPLOYMENT FAILED
2026/07/31 11:34:21 📢 Notification: deployment_failed - Production deployment failed: hxc213 writer 0 iter 243
2026/07/31 11:34:21 📊 Failure Summary:
2026/07/31 11:34:21    Failed Phase: deployment
2026/07/31 11:34:21    Error: hxc213 writer 1 iter 298
2026/07/31 11:34:21 
❌ PRODUCTION DEPLOYMENT FAILED
2026/07/31 11:34:21 📊 Failure Summary:
2026/07/31 11:34:21    Failed Phase: deployment
2026/07/31 11:34:21    Error: hxc213 writer 0 iter 244
2026/07/31 11:34:21    Duration: 1.700540646s
2026/07/31 11:34:21    Servers Deployed: 0
2026/07/31 11:34:21 🔄 Triggering automatic rollback...
2026/07/31 11:34:21 🔄 Rollback requested for 0 deployed server(s) (reason: hxc213 writer 0 iter 244)
2026/07/31 11:34:21 ❌ Rollback NOT completed: rollback NOT completed: real SSH rollback transport not wired (0/0 servers reverted)
2026/07/31 11:34:21 📢 Notification: rollback_not_completed - rollback NOT completed: real SSH rollback transport not wired (0/0 servers reverted)
2026/07/31 11:34:21 📢 Notification: deployment_failed - Production deployment failed: hxc213 writer 0 iter 244
2026/07/31 11:34:21 
❌ PRODUCTION DEPLOYMENT FAILED
2026/07/31 11:34:21 📊 Failure Summary:
2026/07/31 11:34:21    Failed Phase: deployment
2026/07/31 11:34:21    Error: hxc213 writer 0 iter 245
2026/07/31 11:34:21    Duration: 1.701821613s
2026/07/31 11:34:21    Servers Deployed: 0
2026/07/31 11:34:21 🔄 Triggering automatic rollback...
2026/07/31 11:34:21 🔄 Rollback requested for 0 deployed server(s) (reason: hxc213 writer 0 iter 245)
2026/07/31 11:34:21 ❌ Rollback NOT completed: rollback NOT completed: real SSH rollback transport not wired (0/0 servers reverted)
2026/07/31 11:34:21 📢 Notification: rollback_not_completed - rollback NOT completed: real SSH rollback transport not wired (0/0 servers reverted)
2026/07/31 11:34:21 📢 Notification: deployment_failed - Production deployment failed: hxc213 writer 0 iter 245
2026/07/31 11:34:21 
❌ PRODUCTION DEPLOYMENT FAILED
2026/07/31 11:34:21 📊 Failure Summary:
2026/07/31 11:34:21    Failed Phase: deployment
2026/07/31 11:34:21    Error: hxc213 writer 0 iter 246
2026/07/31 11:34:21    Duration: 1.701956316s
2026/07/31 11:34:21    Servers Deployed: 0
2026/07/31 11:34:21 🔄 Triggering automatic rollback...
2026/07/31 11:34:21 🔄 Rollback requested for 0 deployed server(s) (reason: hxc213 writer 0 iter 246)
2026/07/31 11:34:21 ❌ Rollback NOT completed: rollback NOT completed: real SSH rollback transport not wired (0/0 servers reverted)
2026/07/31 11:34:21    Duration: 1.700540646s
2026/07/31 11:34:21 📢 Notification: rollback_not_completed - rollback NOT completed: real SSH rollback transport not wired (0/0 servers reverted)
2026/07/31 11:34:21    Servers Deployed: 0
2026/07/31 11:34:21 📢 Notification: deployment_failed - Production deployment failed: hxc213 writer 0 iter 246
2026/07/31 11:34:21 
❌ PRODUCTION DEPLOYMENT FAILED
2026/07/31 11:34:21 📊 Failure Summary:
2026/07/31 11:34:21    Failed Phase: deployment
2026/07/31 11:34:21    Error: hxc213 writer 0 iter 247
2026/07/31 11:34:21    Duration: 1.702097189s
2026/07/31 11:34:21 🔄 Triggering automatic rollback...
2026/07/31 11:34:21    Servers Deployed: 0
2026/07/31 11:34:21 🔄 Triggering automatic rollback...
2026/07/31 11:34:21 🔄 Rollback requested for 0 deployed server(s) (reason: hxc213 writer 1 iter 298)
2026/07/31 11:34:21 ❌ Rollback NOT completed: rollback NOT completed: real SSH rollback transport not wired (0/0 servers reverted)
2026/07/31 11:34:21 📢 Notification: rollback_not_completed - rollback NOT completed: real SSH rollback transport not wired (0/0 servers reverted)
2026/07/31 11:34:21 📢 Notification: deployment_failed - Production deployment failed: hxc213 writer 1 iter 298
2026/07/31 11:34:21 
❌ PRODUCTION DEPLOYMENT FAILED
2026/07/31 11:34:21 📊 Failure Summary:
2026/07/31 11:34:21    Failed Phase: deployment
2026/07/31 11:34:21    Error: hxc213 writer 1 iter 299
2026/07/31 11:34:21    Duration: 1.702900674s
2026/07/31 11:34:21    Servers Deployed: 0
2026/07/31 11:34:21 🔄 Triggering automatic rollback...
2026/07/31 11:34:21 🔄 Rollback requested for 0 deployed server(s) (reason: hxc213 writer 2 iter 241)
2026/07/31 11:34:21 ❌ Rollback NOT completed: rollback NOT completed: real SSH rollback transport not wired (0/0 servers reverted)
2026/07/31 11:34:21 📢 Notification: rollback_not_completed - rollback NOT completed: real SSH rollback transport not wired (0/0 servers reverted)
2026/07/31 11:34:21 📢 Notification: deployment_failed - Production deployment failed: hxc213 writer 2 iter 241
2026/07/31 11:34:21 🔄 Rollback requested for 0 deployed server(s) (reason: hxc213 writer 0 iter 247)
2026/07/31 11:34:21 ❌ Rollback NOT completed: rollback NOT completed: real SSH rollback transport not wired (0/0 servers reverted)
2026/07/31 11:34:21 📢 Notification: rollback_not_completed - rollback NOT completed: real SSH rollback transport not wired (0/0 servers reverted)
2026/07/31 11:34:21 📢 Notification: deployment_failed - Production deployment failed: hxc213 writer 0 iter 247
2026/07/31 11:34:21 🔄 Rollback requested for 0 deployed server(s) (reason: hxc213 writer 1 iter 299)
2026/07/31 11:34:21 ❌ Rollback NOT completed: rollback NOT completed: real SSH rollback transport not wired (0/0 servers reverted)
2026/07/31 11:34:21 📢 Notification: rollback_not_completed - rollback NOT completed: real SSH rollback transport not wired (0/0 servers reverted)
2026/07/31 11:34:21 📢 Notification: deployment_failed - Production deployment failed: hxc213 writer 1 iter 299
2026/07/31 11:34:21 
❌ PRODUCTION DEPLOYMENT FAILED
2026/07/31 11:34:21 📊 Failure Summary:
2026/07/31 11:34:21    Failed Phase: deployment
2026/07/31 11:34:21    Error: hxc213 writer 0 iter 248
2026/07/31 11:34:21    Duration: 1.703584107s
2026/07/31 11:34:21    Servers Deployed: 0
2026/07/31 11:34:21 🔄 Triggering automatic rollback...
2026/07/31 11:34:21 🔄 Rollback requested for 0 deployed server(s) (reason: hxc213 writer 0 iter 248)
2026/07/31 11:34:21 ❌ Rollback NOT completed: rollback NOT completed: real SSH rollback transport not wired (0/0 servers reverted)
2026/07/31 11:34:21 📢 Notification: rollback_not_completed - rollback NOT completed: real SSH rollback transport not wired (0/0 servers reverted)
2026/07/31 11:34:21 📢 Notification: deployment_failed - Production deployment failed: hxc213 writer 0 iter 248
2026/07/31 11:34:21 
❌ PRODUCTION DEPLOYMENT FAILED
2026/07/31 11:34:21 📊 Failure Summary:
2026/07/31 11:34:21    Failed Phase: deployment
2026/07/31 11:34:21    Error: hxc213 writer 0 iter 249
2026/07/31 11:34:21    Duration: 1.704817612s
2026/07/31 11:34:21    Servers Deployed: 0
2026/07/31 11:34:21 🔄 Triggering automatic rollback...
2026/07/31 11:34:21 🔄 Rollback requested for 0 deployed server(s) (reason: hxc213 writer 0 iter 249)
2026/07/31 11:34:21 ❌ Rollback NOT completed: rollback NOT completed: real SSH rollback transport not wired (0/0 servers reverted)
2026/07/31 11:34:21 📢 Notification: rollback_not_completed - rollback NOT completed: real SSH rollback transport not wired (0/0 servers reverted)
2026/07/31 11:34:21 📢 Notification: deployment_failed - Production deployment failed: hxc213 writer 0 iter 249
2026/07/31 11:34:21 
❌ PRODUCTION DEPLOYMENT FAILED
2026/07/31 11:34:21 📊 Failure Summary:
2026/07/31 11:34:21    Failed Phase: deployment
2026/07/31 11:34:21    Error: hxc213 writer 0 iter 250
2026/07/31 11:34:21    Duration: 1.704938565s
2026/07/31 11:34:21    Servers Deployed: 0
2026/07/31 11:34:21 🔄 Triggering automatic rollback...
2026/07/31 11:34:21 🔄 Rollback requested for 0 deployed server(s) (reason: hxc213 writer 0 iter 250)
2026/07/31 11:34:21 ❌ Rollback NOT completed: rollback NOT completed: real SSH rollback transport not wired (0/0 servers reverted)
2026/07/31 11:34:21 📢 Notification: rollback_not_completed - rollback NOT completed: real SSH rollback transport not wired (0/0 servers reverted)
2026/07/31 11:34:21 📢 Notification: deployment_failed - Production deployment failed: hxc213 writer 0 iter 250
2026/07/31 11:34:21 
❌ PRODUCTION DEPLOYMENT FAILED
2026/07/31 11:34:21 📊 Failure Summary:
2026/07/31 11:34:21    Failed Phase: deployment
2026/07/31 11:34:21    Error: hxc213 writer 0 iter 251
2026/07/31 11:34:21    Duration: 1.705062783s
2026/07/31 11:34:21    Servers Deployed: 0
2026/07/31 11:34:21 🔄 Triggering automatic rollback...
2026/07/31 11:34:21 🔄 Rollback requested for 0 deployed server(s) (reason: hxc213 writer 0 iter 251)
2026/07/31 11:34:21 ❌ Rollback NOT completed: rollback NOT completed: real SSH rollback transport not wired (0/0 servers reverted)
2026/07/31 11:34:21 📢 Notification: rollback_not_completed - rollback NOT completed: real SSH rollback transport not wired (0/0 servers reverted)
2026/07/31 11:34:21 📢 Notification: deployment_failed - Production deployment failed: hxc213 writer 0 iter 251
2026/07/31 11:34:21 
❌ PRODUCTION DEPLOYMENT FAILED
2026/07/31 11:34:21 📊 Failure Summary:
2026/07/31 11:34:21    Failed Phase: deployment
2026/07/31 11:34:21    Error: hxc213 writer 0 iter 252
2026/07/31 11:34:21    Duration: 1.70519967s
2026/07/31 11:34:21    Servers Deployed: 0
2026/07/31 11:34:21 🔄 Triggering automatic rollback...
2026/07/31 11:34:21 🔄 Rollback requested for 0 deployed server(s) (reason: hxc213 writer 0 iter 252)
2026/07/31 11:34:21 ❌ Rollback NOT completed: rollback NOT completed: real SSH rollback transport not wired (0/0 servers reverted)
2026/07/31 11:34:21 📢 Notification: rollback_not_completed - rollback NOT completed: real SSH rollback transport not wired (0/0 servers reverted)
2026/07/31 11:34:21 📢 Notification: deployment_failed - Production deployment failed: hxc213 writer 0 iter 252
2026/07/31 11:34:21 
❌ PRODUCTION DEPLOYMENT FAILED
2026/07/31 11:34:21 📊 Failure Summary:
2026/07/31 11:34:21    Failed Phase: deployment
2026/07/31 11:34:21    Error: hxc213 writer 0 iter 253
2026/07/31 11:34:21    Duration: 1.705320092s
2026/07/31 11:34:21    Servers Deployed: 0
2026/07/31 11:34:21 🔄 Triggering automatic rollback...
2026/07/31 11:34:21 🔄 Rollback requested for 0 deployed server(s) (reason: hxc213 writer 0 iter 253)
2026/07/31 11:34:21 ❌ Rollback NOT completed: rollback NOT completed: real SSH rollback transport not wired (0/0 servers reverted)
2026/07/31 11:34:21 📢 Notification: rollback_not_completed - rollback NOT completed: real SSH rollback transport not wired (0/0 servers reverted)
2026/07/31 11:34:21 📢 Notification: deployment_failed - Production deployment failed: hxc213 writer 0 iter 253
2026/07/31 11:34:21 
❌ PRODUCTION DEPLOYMENT FAILED
2026/07/31 11:34:21 📊 Failure Summary:
2026/07/31 11:34:21    Failed Phase: deployment
2026/07/31 11:34:21    Error: hxc213 writer 0 iter 254
2026/07/31 11:34:21    Duration: 1.705443719s
2026/07/31 11:34:21    Servers Deployed: 0
2026/07/31 11:34:21 🔄 Triggering automatic rollback...
2026/07/31 11:34:21 🔄 Rollback requested for 0 deployed server(s) (reason: hxc213 writer 0 iter 254)
2026/07/31 11:34:21 ❌ Rollback NOT completed: rollback NOT completed: real SSH rollback transport not wired (0/0 servers reverted)
2026/07/31 11:34:21 📢 Notification: rollback_not_completed - rollback NOT completed: real SSH rollback transport not wired (0/0 servers reverted)
2026/07/31 11:34:21 
❌ PRODUCTION DEPLOYMENT FAILED
2026/07/31 11:34:21 📊 Failure Summary:
2026/07/31 11:34:21 📢 Notification: deployment_failed - Production deployment failed: hxc213 writer 0 iter 254
2026/07/31 11:34:21    Failed Phase: deployment
2026/07/31 11:34:21 
❌ PRODUCTION DEPLOYMENT FAILED
2026/07/31 11:34:21 📊 Failure Summary:
2026/07/31 11:34:21    Error: hxc213 writer 2 iter 242
2026/07/31 11:34:21    Failed Phase: deployment
2026/07/31 11:34:21    Duration: 1.70562969s
2026/07/31 11:34:21    Servers Deployed: 0
2026/07/31 11:34:21 🔄 Triggering automatic rollback...
2026/07/31 11:34:21    Error: hxc213 writer 0 iter 255
2026/07/31 11:34:21 🔄 Rollback requested for 0 deployed server(s) (reason: hxc213 writer 2 iter 242)
2026/07/31 11:34:21    Duration: 1.70562969s
2026/07/31 11:34:21 ❌ Rollback NOT completed: rollback NOT completed: real SSH rollback transport not wired (0/0 servers reverted)
2026/07/31 11:34:21    Servers Deployed: 0
2026/07/31 11:34:21 🔄 Triggering automatic rollback...
2026/07/31 11:34:21 🔄 Rollback requested for 0 deployed server(s) (reason: hxc213 writer 0 iter 255)
2026/07/31 11:34:21 ❌ Rollback NOT completed: rollback NOT completed: real SSH rollback transport not wired (0/0 servers reverted)
2026/07/31 11:34:21 📢 Notification: rollback_not_completed - rollback NOT completed: real SSH rollback transport not wired (0/0 servers reverted)
2026/07/31 11:34:21 📢 Notification: deployment_failed - Production deployment failed: hxc213 writer 0 iter 255
2026/07/31 11:34:21 
❌ PRODUCTION DEPLOYMENT FAILED
2026/07/31 11:34:21 📢 Notification: rollback_not_completed - rollback NOT completed: real SSH rollback transport not wired (0/0 servers reverted)
2026/07/31 11:34:21 📊 Failure Summary:
2026/07/31 11:34:21    Failed Phase: deployment
2026/07/31 11:34:21 📢 Notification: deployment_failed - Production deployment failed: hxc213 writer 2 iter 242
2026/07/31 11:34:21    Error: hxc213 writer 0 iter 256
2026/07/31 11:34:21    Duration: 1.70582164s
2026/07/31 11:34:21    Servers Deployed: 0
2026/07/31 11:34:21 
❌ PRODUCTION DEPLOYMENT FAILED
2026/07/31 11:34:21 📊 Failure Summary:
2026/07/31 11:34:21    Failed Phase: deployment
2026/07/31 11:34:21    Error: hxc213 writer 2 iter 243
2026/07/31 11:34:21    Duration: 1.70582164s
2026/07/31 11:34:21    Servers Deployed: 0
2026/07/31 11:34:21 🔄 Triggering automatic rollback...
2026/07/31 11:34:21 🔄 Triggering automatic rollback...
2026/07/31 11:34:21 🔄 Rollback requested for 0 deployed server(s) (reason: hxc213 writer 0 iter 256)
2026/07/31 11:34:21 ❌ Rollback NOT completed: rollback NOT completed: real SSH rollback transport not wired (0/0 servers reverted)
2026/07/31 11:34:21 📢 Notification: rollback_not_completed - rollback NOT completed: real SSH rollback transport not wired (0/0 servers reverted)
2026/07/31 11:34:21 📢 Notification: deployment_failed - Production deployment failed: hxc213 writer 0 iter 256
2026/07/31 11:34:21 
❌ PRODUCTION DEPLOYMENT FAILED
2026/07/31 11:34:21 📊 Failure Summary:
2026/07/31 11:34:21    Failed Phase: deployment
2026/07/31 11:34:21    Error: hxc213 writer 0 iter 257
2026/07/31 11:34:21    Duration: 1.794551114s
2026/07/31 11:34:21    Servers Deployed: 0
2026/07/31 11:34:21 🔄 Triggering automatic rollback...
2026/07/31 11:34:21 🔄 Rollback requested for 0 deployed server(s) (reason: hxc213 writer 0 iter 257)
2026/07/31 11:34:21 ❌ Rollback NOT completed: rollback NOT completed: real SSH rollback transport not wired (0/0 servers reverted)
2026/07/31 11:34:21 📢 Notification: rollback_not_completed - rollback NOT completed: real SSH rollback transport not wired (0/0 servers reverted)
2026/07/31 11:34:21 📢 Notification: deployment_failed - Production deployment failed: hxc213 writer 0 iter 257
2026/07/31 11:34:21 
❌ PRODUCTION DEPLOYMENT FAILED
2026/07/31 11:34:21 📊 Failure Summary:
2026/07/31 11:34:21    Failed Phase: deployment
2026/07/31 11:34:21    Error: hxc213 writer 0 iter 258
2026/07/31 11:34:21    Duration: 1.794782924s
2026/07/31 11:34:21    Servers Deployed: 0
2026/07/31 11:34:21 🔄 Triggering automatic rollback...
2026/07/31 11:34:21 🔄 Rollback requested for 0 deployed server(s) (reason: hxc213 writer 0 iter 258)
2026/07/31 11:34:21 ❌ Rollback NOT completed: rollback NOT completed: real SSH rollback transport not wired (0/0 servers reverted)
2026/07/31 11:34:21 📢 Notification: rollback_not_completed - rollback NOT completed: real SSH rollback transport not wired (0/0 servers reverted)
2026/07/31 11:34:21 📢 Notification: deployment_failed - Production deployment failed: hxc213 writer 0 iter 258
2026/07/31 11:34:21 
❌ PRODUCTION DEPLOYMENT FAILED
2026/07/31 11:34:21 📊 Failure Summary:
2026/07/31 11:34:21    Failed Phase: deployment
2026/07/31 11:34:21    Error: hxc213 writer 0 iter 259
2026/07/31 11:34:21    Duration: 1.794986092s
2026/07/31 11:34:21    Servers Deployed: 0
2026/07/31 11:34:21 🔄 Triggering automatic rollback...
2026/07/31 11:34:21 🔄 Rollback requested for 0 deployed server(s) (reason: hxc213 writer 0 iter 259)
2026/07/31 11:34:21 ❌ Rollback NOT completed: rollback NOT completed: real SSH rollback transport not wired (0/0 servers reverted)
2026/07/31 11:34:21 📢 Notification: rollback_not_completed - rollback NOT completed: real SSH rollback transport not wired (0/0 servers reverted)
2026/07/31 11:34:21 📢 Notification: deployment_failed - Production deployment failed: hxc213 writer 0 iter 259
2026/07/31 11:34:21 
❌ PRODUCTION DEPLOYMENT FAILED
2026/07/31 11:34:21 📊 Failure Summary:
2026/07/31 11:34:21    Failed Phase: deployment
2026/07/31 11:34:21    Error: hxc213 writer 0 iter 260
2026/07/31 11:34:21    Duration: 1.795079453s
2026/07/31 11:34:21    Servers Deployed: 0
2026/07/31 11:34:21 🔄 Triggering automatic rollback...
2026/07/31 11:34:21 🔄 Rollback requested for 0 deployed server(s) (reason: hxc213 writer 0 iter 260)
2026/07/31 11:34:21 ❌ Rollback NOT completed: rollback NOT completed: real SSH rollback transport not wired (0/0 servers reverted)
2026/07/31 11:34:21 📢 Notification: rollback_not_completed - rollback NOT completed: real SSH rollback transport not wired (0/0 servers reverted)
2026/07/31 11:34:21 📢 Notification: deployment_failed - Production deployment failed: hxc213 writer 0 iter 260
2026/07/31 11:34:21 
❌ PRODUCTION DEPLOYMENT FAILED
2026/07/31 11:34:21 📊 Failure Summary:
2026/07/31 11:34:21    Failed Phase: deployment
2026/07/31 11:34:21    Error: hxc213 writer 0 iter 261
2026/07/31 11:34:21    Duration: 1.795164872s
2026/07/31 11:34:21    Servers Deployed: 0
2026/07/31 11:34:21 🔄 Triggering automatic rollback...
2026/07/31 11:34:21 🔄 Rollback requested for 0 deployed server(s) (reason: hxc213 writer 0 iter 261)
2026/07/31 11:34:21 ❌ Rollback NOT completed: rollback NOT completed: real SSH rollback transport not wired (0/0 servers reverted)
2026/07/31 11:34:21 📢 Notification: rollback_not_completed - rollback NOT completed: real SSH rollback transport not wired (0/0 servers reverted)
2026/07/31 11:34:21 📢 Notification: deployment_failed - Production deployment failed: hxc213 writer 0 iter 261
2026/07/31 11:34:21 
❌ PRODUCTION DEPLOYMENT FAILED
2026/07/31 11:34:21 📊 Failure Summary:
2026/07/31 11:34:21    Failed Phase: deployment
2026/07/31 11:34:21    Error: hxc213 writer 0 iter 262
2026/07/31 11:34:21    Duration: 1.795258463s
2026/07/31 11:34:21    Servers Deployed: 0
2026/07/31 11:34:21 🔄 Triggering automatic rollback...
2026/07/31 11:34:21 🔄 Rollback requested for 0 deployed server(s) (reason: hxc213 writer 0 iter 262)
2026/07/31 11:34:21 ❌ Rollback NOT completed: rollback NOT completed: real SSH rollback transport not wired (0/0 servers reverted)
2026/07/31 11:34:21 📢 Notification: rollback_not_completed - rollback NOT completed: real SSH rollback transport not wired (0/0 servers reverted)
2026/07/31 11:34:21 📢 Notification: deployment_failed - Production deployment failed: hxc213 writer 0 iter 262
2026/07/31 11:34:21 
❌ PRODUCTION DEPLOYMENT FAILED
2026/07/31 11:34:21 📊 Failure Summary:
2026/07/31 11:34:21    Failed Phase: deployment
2026/07/31 11:34:21    Error: hxc213 writer 0 iter 263
2026/07/31 11:34:21    Duration: 1.795361709s
2026/07/31 11:34:21    Servers Deployed: 0
2026/07/31 11:34:21 🔄 Triggering automatic rollback...
2026/07/31 11:34:21 🔄 Rollback requested for 0 deployed server(s) (reason: hxc213 writer 2 iter 243)
2026/07/31 11:34:21 ❌ Rollback NOT completed: rollback NOT completed: real SSH rollback transport not wired (0/0 servers reverted)
2026/07/31 11:34:21 📢 Notification: rollback_not_completed - rollback NOT completed: real SSH rollback transport not wired (0/0 servers reverted)
2026/07/31 11:34:21 📢 Notification: deployment_failed - Production deployment failed: hxc213 writer 2 iter 243
2026/07/31 11:34:21 
❌ PRODUCTION DEPLOYMENT FAILED
2026/07/31 11:34:21 📊 Failure Summary:
2026/07/31 11:34:21    Failed Phase: deployment
2026/07/31 11:34:21    Error: hxc213 writer 2 iter 244
2026/07/31 11:34:21    Duration: 1.797582176s
2026/07/31 11:34:21    Servers Deployed: 0
2026/07/31 11:34:21 🔄 Triggering automatic rollback...
2026/07/31 11:34:21 🔄 Rollback requested for 0 deployed server(s) (reason: hxc213 writer 2 iter 244)
2026/07/31 11:34:21 ❌ Rollback NOT completed: rollback NOT completed: real SSH rollback transport not wired (0/0 servers reverted)
2026/07/31 11:34:21 📢 Notification: rollback_not_completed - rollback NOT completed: real SSH rollback transport not wired (0/0 servers reverted)
2026/07/31 11:34:21 📢 Notification: deployment_failed - Production deployment failed: hxc213 writer 2 iter 244
2026/07/31 11:34:21 
❌ PRODUCTION DEPLOYMENT FAILED
2026/07/31 11:34:21 📊 Failure Summary:
2026/07/31 11:34:21    Failed Phase: deployment
2026/07/31 11:34:21    Error: hxc213 writer 2 iter 245
2026/07/31 11:34:21    Duration: 1.79823953s
2026/07/31 11:34:21    Servers Deployed: 0
2026/07/31 11:34:21 🔄 Triggering automatic rollback...
2026/07/31 11:34:21 🔄 Rollback requested for 0 deployed server(s) (reason: hxc213 writer 2 iter 245)
2026/07/31 11:34:21 ❌ Rollback NOT completed: rollback NOT completed: real SSH rollback transport not wired (0/0 servers reverted)
2026/07/31 11:34:21 📢 Notification: rollback_not_completed - rollback NOT completed: real SSH rollback transport not wired (0/0 servers reverted)
2026/07/31 11:34:21 📢 Notification: deployment_failed - Production deployment failed: hxc213 writer 2 iter 245
2026/07/31 11:34:21 
❌ PRODUCTION DEPLOYMENT FAILED
2026/07/31 11:34:21 📊 Failure Summary:
2026/07/31 11:34:21    Failed Phase: deployment
2026/07/31 11:34:21    Error: hxc213 writer 2 iter 246
2026/07/31 11:34:21    Duration: 1.798393843s
2026/07/31 11:34:21    Servers Deployed: 0
2026/07/31 11:34:21 🔄 Triggering automatic rollback...
2026/07/31 11:34:21 🔄 Rollback requested for 0 deployed server(s) (reason: hxc213 writer 2 iter 246)
2026/07/31 11:34:21 ❌ Rollback NOT completed: rollback NOT completed: real SSH rollback transport not wired (0/0 servers reverted)
2026/07/31 11:34:21 📢 Notification: rollback_not_completed - rollback NOT completed: real SSH rollback transport not wired (0/0 servers reverted)
2026/07/31 11:34:21 📢 Notification: deployment_failed - Production deployment failed: hxc213 writer 2 iter 246
2026/07/31 11:34:21 
❌ PRODUCTION DEPLOYMENT FAILED
2026/07/31 11:34:21 📊 Failure Summary:
2026/07/31 11:34:21    Failed Phase: deployment
2026/07/31 11:34:21    Error: hxc213 writer 2 iter 247
2026/07/31 11:34:21    Duration: 1.798487394s
2026/07/31 11:34:21    Servers Deployed: 0
2026/07/31 11:34:21 🔄 Triggering automatic rollback...
2026/07/31 11:34:21 🔄 Rollback requested for 0 deployed server(s) (reason: hxc213 writer 2 iter 247)
2026/07/31 11:34:21 ❌ Rollback NOT completed: rollback NOT completed: real SSH rollback transport not wired (0/0 servers reverted)
2026/07/31 11:34:21 📢 Notification: rollback_not_completed - rollback NOT completed: real SSH rollback transport not wired (0/0 servers reverted)
2026/07/31 11:34:21 📢 Notification: deployment_failed - Production deployment failed: hxc213 writer 2 iter 247
2026/07/31 11:34:21 
❌ PRODUCTION DEPLOYMENT FAILED
2026/07/31 11:34:21 📊 Failure Summary:
2026/07/31 11:34:21    Failed Phase: deployment
2026/07/31 11:34:21    Error: hxc213 writer 2 iter 248
2026/07/31 11:34:21    Duration: 1.798589308s
2026/07/31 11:34:21    Servers Deployed: 0
2026/07/31 11:34:21 🔄 Triggering automatic rollback...
2026/07/31 11:34:21 🔄 Rollback requested for 0 deployed server(s) (reason: hxc213 writer 2 iter 248)
2026/07/31 11:34:21 ❌ Rollback NOT completed: rollback NOT completed: real SSH rollback transport not wired (0/0 servers reverted)
2026/07/31 11:34:21 📢 Notification: rollback_not_completed - rollback NOT completed: real SSH rollback transport not wired (0/0 servers reverted)
2026/07/31 11:34:21 📢 Notification: deployment_failed - Production deployment failed: hxc213 writer 2 iter 248
2026/07/31 11:34:21 
❌ PRODUCTION DEPLOYMENT FAILED
2026/07/31 11:34:21 📊 Failure Summary:
2026/07/31 11:34:21    Failed Phase: deployment
2026/07/31 11:34:21    Error: hxc213 writer 2 iter 249
2026/07/31 11:34:21    Duration: 1.798694427s
2026/07/31 11:34:21    Servers Deployed: 0
2026/07/31 11:34:21 🔄 Triggering automatic rollback...
2026/07/31 11:34:21 🔄 Rollback requested for 0 deployed server(s) (reason: hxc213 writer 2 iter 249)
2026/07/31 11:34:21 ❌ Rollback NOT completed: rollback NOT completed: real SSH rollback transport not wired (0/0 servers reverted)
2026/07/31 11:34:21 📢 Notification: rollback_not_completed - rollback NOT completed: real SSH rollback transport not wired (0/0 servers reverted)
2026/07/31 11:34:21 📢 Notification: deployment_failed - Production deployment failed: hxc213 writer 2 iter 249
2026/07/31 11:34:21 
❌ PRODUCTION DEPLOYMENT FAILED
2026/07/31 11:34:21 📊 Failure Summary:
2026/07/31 11:34:21    Failed Phase: deployment
2026/07/31 11:34:21    Error: hxc213 writer 2 iter 250
2026/07/31 11:34:21    Duration: 1.798790242s
2026/07/31 11:34:21    Servers Deployed: 0
2026/07/31 11:34:21 🔄 Triggering automatic rollback...
2026/07/31 11:34:21 🔄 Rollback requested for 0 deployed server(s) (reason: hxc213 writer 2 iter 250)
2026/07/31 11:34:21 ❌ Rollback NOT completed: rollback NOT completed: real SSH rollback transport not wired (0/0 servers reverted)
2026/07/31 11:34:21 📢 Notification: rollback_not_completed - rollback NOT completed: real SSH rollback transport not wired (0/0 servers reverted)
2026/07/31 11:34:21 📢 Notification: deployment_failed - Production deployment failed: hxc213 writer 2 iter 250
2026/07/31 11:34:21 
❌ PRODUCTION DEPLOYMENT FAILED
2026/07/31 11:34:21 📊 Failure Summary:
2026/07/31 11:34:21    Failed Phase: deployment
2026/07/31 11:34:21    Error: hxc213 writer 2 iter 251
2026/07/31 11:34:21    Duration: 1.798882161s
2026/07/31 11:34:21    Servers Deployed: 0
2026/07/31 11:34:21 🔄 Triggering automatic rollback...
2026/07/31 11:34:21 🔄 Rollback requested for 0 deployed server(s) (reason: hxc213 writer 2 iter 251)
2026/07/31 11:34:21 ❌ Rollback NOT completed: rollback NOT completed: real SSH rollback transport not wired (0/0 servers reverted)
2026/07/31 11:34:21 📢 Notification: rollback_not_completed - rollback NOT completed: real SSH rollback transport not wired (0/0 servers reverted)
2026/07/31 11:34:21 📢 Notification: deployment_failed - Production deployment failed: hxc213 writer 2 iter 251
2026/07/31 11:34:21 
❌ PRODUCTION DEPLOYMENT FAILED
2026/07/31 11:34:21 📊 Failure Summary:
2026/07/31 11:34:21    Failed Phase: deployment
2026/07/31 11:34:21    Error: hxc213 writer 2 iter 252
2026/07/31 11:34:21    Duration: 1.798973629s
2026/07/31 11:34:21    Servers Deployed: 0
2026/07/31 11:34:21 🔄 Triggering automatic rollback...
2026/07/31 11:34:21 🔄 Rollback requested for 0 deployed server(s) (reason: hxc213 writer 2 iter 252)
2026/07/31 11:34:21 ❌ Rollback NOT completed: rollback NOT completed: real SSH rollback transport not wired (0/0 servers reverted)
2026/07/31 11:34:21 📢 Notification: rollback_not_completed - rollback NOT completed: real SSH rollback transport not wired (0/0 servers reverted)
2026/07/31 11:34:21 📢 Notification: deployment_failed - Production deployment failed: hxc213 writer 2 iter 252
2026/07/31 11:34:21 
❌ PRODUCTION DEPLOYMENT FAILED
2026/07/31 11:34:21 📊 Failure Summary:
2026/07/31 11:34:21    Failed Phase: deployment
2026/07/31 11:34:21    Error: hxc213 writer 2 iter 253
2026/07/31 11:34:21    Duration: 1.799064517s
2026/07/31 11:34:21    Servers Deployed: 0
2026/07/31 11:34:21 🔄 Triggering automatic rollback...
2026/07/31 11:34:21 🔄 Rollback requested for 0 deployed server(s) (reason: hxc213 writer 2 iter 253)
2026/07/31 11:34:21 ❌ Rollback NOT completed: rollback NOT completed: real SSH rollback transport not wired (0/0 servers reverted)
2026/07/31 11:34:21 📢 Notification: rollback_not_completed - rollback NOT completed: real SSH rollback transport not wired (0/0 servers reverted)
2026/07/31 11:34:21 📢 Notification: deployment_failed - Production deployment failed: hxc213 writer 2 iter 253
2026/07/31 11:34:21 
❌ PRODUCTION DEPLOYMENT FAILED
2026/07/31 11:34:21 📊 Failure Summary:
2026/07/31 11:34:21    Failed Phase: deployment
2026/07/31 11:34:21    Error: hxc213 writer 2 iter 254
2026/07/31 11:34:21    Duration: 1.799152259s
2026/07/31 11:34:21    Servers Deployed: 0
2026/07/31 11:34:21 🔄 Triggering automatic rollback...
2026/07/31 11:34:21 🔄 Rollback requested for 0 deployed server(s) (reason: hxc213 writer 2 iter 254)
2026/07/31 11:34:21 ❌ Rollback NOT completed: rollback NOT completed: real SSH rollback transport not wired (0/0 servers reverted)
2026/07/31 11:34:21 📢 Notification: rollback_not_completed - rollback NOT completed: real SSH rollback transport not wired (0/0 servers reverted)
2026/07/31 11:34:21 📢 Notification: deployment_failed - Production deployment failed: hxc213 writer 2 iter 254
2026/07/31 11:34:21 
❌ PRODUCTION DEPLOYMENT FAILED
2026/07/31 11:34:21 📊 Failure Summary:
2026/07/31 11:34:21    Failed Phase: deployment
2026/07/31 11:34:21    Error: hxc213 writer 2 iter 255
2026/07/31 11:34:21    Duration: 1.7992518s
2026/07/31 11:34:21    Servers Deployed: 0
2026/07/31 11:34:21 🔄 Triggering automatic rollback...
2026/07/31 11:34:21 🔄 Rollback requested for 0 deployed server(s) (reason: hxc213 writer 2 iter 255)
2026/07/31 11:34:21 ❌ Rollback NOT completed: rollback NOT completed: real SSH rollback transport not wired (0/0 servers reverted)
2026/07/31 11:34:21 🔄 Rollback requested for 0 deployed server(s) (reason: hxc213 writer 0 iter 263)
2026/07/31 11:34:21 📢 Notification: rollback_not_completed - rollback NOT completed: real SSH rollback transport not wired (0/0 servers reverted)
2026/07/31 11:34:21 📢 Notification: deployment_failed - Production deployment failed: hxc213 writer 2 iter 255
2026/07/31 11:34:21 
❌ PRODUCTION DEPLOYMENT FAILED
2026/07/31 11:34:21 📊 Failure Summary:
2026/07/31 11:34:21 ❌ Rollback NOT completed: rollback NOT completed: real SSH rollback transport not wired (0/0 servers reverted)
2026/07/31 11:34:21    Failed Phase: deployment
2026/07/31 11:34:21 📢 Notification: rollback_not_completed - rollback NOT completed: real SSH rollback transport not wired (0/0 servers reverted)
2026/07/31 11:34:21    Error: hxc213 writer 2 iter 256
2026/07/31 11:34:21    Duration: 1.799345502s
2026/07/31 11:34:21 📢 Notification: deployment_failed - Production deployment failed: hxc213 writer 0 iter 263
2026/07/31 11:34:21    Servers Deployed: 0
2026/07/31 11:34:21 
❌ PRODUCTION DEPLOYMENT FAILED
2026/07/31 11:34:21 🔄 Triggering automatic rollback...
2026/07/31 11:34:21 📊 Failure Summary:
2026/07/31 11:34:21 🔄 Rollback requested for 0 deployed server(s) (reason: hxc213 writer 2 iter 256)
2026/07/31 11:34:21    Failed Phase: deployment
2026/07/31 11:34:21 ❌ Rollback NOT completed: rollback NOT completed: real SSH rollback transport not wired (0/0 servers reverted)
2026/07/31 11:34:21    Error: hxc213 writer 0 iter 264
2026/07/31 11:34:21 📢 Notification: rollback_not_completed - rollback NOT completed: real SSH rollback transport not wired (0/0 servers reverted)
2026/07/31 11:34:21    Duration: 1.799388887s
2026/07/31 11:34:21 📢 Notification: deployment_failed - Production deployment failed: hxc213 writer 2 iter 256
2026/07/31 11:34:21    Servers Deployed: 0
2026/07/31 11:34:21 🔄 Triggering automatic rollback...
2026/07/31 11:34:21 
❌ PRODUCTION DEPLOYMENT FAILED
2026/07/31 11:34:21 📊 Failure Summary:
2026/07/31 11:34:21    Failed Phase: deployment
2026/07/31 11:34:21    Error: hxc213 writer 2 iter 257
2026/07/31 11:34:21    Duration: 1.799451301s
2026/07/31 11:34:21    Servers Deployed: 0
2026/07/31 11:34:21 🔄 Triggering automatic rollback...
2026/07/31 11:34:21 🔄 Rollback requested for 0 deployed server(s) (reason: hxc213 writer 2 iter 257)
2026/07/31 11:34:21 ❌ Rollback NOT completed: rollback NOT completed: real SSH rollback transport not wired (0/0 servers reverted)
2026/07/31 11:34:21 📢 Notification: rollback_not_completed - rollback NOT completed: real SSH rollback transport not wired (0/0 servers reverted)
2026/07/31 11:34:21 📢 Notification: deployment_failed - Production deployment failed: hxc213 writer 2 iter 257
2026/07/31 11:34:21 
❌ PRODUCTION DEPLOYMENT FAILED
2026/07/31 11:34:21 📊 Failure Summary:
2026/07/31 11:34:21    Failed Phase: deployment
2026/07/31 11:34:21    Error: hxc213 writer 2 iter 258
2026/07/31 11:34:21    Duration: 1.801369792s
2026/07/31 11:34:21    Servers Deployed: 0
2026/07/31 11:34:21 🔄 Triggering automatic rollback...
2026/07/31 11:34:21 🔄 Rollback requested for 0 deployed server(s) (reason: hxc213 writer 2 iter 258)
2026/07/31 11:34:21 ❌ Rollback NOT completed: rollback NOT completed: real SSH rollback transport not wired (0/0 servers reverted)
2026/07/31 11:34:21 📢 Notification: rollback_not_completed - rollback NOT completed: real SSH rollback transport not wired (0/0 servers reverted)
2026/07/31 11:34:21 📢 Notification: deployment_failed - Production deployment failed: hxc213 writer 2 iter 258
2026/07/31 11:34:21 
❌ PRODUCTION DEPLOYMENT FAILED
2026/07/31 11:34:21 📊 Failure Summary:
2026/07/31 11:34:21    Failed Phase: deployment
2026/07/31 11:34:21    Error: hxc213 writer 2 iter 259
2026/07/31 11:34:21    Duration: 1.801483774s
2026/07/31 11:34:21    Servers Deployed: 0
2026/07/31 11:34:21 🔄 Triggering automatic rollback...
2026/07/31 11:34:21 🔄 Rollback requested for 0 deployed server(s) (reason: hxc213 writer 2 iter 259)
2026/07/31 11:34:21 ❌ Rollback NOT completed: rollback NOT completed: real SSH rollback transport not wired (0/0 servers reverted)
2026/07/31 11:34:21 📢 Notification: rollback_not_completed - rollback NOT completed: real SSH rollback transport not wired (0/0 servers reverted)
2026/07/31 11:34:21 📢 Notification: deployment_failed - Production deployment failed: hxc213 writer 2 iter 259
2026/07/31 11:34:21 
❌ PRODUCTION DEPLOYMENT FAILED
2026/07/31 11:34:21 📊 Failure Summary:
2026/07/31 11:34:21    Failed Phase: deployment
2026/07/31 11:34:21    Error: hxc213 writer 2 iter 260
2026/07/31 11:34:21    Duration: 1.801580681s
2026/07/31 11:34:21    Servers Deployed: 0
2026/07/31 11:34:21 🔄 Triggering automatic rollback...
2026/07/31 11:34:21 🔄 Rollback requested for 0 deployed server(s) (reason: hxc213 writer 0 iter 264)
2026/07/31 11:34:21 🔄 Rollback requested for 0 deployed server(s) (reason: hxc213 writer 2 iter 260)
2026/07/31 11:34:21 ❌ Rollback NOT completed: rollback NOT completed: real SSH rollback transport not wired (0/0 servers reverted)
2026/07/31 11:34:21 ❌ Rollback NOT completed: rollback NOT completed: real SSH rollback transport not wired (0/0 servers reverted)
2026/07/31 11:34:21 📢 Notification: rollback_not_completed - rollback NOT completed: real SSH rollback transport not wired (0/0 servers reverted)
2026/07/31 11:34:21 📢 Notification: rollback_not_completed - rollback NOT completed: real SSH rollback transport not wired (0/0 servers reverted)
2026/07/31 11:34:21 📢 Notification: deployment_failed - Production deployment failed: hxc213 writer 0 iter 264
2026/07/31 11:34:21 📢 Notification: deployment_failed - Production deployment failed: hxc213 writer 2 iter 260
2026/07/31 11:34:21 
❌ PRODUCTION DEPLOYMENT FAILED
2026/07/31 11:34:21 📊 Failure Summary:
2026/07/31 11:34:21    Failed Phase: deployment
2026/07/31 11:34:21    Error: hxc213 writer 0 iter 265
2026/07/31 11:34:21    Duration: 1.80168586s
2026/07/31 11:34:21    Servers Deployed: 0
2026/07/31 11:34:21 🔄 Triggering automatic rollback...
2026/07/31 11:34:21 🔄 Rollback requested for 0 deployed server(s) (reason: hxc213 writer 0 iter 265)
2026/07/31 11:34:21 ❌ Rollback NOT completed: rollback NOT completed: real SSH rollback transport not wired (0/0 servers reverted)
2026/07/31 11:34:21 📢 Notification: rollback_not_completed - rollback NOT completed: real SSH rollback transport not wired (0/0 servers reverted)
2026/07/31 11:34:21 📢 Notification: deployment_failed - Production deployment failed: hxc213 writer 0 iter 265
2026/07/31 11:34:21 
❌ PRODUCTION DEPLOYMENT FAILED
2026/07/31 11:34:21 📊 Failure Summary:
2026/07/31 11:34:21    Failed Phase: deployment
2026/07/31 11:34:21    Error: hxc213 writer 0 iter 266
2026/07/31 11:34:21    Duration: 1.803215432s
2026/07/31 11:34:21    Servers Deployed: 0
2026/07/31 11:34:21 🔄 Triggering automatic rollback...
2026/07/31 11:34:21 🔄 Rollback requested for 0 deployed server(s) (reason: hxc213 writer 0 iter 266)
2026/07/31 11:34:21 ❌ Rollback NOT completed: rollback NOT completed: real SSH rollback transport not wired (0/0 servers reverted)
2026/07/31 11:34:21 📢 Notification: rollback_not_completed - rollback NOT completed: real SSH rollback transport not wired (0/0 servers reverted)
2026/07/31 11:34:21 📢 Notification: deployment_failed - Production deployment failed: hxc213 writer 0 iter 266
2026/07/31 11:34:21 
❌ PRODUCTION DEPLOYMENT FAILED
2026/07/31 11:34:21 📊 Failure Summary:
2026/07/31 11:34:21    Failed Phase: deployment
2026/07/31 11:34:21    Error: hxc213 writer 0 iter 267
2026/07/31 11:34:21    Duration: 1.803331578s
2026/07/31 11:34:21    Servers Deployed: 0
2026/07/31 11:34:21 🔄 Triggering automatic rollback...
2026/07/31 11:34:21 🔄 Rollback requested for 0 deployed server(s) (reason: hxc213 writer 0 iter 267)
2026/07/31 11:34:21 ❌ Rollback NOT completed: rollback NOT completed: real SSH rollback transport not wired (0/0 servers reverted)
2026/07/31 11:34:21 📢 Notification: rollback_not_completed - rollback NOT completed: real SSH rollback transport not wired (0/0 servers reverted)
2026/07/31 11:34:21 📢 Notification: deployment_failed - Production deployment failed: hxc213 writer 0 iter 267
2026/07/31 11:34:21 
❌ PRODUCTION DEPLOYMENT FAILED
2026/07/31 11:34:21 📊 Failure Summary:
2026/07/31 11:34:21    Failed Phase: deployment
2026/07/31 11:34:21    Error: hxc213 writer 0 iter 268
2026/07/31 11:34:21    Duration: 1.803438489s
2026/07/31 11:34:21    Servers Deployed: 0
2026/07/31 11:34:21 🔄 Triggering automatic rollback...
2026/07/31 11:34:21 🔄 Rollback requested for 0 deployed server(s) (reason: hxc213 writer 0 iter 268)
2026/07/31 11:34:21 ❌ Rollback NOT completed: rollback NOT completed: real SSH rollback transport not wired (0/0 servers reverted)
2026/07/31 11:34:21 📢 Notification: rollback_not_completed - rollback NOT completed: real SSH rollback transport not wired (0/0 servers reverted)
2026/07/31 11:34:21 📢 Notification: deployment_failed - Production deployment failed: hxc213 writer 0 iter 268
2026/07/31 11:34:21 
❌ PRODUCTION DEPLOYMENT FAILED
2026/07/31 11:34:21 📊 Failure Summary:
2026/07/31 11:34:21    Failed Phase: deployment
2026/07/31 11:34:21    Error: hxc213 writer 0 iter 269
2026/07/31 11:34:21    Duration: 1.803519241s
2026/07/31 11:34:21    Servers Deployed: 0
2026/07/31 11:34:21 🔄 Triggering automatic rollback...
2026/07/31 11:34:21 🔄 Rollback requested for 0 deployed server(s) (reason: hxc213 writer 0 iter 269)
2026/07/31 11:34:21 ❌ Rollback NOT completed: rollback NOT completed: real SSH rollback transport not wired (0/0 servers reverted)
2026/07/31 11:34:21 📢 Notification: rollback_not_completed - rollback NOT completed: real SSH rollback transport not wired (0/0 servers reverted)
2026/07/31 11:34:21 📢 Notification: deployment_failed - Production deployment failed: hxc213 writer 0 iter 269
2026/07/31 11:34:21 
❌ PRODUCTION DEPLOYMENT FAILED
2026/07/31 11:34:21 📊 Failure Summary:
2026/07/31 11:34:21    Failed Phase: deployment
2026/07/31 11:34:21    Error: hxc213 writer 0 iter 270
2026/07/31 11:34:21    Duration: 1.803606333s
2026/07/31 11:34:21    Servers Deployed: 0
2026/07/31 11:34:21 🔄 Triggering automatic rollback...
2026/07/31 11:34:21 🔄 Rollback requested for 0 deployed server(s) (reason: hxc213 writer 0 iter 270)
2026/07/31 11:34:21 
❌ PRODUCTION DEPLOYMENT FAILED
2026/07/31 11:34:21 ❌ Rollback NOT completed: rollback NOT completed: real SSH rollback transport not wired (0/0 servers reverted)
2026/07/31 11:34:21 📊 Failure Summary:
2026/07/31 11:34:21 📢 Notification: rollback_not_completed - rollback NOT completed: real SSH rollback transport not wired (0/0 servers reverted)
2026/07/31 11:34:21    Failed Phase: deployment
2026/07/31 11:34:21 📢 Notification: deployment_failed - Production deployment failed: hxc213 writer 0 iter 270
2026/07/31 11:34:21    Error: hxc213 writer 2 iter 261
2026/07/31 11:34:21    Duration: 1.803606333s
2026/07/31 11:34:21 
❌ PRODUCTION DEPLOYMENT FAILED
2026/07/31 11:34:21 📊 Failure Summary:
2026/07/31 11:34:21    Failed Phase: deployment
2026/07/31 11:34:21    Error: hxc213 writer 0 iter 271
2026/07/31 11:34:21    Duration: 1.804220091s
2026/07/31 11:34:21    Servers Deployed: 0
2026/07/31 11:34:21 🔄 Triggering automatic rollback...
2026/07/31 11:34:21 🔄 Rollback requested for 0 deployed server(s) (reason: hxc213 writer 0 iter 271)
2026/07/31 11:34:21 ❌ Rollback NOT completed: rollback NOT completed: real SSH rollback transport not wired (0/0 servers reverted)
2026/07/31 11:34:21 📢 Notification: rollback_not_completed - rollback NOT completed: real SSH rollback transport not wired (0/0 servers reverted)
2026/07/31 11:34:21 📢 Notification: deployment_failed - Production deployment failed: hxc213 writer 0 iter 271
2026/07/31 11:34:21 
❌ PRODUCTION DEPLOYMENT FAILED
2026/07/31 11:34:21 📊 Failure Summary:
2026/07/31 11:34:21    Failed Phase: deployment
2026/07/31 11:34:21    Error: hxc213 writer 0 iter 272
2026/07/31 11:34:21    Duration: 1.804747037s
2026/07/31 11:34:21    Servers Deployed: 0
2026/07/31 11:34:21 🔄 Triggering automatic rollback...
2026/07/31 11:34:21 🔄 Rollback requested for 0 deployed server(s) (reason: hxc213 writer 0 iter 272)
2026/07/31 11:34:21 ❌ Rollback NOT completed: rollback NOT completed: real SSH rollback transport not wired (0/0 servers reverted)
2026/07/31 11:34:21 📢 Notification: rollback_not_completed - rollback NOT completed: real SSH rollback transport not wired (0/0 servers reverted)
2026/07/31 11:34:21 📢 Notification: deployment_failed - Production deployment failed: hxc213 writer 0 iter 272
2026/07/31 11:34:21 
❌ PRODUCTION DEPLOYMENT FAILED
2026/07/31 11:34:21 📊 Failure Summary:
2026/07/31 11:34:21    Failed Phase: deployment
2026/07/31 11:34:21    Error: hxc213 writer 0 iter 273
2026/07/31 11:34:21    Duration: 1.804844895s
2026/07/31 11:34:21    Servers Deployed: 0
2026/07/31 11:34:21 🔄 Triggering automatic rollback...
2026/07/31 11:34:21 🔄 Rollback requested for 0 deployed server(s) (reason: hxc213 writer 0 iter 273)
2026/07/31 11:34:21 ❌ Rollback NOT completed: rollback NOT completed: real SSH rollback transport not wired (0/0 servers reverted)
2026/07/31 11:34:21 📢 Notification: rollback_not_completed - rollback NOT completed: real SSH rollback transport not wired (0/0 servers reverted)
2026/07/31 11:34:21 📢 Notification: deployment_failed - Production deployment failed: hxc213 writer 0 iter 273
2026/07/31 11:34:21 
❌ PRODUCTION DEPLOYMENT FAILED
2026/07/31 11:34:21 📊 Failure Summary:
2026/07/31 11:34:21    Failed Phase: deployment
2026/07/31 11:34:21    Error: hxc213 writer 0 iter 274
2026/07/31 11:34:21    Duration: 1.804935422s
2026/07/31 11:34:21    Servers Deployed: 0
2026/07/31 11:34:21 🔄 Triggering automatic rollback...
2026/07/31 11:34:21 🔄 Rollback requested for 0 deployed server(s) (reason: hxc213 writer 0 iter 274)
2026/07/31 11:34:21 ❌ Rollback NOT completed: rollback NOT completed: real SSH rollback transport not wired (0/0 servers reverted)
2026/07/31 11:34:21 📢 Notification: rollback_not_completed - rollback NOT completed: real SSH rollback transport not wired (0/0 servers reverted)
2026/07/31 11:34:21 📢 Notification: deployment_failed - Production deployment failed: hxc213 writer 0 iter 274
2026/07/31 11:34:21 
❌ PRODUCTION DEPLOYMENT FAILED
2026/07/31 11:34:21 📊 Failure Summary:
2026/07/31 11:34:21    Failed Phase: deployment
2026/07/31 11:34:21    Error: hxc213 writer 0 iter 275
2026/07/31 11:34:21    Duration: 1.805055063s
2026/07/31 11:34:21    Servers Deployed: 0
2026/07/31 11:34:21 🔄 Triggering automatic rollback...
2026/07/31 11:34:21 🔄 Rollback requested for 0 deployed server(s) (reason: hxc213 writer 0 iter 275)
2026/07/31 11:34:21 ❌ Rollback NOT completed: rollback NOT completed: real SSH rollback transport not wired (0/0 servers reverted)
2026/07/31 11:34:21 📢 Notification: rollback_not_completed - rollback NOT completed: real SSH rollback transport not wired (0/0 servers reverted)
2026/07/31 11:34:21 📢 Notification: deployment_failed - Production deployment failed: hxc213 writer 0 iter 275
2026/07/31 11:34:21 
❌ PRODUCTION DEPLOYMENT FAILED
2026/07/31 11:34:21 📊 Failure Summary:
2026/07/31 11:34:21    Failed Phase: deployment
2026/07/31 11:34:21    Error: hxc213 writer 0 iter 276
2026/07/31 11:34:21    Duration: 1.805167673s
2026/07/31 11:34:21    Servers Deployed: 0
2026/07/31 11:34:21 🔄 Triggering automatic rollback...
2026/07/31 11:34:21 🔄 Rollback requested for 0 deployed server(s) (reason: hxc213 writer 0 iter 276)
2026/07/31 11:34:21 ❌ Rollback NOT completed: rollback NOT completed: real SSH rollback transport not wired (0/0 servers reverted)
2026/07/31 11:34:21 📢 Notification: rollback_not_completed - rollback NOT completed: real SSH rollback transport not wired (0/0 servers reverted)
2026/07/31 11:34:21 📢 Notification: deployment_failed - Production deployment failed: hxc213 writer 0 iter 276
2026/07/31 11:34:21 
❌ PRODUCTION DEPLOYMENT FAILED
2026/07/31 11:34:21 📊 Failure Summary:
2026/07/31 11:34:21    Failed Phase: deployment
2026/07/31 11:34:21    Error: hxc213 writer 0 iter 277
2026/07/31 11:34:21    Duration: 1.805286573s
2026/07/31 11:34:21    Servers Deployed: 0
2026/07/31 11:34:21 🔄 Triggering automatic rollback...
2026/07/31 11:34:21 🔄 Rollback requested for 0 deployed server(s) (reason: hxc213 writer 0 iter 277)
2026/07/31 11:34:21 ❌ Rollback NOT completed: rollback NOT completed: real SSH rollback transport not wired (0/0 servers reverted)
2026/07/31 11:34:21 📢 Notification: rollback_not_completed - rollback NOT completed: real SSH rollback transport not wired (0/0 servers reverted)
2026/07/31 11:34:21 📢 Notification: deployment_failed - Production deployment failed: hxc213 writer 0 iter 277
2026/07/31 11:34:21 
❌ PRODUCTION DEPLOYMENT FAILED
2026/07/31 11:34:21 📊 Failure Summary:
2026/07/31 11:34:21    Failed Phase: deployment
2026/07/31 11:34:21    Error: hxc213 writer 0 iter 278
2026/07/31 11:34:21    Duration: 1.805399594s
2026/07/31 11:34:21    Servers Deployed: 0
2026/07/31 11:34:21 🔄 Triggering automatic rollback...
2026/07/31 11:34:21 🔄 Rollback requested for 0 deployed server(s) (reason: hxc213 writer 2 iter 261)
2026/07/31 11:34:21 ❌ Rollback NOT completed: rollback NOT completed: real SSH rollback transport not wired (0/0 servers reverted)
2026/07/31 11:34:21 📢 Notification: rollback_not_completed - rollback NOT completed: real SSH rollback transport not wired (0/0 servers reverted)
2026/07/31 11:34:21 📢 Notification: deployment_failed - Production deployment failed: hxc213 writer 2 iter 261
2026/07/31 11:34:21 
❌ PRODUCTION DEPLOYMENT FAILED
2026/07/31 11:34:21 📊 Failure Summary:
2026/07/31 11:34:21    Failed Phase: deployment
2026/07/31 11:34:21    Error: hxc213 writer 2 iter 262
2026/07/31 11:34:21    Duration: 1.896587045s
2026/07/31 11:34:21    Servers Deployed: 0
2026/07/31 11:34:21 🔄 Triggering automatic rollback...
2026/07/31 11:34:21 🔄 Rollback requested for 0 deployed server(s) (reason: hxc213 writer 2 iter 262)
2026/07/31 11:34:21 ❌ Rollback NOT completed: rollback NOT completed: real SSH rollback transport not wired (0/0 servers reverted)
2026/07/31 11:34:21 📢 Notification: rollback_not_completed - rollback NOT completed: real SSH rollback transport not wired (0/0 servers reverted)
2026/07/31 11:34:21 📢 Notification: deployment_failed - Production deployment failed: hxc213 writer 2 iter 262
2026/07/31 11:34:21 
❌ PRODUCTION DEPLOYMENT FAILED
2026/07/31 11:34:21 📊 Failure Summary:
2026/07/31 11:34:21    Failed Phase: deployment
2026/07/31 11:34:21    Error: hxc213 writer 2 iter 263
2026/07/31 11:34:21    Duration: 1.896673726s
2026/07/31 11:34:21    Servers Deployed: 0
2026/07/31 11:34:21 🔄 Triggering automatic rollback...
2026/07/31 11:34:21 🔄 Rollback requested for 0 deployed server(s) (reason: hxc213 writer 2 iter 263)
2026/07/31 11:34:21 ❌ Rollback NOT completed: rollback NOT completed: real SSH rollback transport not wired (0/0 servers reverted)
2026/07/31 11:34:21 📢 Notification: rollback_not_completed - rollback NOT completed: real SSH rollback transport not wired (0/0 servers reverted)
2026/07/31 11:34:21 📢 Notification: deployment_failed - Production deployment failed: hxc213 writer 2 iter 263
2026/07/31 11:34:21 
❌ PRODUCTION DEPLOYMENT FAILED
2026/07/31 11:34:21 📊 Failure Summary:
2026/07/31 11:34:21    Failed Phase: deployment
2026/07/31 11:34:21    Error: hxc213 writer 2 iter 264
2026/07/31 11:34:21    Duration: 1.896772926s
2026/07/31 11:34:21    Servers Deployed: 0
2026/07/31 11:34:21 🔄 Triggering automatic rollback...
2026/07/31 11:34:21 🔄 Rollback requested for 0 deployed server(s) (reason: hxc213 writer 2 iter 264)
2026/07/31 11:34:21 ❌ Rollback NOT completed: rollback NOT completed: real SSH rollback transport not wired (0/0 servers reverted)
2026/07/31 11:34:21    Servers Deployed: 0
2026/07/31 11:34:21 🔄 Triggering automatic rollback...
2026/07/31 11:34:21 🔄 Rollback requested for 0 deployed server(s) (reason: hxc213 writer 0 iter 278)
2026/07/31 11:34:21 📢 Notification: rollback_not_completed - rollback NOT completed: real SSH rollback transport not wired (0/0 servers reverted)
2026/07/31 11:34:21 ❌ Rollback NOT completed: rollback NOT completed: real SSH rollback transport not wired (0/0 servers reverted)
2026/07/31 11:34:21 📢 Notification: rollback_not_completed - rollback NOT completed: real SSH rollback transport not wired (0/0 servers reverted)
2026/07/31 11:34:21 📢 Notification: deployment_failed - Production deployment failed: hxc213 writer 0 iter 278
2026/07/31 11:34:21 
❌ PRODUCTION DEPLOYMENT FAILED
2026/07/31 11:34:21 📊 Failure Summary:
2026/07/31 11:34:21    Failed Phase: deployment
2026/07/31 11:34:21    Error: hxc213 writer 0 iter 279
2026/07/31 11:34:21 📢 Notification: deployment_failed - Production deployment failed: hxc213 writer 2 iter 264
2026/07/31 11:34:21    Duration: 1.900652069s
2026/07/31 11:34:21    Servers Deployed: 0
2026/07/31 11:34:21 🔄 Triggering automatic rollback...
2026/07/31 11:34:21 🔄 Rollback requested for 0 deployed server(s) (reason: hxc213 writer 0 iter 279)
2026/07/31 11:34:21 
❌ PRODUCTION DEPLOYMENT FAILED
2026/07/31 11:34:21 📊 Failure Summary:
2026/07/31 11:34:21    Failed Phase: deployment
2026/07/31 11:34:21    Error: hxc213 writer 2 iter 265
2026/07/31 11:34:21    Duration: 1.900733272s
2026/07/31 11:34:21    Servers Deployed: 0
2026/07/31 11:34:21 🔄 Triggering automatic rollback...
2026/07/31 11:34:21 🔄 Rollback requested for 0 deployed server(s) (reason: hxc213 writer 2 iter 265)
2026/07/31 11:34:21 ❌ Rollback NOT completed: rollback NOT completed: real SSH rollback transport not wired (0/0 servers reverted)
2026/07/31 11:34:21 📢 Notification: rollback_not_completed - rollback NOT completed: real SSH rollback transport not wired (0/0 servers reverted)
2026/07/31 11:34:21 📢 Notification: deployment_failed - Production deployment failed: hxc213 writer 2 iter 265
2026/07/31 11:34:21 
❌ PRODUCTION DEPLOYMENT FAILED
2026/07/31 11:34:21 📊 Failure Summary:
2026/07/31 11:34:21    Failed Phase: deployment
2026/07/31 11:34:21    Error: hxc213 writer 2 iter 266
2026/07/31 11:34:21    Duration: 1.901729989s
2026/07/31 11:34:21    Servers Deployed: 0
2026/07/31 11:34:21 🔄 Triggering automatic rollback...
2026/07/31 11:34:21 🔄 Rollback requested for 0 deployed server(s) (reason: hxc213 writer 2 iter 266)
2026/07/31 11:34:21 ❌ Rollback NOT completed: rollback NOT completed: real SSH rollback transport not wired (0/0 servers reverted)
2026/07/31 11:34:21 📢 Notification: rollback_not_completed - rollback NOT completed: real SSH rollback transport not wired (0/0 servers reverted)
2026/07/31 11:34:21 📢 Notification: deployment_failed - Production deployment failed: hxc213 writer 2 iter 266
2026/07/31 11:34:21 
❌ PRODUCTION DEPLOYMENT FAILED
2026/07/31 11:34:21 📊 Failure Summary:
2026/07/31 11:34:21    Failed Phase: deployment
2026/07/31 11:34:21    Error: hxc213 writer 2 iter 267
2026/07/31 11:34:21    Duration: 1.901851753s
2026/07/31 11:34:21    Servers Deployed: 0
2026/07/31 11:34:21 🔄 Triggering automatic rollback...
2026/07/31 11:34:21 🔄 Rollback requested for 0 deployed server(s) (reason: hxc213 writer 2 iter 267)
2026/07/31 11:34:21 ❌ Rollback NOT completed: rollback NOT completed: real SSH rollback transport not wired (0/0 servers reverted)
2026/07/31 11:34:21 📢 Notification: rollback_not_completed - rollback NOT completed: real SSH rollback transport not wired (0/0 servers reverted)
2026/07/31 11:34:21 📢 Notification: deployment_failed - Production deployment failed: hxc213 writer 2 iter 267
2026/07/31 11:34:21 
❌ PRODUCTION DEPLOYMENT FAILED
2026/07/31 11:34:21 📊 Failure Summary:
2026/07/31 11:34:21    Failed Phase: deployment
2026/07/31 11:34:21    Error: hxc213 writer 2 iter 268
2026/07/31 11:34:21    Duration: 1.901954388s
2026/07/31 11:34:21    Servers Deployed: 0
2026/07/31 11:34:21 🔄 Triggering automatic rollback...
2026/07/31 11:34:21 🔄 Rollback requested for 0 deployed server(s) (reason: hxc213 writer 2 iter 268)
2026/07/31 11:34:21 ❌ Rollback NOT completed: rollback NOT completed: real SSH rollback transport not wired (0/0 servers reverted)
2026/07/31 11:34:21 📢 Notification: rollback_not_completed - rollback NOT completed: real SSH rollback transport not wired (0/0 servers reverted)
2026/07/31 11:34:21 📢 Notification: deployment_failed - Production deployment failed: hxc213 writer 2 iter 268
2026/07/31 11:34:21 
❌ PRODUCTION DEPLOYMENT FAILED
2026/07/31 11:34:21 📊 Failure Summary:
2026/07/31 11:34:21    Failed Phase: deployment
2026/07/31 11:34:21    Error: hxc213 writer 2 iter 269
2026/07/31 11:34:21    Duration: 1.902057724s
2026/07/31 11:34:21    Servers Deployed: 0
2026/07/31 11:34:21 🔄 Triggering automatic rollback...
2026/07/31 11:34:21 🔄 Rollback requested for 0 deployed server(s) (reason: hxc213 writer 2 iter 269)
2026/07/31 11:34:21 ❌ Rollback NOT completed: rollback NOT completed: real SSH rollback transport not wired (0/0 servers reverted)
2026/07/31 11:34:21 📢 Notification: rollback_not_completed - rollback NOT completed: real SSH rollback transport not wired (0/0 servers reverted)
2026/07/31 11:34:21 📢 Notification: deployment_failed - Production deployment failed: hxc213 writer 2 iter 269
2026/07/31 11:34:21 
❌ PRODUCTION DEPLOYMENT FAILED
2026/07/31 11:34:21 📊 Failure Summary:
2026/07/31 11:34:21    Failed Phase: deployment
2026/07/31 11:34:21    Error: hxc213 writer 2 iter 270
2026/07/31 11:34:21    Duration: 1.902152948s
2026/07/31 11:34:21    Servers Deployed: 0
2026/07/31 11:34:21 🔄 Triggering automatic rollback...
2026/07/31 11:34:21 🔄 Rollback requested for 0 deployed server(s) (reason: hxc213 writer 2 iter 270)
2026/07/31 11:34:21 ❌ Rollback NOT completed: rollback NOT completed: real SSH rollback transport not wired (0/0 servers reverted)
2026/07/31 11:34:21 📢 Notification: rollback_not_completed - rollback NOT completed: real SSH rollback transport not wired (0/0 servers reverted)
2026/07/31 11:34:21 📢 Notification: deployment_failed - Production deployment failed: hxc213 writer 2 iter 270
2026/07/31 11:34:21 
❌ PRODUCTION DEPLOYMENT FAILED
2026/07/31 11:34:21 📊 Failure Summary:
2026/07/31 11:34:21    Failed Phase: deployment
2026/07/31 11:34:21    Error: hxc213 writer 2 iter 271
2026/07/31 11:34:21    Duration: 1.902269034s
2026/07/31 11:34:21    Servers Deployed: 0
2026/07/31 11:34:21 🔄 Triggering automatic rollback...
2026/07/31 11:34:21 🔄 Rollback requested for 0 deployed server(s) (reason: hxc213 writer 2 iter 271)
2026/07/31 11:34:21 ❌ Rollback NOT completed: rollback NOT completed: real SSH rollback transport not wired (0/0 servers reverted)
2026/07/31 11:34:21 📢 Notification: rollback_not_completed - rollback NOT completed: real SSH rollback transport not wired (0/0 servers reverted)
2026/07/31 11:34:21 📢 Notification: deployment_failed - Production deployment failed: hxc213 writer 2 iter 271
2026/07/31 11:34:21 
❌ PRODUCTION DEPLOYMENT FAILED
2026/07/31 11:34:21 📊 Failure Summary:
2026/07/31 11:34:21    Failed Phase: deployment
2026/07/31 11:34:21    Error: hxc213 writer 2 iter 272
2026/07/31 11:34:21    Duration: 1.902393933s
2026/07/31 11:34:21    Servers Deployed: 0
2026/07/31 11:34:21 🔄 Triggering automatic rollback...
2026/07/31 11:34:21 🔄 Rollback requested for 0 deployed server(s) (reason: hxc213 writer 2 iter 272)
2026/07/31 11:34:21 ❌ Rollback NOT completed: rollback NOT completed: real SSH rollback transport not wired (0/0 servers reverted)
2026/07/31 11:34:21 📢 Notification: rollback_not_completed - rollback NOT completed: real SSH rollback transport not wired (0/0 servers reverted)
2026/07/31 11:34:21 📢 Notification: deployment_failed - Production deployment failed: hxc213 writer 2 iter 272
2026/07/31 11:34:21 
❌ PRODUCTION DEPLOYMENT FAILED
2026/07/31 11:34:21 📊 Failure Summary:
2026/07/31 11:34:21    Failed Phase: deployment
2026/07/31 11:34:21    Error: hxc213 writer 2 iter 273
2026/07/31 11:34:21    Duration: 1.902497279s
2026/07/31 11:34:21    Servers Deployed: 0
2026/07/31 11:34:21 🔄 Triggering automatic rollback...
2026/07/31 11:34:21 🔄 Rollback requested for 0 deployed server(s) (reason: hxc213 writer 2 iter 273)
2026/07/31 11:34:21 ❌ Rollback NOT completed: rollback NOT completed: real SSH rollback transport not wired (0/0 servers reverted)
2026/07/31 11:34:21 📢 Notification: rollback_not_completed - rollback NOT completed: real SSH rollback transport not wired (0/0 servers reverted)
2026/07/31 11:34:21 📢 Notification: deployment_failed - Production deployment failed: hxc213 writer 2 iter 273
2026/07/31 11:34:21 
❌ PRODUCTION DEPLOYMENT FAILED
2026/07/31 11:34:21 📊 Failure Summary:
2026/07/31 11:34:21    Failed Phase: deployment
2026/07/31 11:34:21    Error: hxc213 writer 2 iter 274
2026/07/31 11:34:21    Duration: 1.902592182s
2026/07/31 11:34:21    Servers Deployed: 0
2026/07/31 11:34:21 🔄 Triggering automatic rollback...
2026/07/31 11:34:21 🔄 Rollback requested for 0 deployed server(s) (reason: hxc213 writer 2 iter 274)
2026/07/31 11:34:21 ❌ Rollback NOT completed: rollback NOT completed: real SSH rollback transport not wired (0/0 servers reverted)
2026/07/31 11:34:21 📢 Notification: rollback_not_completed - rollback NOT completed: real SSH rollback transport not wired (0/0 servers reverted)
2026/07/31 11:34:21 📢 Notification: deployment_failed - Production deployment failed: hxc213 writer 2 iter 274
2026/07/31 11:34:21 
❌ PRODUCTION DEPLOYMENT FAILED
2026/07/31 11:34:21 📊 Failure Summary:
2026/07/31 11:34:21    Failed Phase: deployment
2026/07/31 11:34:21    Error: hxc213 writer 2 iter 275
2026/07/31 11:34:21    Duration: 1.902820668s
2026/07/31 11:34:21    Servers Deployed: 0
2026/07/31 11:34:21 🔄 Triggering automatic rollback...
2026/07/31 11:34:21 ❌ Rollback NOT completed: rollback NOT completed: real SSH rollback transport not wired (0/0 servers reverted)
2026/07/31 11:34:21 📢 Notification: rollback_not_completed - rollback NOT completed: real SSH rollback transport not wired (0/0 servers reverted)
2026/07/31 11:34:21 📢 Notification: deployment_failed - Production deployment failed: hxc213 writer 0 iter 279
2026/07/31 11:34:21 
❌ PRODUCTION DEPLOYMENT FAILED
2026/07/31 11:34:21 📊 Failure Summary:
2026/07/31 11:34:21    Failed Phase: deployment
2026/07/31 11:34:21    Error: hxc213 writer 0 iter 280
2026/07/31 11:34:21    Duration: 1.903064346s
2026/07/31 11:34:21    Servers Deployed: 0
2026/07/31 11:34:21 🔄 Triggering automatic rollback...
2026/07/31 11:34:21 🔄 Rollback requested for 0 deployed server(s) (reason: hxc213 writer 0 iter 280)
2026/07/31 11:34:21 ❌ Rollback NOT completed: rollback NOT completed: real SSH rollback transport not wired (0/0 servers reverted)
2026/07/31 11:34:21 📢 Notification: rollback_not_completed - rollback NOT completed: real SSH rollback transport not wired (0/0 servers reverted)
2026/07/31 11:34:21 📢 Notification: deployment_failed - Production deployment failed: hxc213 writer 0 iter 280
2026/07/31 11:34:21 
❌ PRODUCTION DEPLOYMENT FAILED
2026/07/31 11:34:21 📊 Failure Summary:
2026/07/31 11:34:21    Failed Phase: deployment
2026/07/31 11:34:21    Error: hxc213 writer 0 iter 281
2026/07/31 11:34:21    Duration: 1.90581201s
2026/07/31 11:34:21    Servers Deployed: 0
2026/07/31 11:34:21 🔄 Triggering automatic rollback...
2026/07/31 11:34:21 🔄 Rollback requested for 0 deployed server(s) (reason: hxc213 writer 0 iter 281)
2026/07/31 11:34:21 ❌ Rollback NOT completed: rollback NOT completed: real SSH rollback transport not wired (0/0 servers reverted)
2026/07/31 11:34:21 📢 Notification: rollback_not_completed - rollback NOT completed: real SSH rollback transport not wired (0/0 servers reverted)
2026/07/31 11:34:21 📢 Notification: deployment_failed - Production deployment failed: hxc213 writer 0 iter 281
2026/07/31 11:34:21 
❌ PRODUCTION DEPLOYMENT FAILED
2026/07/31 11:34:21 📊 Failure Summary:
2026/07/31 11:34:21    Failed Phase: deployment
2026/07/31 11:34:21    Error: hxc213 writer 0 iter 282
2026/07/31 11:34:21    Duration: 1.905905832s
2026/07/31 11:34:21    Servers Deployed: 0
2026/07/31 11:34:21 🔄 Triggering automatic rollback...
2026/07/31 11:34:21 🔄 Rollback requested for 0 deployed server(s) (reason: hxc213 writer 0 iter 282)
2026/07/31 11:34:21 ❌ Rollback NOT completed: rollback NOT completed: real SSH rollback transport not wired (0/0 servers reverted)
2026/07/31 11:34:21 📢 Notification: rollback_not_completed - rollback NOT completed: real SSH rollback transport not wired (0/0 servers reverted)
2026/07/31 11:34:21 📢 Notification: deployment_failed - Production deployment failed: hxc213 writer 0 iter 282
2026/07/31 11:34:21 
❌ PRODUCTION DEPLOYMENT FAILED
2026/07/31 11:34:21 📊 Failure Summary:
2026/07/31 11:34:21    Failed Phase: deployment
2026/07/31 11:34:21    Error: hxc213 writer 0 iter 283
2026/07/31 11:34:21    Duration: 1.905985382s
2026/07/31 11:34:21    Servers Deployed: 0
2026/07/31 11:34:21 🔄 Triggering automatic rollback...
2026/07/31 11:34:21 🔄 Rollback requested for 0 deployed server(s) (reason: hxc213 writer 0 iter 283)
2026/07/31 11:34:21 ❌ Rollback NOT completed: rollback NOT completed: real SSH rollback transport not wired (0/0 servers reverted)
2026/07/31 11:34:21 📢 Notification: rollback_not_completed - rollback NOT completed: real SSH rollback transport not wired (0/0 servers reverted)
2026/07/31 11:34:21 📢 Notification: deployment_failed - Production deployment failed: hxc213 writer 0 iter 283
2026/07/31 11:34:21 
❌ PRODUCTION DEPLOYMENT FAILED
2026/07/31 11:34:21 📊 Failure Summary:
2026/07/31 11:34:21    Failed Phase: deployment
2026/07/31 11:34:21    Error: hxc213 writer 0 iter 284
2026/07/31 11:34:21    Duration: 1.90605008s
2026/07/31 11:34:21    Servers Deployed: 0
2026/07/31 11:34:21 🔄 Triggering automatic rollback...
2026/07/31 11:34:21 🔄 Rollback requested for 0 deployed server(s) (reason: hxc213 writer 0 iter 284)
2026/07/31 11:34:21 ❌ Rollback NOT completed: rollback NOT completed: real SSH rollback transport not wired (0/0 servers reverted)
2026/07/31 11:34:21 📢 Notification: rollback_not_completed - rollback NOT completed: real SSH rollback transport not wired (0/0 servers reverted)
2026/07/31 11:34:21 📢 Notification: deployment_failed - Production deployment failed: hxc213 writer 0 iter 284
2026/07/31 11:34:21 
❌ PRODUCTION DEPLOYMENT FAILED
2026/07/31 11:34:21 📊 Failure Summary:
2026/07/31 11:34:21    Failed Phase: deployment
2026/07/31 11:34:21    Error: hxc213 writer 0 iter 285
2026/07/31 11:34:21    Duration: 1.906115599s
2026/07/31 11:34:21    Servers Deployed: 0
2026/07/31 11:34:21 🔄 Triggering automatic rollback...
2026/07/31 11:34:21 🔄 Rollback requested for 0 deployed server(s) (reason: hxc213 writer 0 iter 285)
2026/07/31 11:34:21 ❌ Rollback NOT completed: rollback NOT completed: real SSH rollback transport not wired (0/0 servers reverted)
2026/07/31 11:34:21 📢 Notification: rollback_not_completed - rollback NOT completed: real SSH rollback transport not wired (0/0 servers reverted)
2026/07/31 11:34:21 📢 Notification: deployment_failed - Production deployment failed: hxc213 writer 0 iter 285
2026/07/31 11:34:21 
❌ PRODUCTION DEPLOYMENT FAILED
2026/07/31 11:34:21 📊 Failure Summary:
2026/07/31 11:34:21    Failed Phase: deployment
2026/07/31 11:34:21    Error: hxc213 writer 0 iter 286
2026/07/31 11:34:21    Duration: 1.90617602s
2026/07/31 11:34:21    Servers Deployed: 0
2026/07/31 11:34:21 🔄 Triggering automatic rollback...
2026/07/31 11:34:21 🔄 Rollback requested for 0 deployed server(s) (reason: hxc213 writer 0 iter 286)
2026/07/31 11:34:21 ❌ Rollback NOT completed: rollback NOT completed: real SSH rollback transport not wired (0/0 servers reverted)
2026/07/31 11:34:21 📢 Notification: rollback_not_completed - rollback NOT completed: real SSH rollback transport not wired (0/0 servers reverted)
2026/07/31 11:34:21 📢 Notification: deployment_failed - Production deployment failed: hxc213 writer 0 iter 286
2026/07/31 11:34:21 
❌ PRODUCTION DEPLOYMENT FAILED
2026/07/31 11:34:21 📊 Failure Summary:
2026/07/31 11:34:21    Failed Phase: deployment
2026/07/31 11:34:21    Error: hxc213 writer 0 iter 287
2026/07/31 11:34:21    Duration: 1.906248149s
2026/07/31 11:34:21    Servers Deployed: 0
2026/07/31 11:34:21 🔄 Triggering automatic rollback...
2026/07/31 11:34:21 🔄 Rollback requested for 0 deployed server(s) (reason: hxc213 writer 0 iter 287)
2026/07/31 11:34:21 ❌ Rollback NOT completed: rollback NOT completed: real SSH rollback transport not wired (0/0 servers reverted)
2026/07/31 11:34:21 📢 Notification: rollback_not_completed - rollback NOT completed: real SSH rollback transport not wired (0/0 servers reverted)
2026/07/31 11:34:21 📢 Notification: deployment_failed - Production deployment failed: hxc213 writer 0 iter 287
2026/07/31 11:34:21 
❌ PRODUCTION DEPLOYMENT FAILED
2026/07/31 11:34:21 📊 Failure Summary:
2026/07/31 11:34:21    Failed Phase: deployment
2026/07/31 11:34:21    Error: hxc213 writer 0 iter 288
2026/07/31 11:34:21    Duration: 1.906307058s
2026/07/31 11:34:21    Servers Deployed: 0
2026/07/31 11:34:21 🔄 Triggering automatic rollback...
2026/07/31 11:34:21 🔄 Rollback requested for 0 deployed server(s) (reason: hxc213 writer 0 iter 288)
2026/07/31 11:34:21 ❌ Rollback NOT completed: rollback NOT completed: real SSH rollback transport not wired (0/0 servers reverted)
2026/07/31 11:34:21 📢 Notification: rollback_not_completed - rollback NOT completed: real SSH rollback transport not wired (0/0 servers reverted)
2026/07/31 11:34:21 📢 Notification: deployment_failed - Production deployment failed: hxc213 writer 0 iter 288
2026/07/31 11:34:21 
❌ PRODUCTION DEPLOYMENT FAILED
2026/07/31 11:34:21 📊 Failure Summary:
2026/07/31 11:34:21    Failed Phase: deployment
2026/07/31 11:34:21    Error: hxc213 writer 0 iter 289
2026/07/31 11:34:21    Duration: 1.906364595s
2026/07/31 11:34:21    Servers Deployed: 0
2026/07/31 11:34:21 🔄 Triggering automatic rollback...
2026/07/31 11:34:21 🔄 Rollback requested for 0 deployed server(s) (reason: hxc213 writer 0 iter 289)
2026/07/31 11:34:21 ❌ Rollback NOT completed: rollback NOT completed: real SSH rollback transport not wired (0/0 servers reverted)
2026/07/31 11:34:21 📢 Notification: rollback_not_completed - rollback NOT completed: real SSH rollback transport not wired (0/0 servers reverted)
2026/07/31 11:34:21 📢 Notification: deployment_failed - Production deployment failed: hxc213 writer 0 iter 289
2026/07/31 11:34:21 
❌ PRODUCTION DEPLOYMENT FAILED
2026/07/31 11:34:21 📊 Failure Summary:
2026/07/31 11:34:21    Failed Phase: deployment
2026/07/31 11:34:21    Error: hxc213 writer 0 iter 290
2026/07/31 11:34:21    Duration: 1.906419799s
2026/07/31 11:34:21    Servers Deployed: 0
2026/07/31 11:34:21 🔄 Triggering automatic rollback...
2026/07/31 11:34:21 🔄 Rollback requested for 0 deployed server(s) (reason: hxc213 writer 0 iter 290)
2026/07/31 11:34:21 ❌ Rollback NOT completed: rollback NOT completed: real SSH rollback transport not wired (0/0 servers reverted)
2026/07/31 11:34:21 📢 Notification: rollback_not_completed - rollback NOT completed: real SSH rollback transport not wired (0/0 servers reverted)
2026/07/31 11:34:21 📢 Notification: deployment_failed - Production deployment failed: hxc213 writer 0 iter 290
2026/07/31 11:34:21 
❌ PRODUCTION DEPLOYMENT FAILED
2026/07/31 11:34:21 📊 Failure Summary:
2026/07/31 11:34:21    Failed Phase: deployment
2026/07/31 11:34:21    Error: hxc213 writer 0 iter 291
2026/07/31 11:34:21    Duration: 1.906536155s
2026/07/31 11:34:21    Servers Deployed: 0
2026/07/31 11:34:21 🔄 Triggering automatic rollback...
2026/07/31 11:34:21 🔄 Rollback requested for 0 deployed server(s) (reason: hxc213 writer 0 iter 291)
2026/07/31 11:34:21 ❌ Rollback NOT completed: rollback NOT completed: real SSH rollback transport not wired (0/0 servers reverted)
2026/07/31 11:34:21 📢 Notification: rollback_not_completed - rollback NOT completed: real SSH rollback transport not wired (0/0 servers reverted)
2026/07/31 11:34:21 📢 Notification: deployment_failed - Production deployment failed: hxc213 writer 0 iter 291
2026/07/31 11:34:21 
❌ PRODUCTION DEPLOYMENT FAILED
2026/07/31 11:34:21 📊 Failure Summary:
2026/07/31 11:34:21    Failed Phase: deployment
2026/07/31 11:34:21    Error: hxc213 writer 0 iter 292
2026/07/31 11:34:21    Duration: 1.906615805s
2026/07/31 11:34:21    Servers Deployed: 0
2026/07/31 11:34:21 🔄 Triggering automatic rollback...
2026/07/31 11:34:21 🔄 Rollback requested for 0 deployed server(s) (reason: hxc213 writer 0 iter 292)
2026/07/31 11:34:21 ❌ Rollback NOT completed: rollback NOT completed: real SSH rollback transport not wired (0/0 servers reverted)
2026/07/31 11:34:21 📢 Notification: rollback_not_completed - rollback NOT completed: real SSH rollback transport not wired (0/0 servers reverted)
2026/07/31 11:34:21 📢 Notification: deployment_failed - Production deployment failed: hxc213 writer 0 iter 292
2026/07/31 11:34:21 
❌ PRODUCTION DEPLOYMENT FAILED
2026/07/31 11:34:21 📊 Failure Summary:
2026/07/31 11:34:21    Failed Phase: deployment
2026/07/31 11:34:21    Error: hxc213 writer 0 iter 293
2026/07/31 11:34:21    Duration: 1.90668506s
2026/07/31 11:34:21    Servers Deployed: 0
2026/07/31 11:34:21 🔄 Triggering automatic rollback...
2026/07/31 11:34:21 🔄 Rollback requested for 0 deployed server(s) (reason: hxc213 writer 0 iter 293)
2026/07/31 11:34:21 ❌ Rollback NOT completed: rollback NOT completed: real SSH rollback transport not wired (0/0 servers reverted)
2026/07/31 11:34:21 📢 Notification: rollback_not_completed - rollback NOT completed: real SSH rollback transport not wired (0/0 servers reverted)
2026/07/31 11:34:21 📢 Notification: deployment_failed - Production deployment failed: hxc213 writer 0 iter 293
2026/07/31 11:34:21 
❌ PRODUCTION DEPLOYMENT FAILED
2026/07/31 11:34:21 📊 Failure Summary:
2026/07/31 11:34:21    Failed Phase: deployment
2026/07/31 11:34:21    Error: hxc213 writer 0 iter 294
2026/07/31 11:34:21    Duration: 1.906748576s
2026/07/31 11:34:21    Servers Deployed: 0
2026/07/31 11:34:21 🔄 Triggering automatic rollback...
2026/07/31 11:34:21 🔄 Rollback requested for 0 deployed server(s) (reason: hxc213 writer 0 iter 294)
2026/07/31 11:34:21 ❌ Rollback NOT completed: rollback NOT completed: real SSH rollback transport not wired (0/0 servers reverted)
2026/07/31 11:34:21 📢 Notification: rollback_not_completed - rollback NOT completed: real SSH rollback transport not wired (0/0 servers reverted)
2026/07/31 11:34:21 📢 Notification: deployment_failed - Production deployment failed: hxc213 writer 0 iter 294
2026/07/31 11:34:21 
❌ PRODUCTION DEPLOYMENT FAILED
2026/07/31 11:34:21 📊 Failure Summary:
2026/07/31 11:34:21    Failed Phase: deployment
2026/07/31 11:34:21    Error: hxc213 writer 0 iter 295
2026/07/31 11:34:21    Duration: 1.906815387s
2026/07/31 11:34:21    Servers Deployed: 0
2026/07/31 11:34:21 🔄 Triggering automatic rollback...
2026/07/31 11:34:21 🔄 Rollback requested for 0 deployed server(s) (reason: hxc213 writer 0 iter 295)
2026/07/31 11:34:21 ❌ Rollback NOT completed: rollback NOT completed: real SSH rollback transport not wired (0/0 servers reverted)
2026/07/31 11:34:21 📢 Notification: rollback_not_completed - rollback NOT completed: real SSH rollback transport not wired (0/0 servers reverted)
2026/07/31 11:34:21 📢 Notification: deployment_failed - Production deployment failed: hxc213 writer 0 iter 295
2026/07/31 11:34:21 
❌ PRODUCTION DEPLOYMENT FAILED
2026/07/31 11:34:21 📊 Failure Summary:
2026/07/31 11:34:21    Failed Phase: deployment
2026/07/31 11:34:21    Error: hxc213 writer 0 iter 296
2026/07/31 11:34:21    Duration: 1.906880245s
2026/07/31 11:34:21    Servers Deployed: 0
2026/07/31 11:34:21 🔄 Triggering automatic rollback...
2026/07/31 11:34:21 🔄 Rollback requested for 0 deployed server(s) (reason: hxc213 writer 0 iter 296)
2026/07/31 11:34:21 ❌ Rollback NOT completed: rollback NOT completed: real SSH rollback transport not wired (0/0 servers reverted)
2026/07/31 11:34:21 📢 Notification: rollback_not_completed - rollback NOT completed: real SSH rollback transport not wired (0/0 servers reverted)
2026/07/31 11:34:21 📢 Notification: deployment_failed - Production deployment failed: hxc213 writer 0 iter 296
2026/07/31 11:34:21 
❌ PRODUCTION DEPLOYMENT FAILED
2026/07/31 11:34:21 📊 Failure Summary:
2026/07/31 11:34:21    Failed Phase: deployment
2026/07/31 11:34:21    Error: hxc213 writer 0 iter 297
2026/07/31 11:34:21    Duration: 1.906945974s
2026/07/31 11:34:21    Servers Deployed: 0
2026/07/31 11:34:21 🔄 Triggering automatic rollback...
2026/07/31 11:34:21 🔄 Rollback requested for 0 deployed server(s) (reason: hxc213 writer 0 iter 297)
2026/07/31 11:34:21 ❌ Rollback NOT completed: rollback NOT completed: real SSH rollback transport not wired (0/0 servers reverted)
2026/07/31 11:34:21 📢 Notification: rollback_not_completed - rollback NOT completed: real SSH rollback transport not wired (0/0 servers reverted)
2026/07/31 11:34:21 📢 Notification: deployment_failed - Production deployment failed: hxc213 writer 0 iter 297
2026/07/31 11:34:21 
❌ PRODUCTION DEPLOYMENT FAILED
2026/07/31 11:34:21 📊 Failure Summary:
2026/07/31 11:34:21    Failed Phase: deployment
2026/07/31 11:34:21    Error: hxc213 writer 0 iter 298
2026/07/31 11:34:21    Duration: 1.907003541s
2026/07/31 11:34:21    Servers Deployed: 0
2026/07/31 11:34:21 🔄 Triggering automatic rollback...
2026/07/31 11:34:21 🔄 Rollback requested for 0 deployed server(s) (reason: hxc213 writer 0 iter 298)
2026/07/31 11:34:21 ❌ Rollback NOT completed: rollback NOT completed: real SSH rollback transport not wired (0/0 servers reverted)
2026/07/31 11:34:21 📢 Notification: rollback_not_completed - rollback NOT completed: real SSH rollback transport not wired (0/0 servers reverted)
2026/07/31 11:34:21 📢 Notification: deployment_failed - Production deployment failed: hxc213 writer 0 iter 298
2026/07/31 11:34:21 
❌ PRODUCTION DEPLOYMENT FAILED
2026/07/31 11:34:21 📊 Failure Summary:
2026/07/31 11:34:21    Failed Phase: deployment
2026/07/31 11:34:21    Error: hxc213 writer 0 iter 299
2026/07/31 11:34:21    Duration: 1.907065305s
2026/07/31 11:34:21    Servers Deployed: 0
2026/07/31 11:34:21 🔄 Triggering automatic rollback...
2026/07/31 11:34:21 🔄 Rollback requested for 0 deployed server(s) (reason: hxc213 writer 0 iter 299)
2026/07/31 11:34:21 ❌ Rollback NOT completed: rollback NOT completed: real SSH rollback transport not wired (0/0 servers reverted)
2026/07/31 11:34:21 📢 Notification: rollback_not_completed - rollback NOT completed: real SSH rollback transport not wired (0/0 servers reverted)
2026/07/31 11:34:21 📢 Notification: deployment_failed - Production deployment failed: hxc213 writer 0 iter 299
2026/07/31 11:34:21 🔄 Rollback requested for 0 deployed server(s) (reason: hxc213 writer 2 iter 275)
2026/07/31 11:34:21 ❌ Rollback NOT completed: rollback NOT completed: real SSH rollback transport not wired (0/0 servers reverted)
2026/07/31 11:34:21 📢 Notification: rollback_not_completed - rollback NOT completed: real SSH rollback transport not wired (0/0 servers reverted)
2026/07/31 11:34:21 📢 Notification: deployment_failed - Production deployment failed: hxc213 writer 2 iter 275
2026/07/31 11:34:21 
❌ PRODUCTION DEPLOYMENT FAILED
2026/07/31 11:34:21 📊 Failure Summary:
2026/07/31 11:34:21    Failed Phase: deployment
2026/07/31 11:34:21    Error: hxc213 writer 2 iter 276
2026/07/31 11:34:21    Duration: 1.994122992s
2026/07/31 11:34:21    Servers Deployed: 0
2026/07/31 11:34:21 🔄 Triggering automatic rollback...
2026/07/31 11:34:21 🔄 Rollback requested for 0 deployed server(s) (reason: hxc213 writer 2 iter 276)
2026/07/31 11:34:21 ❌ Rollback NOT completed: rollback NOT completed: real SSH rollback transport not wired (0/0 servers reverted)
2026/07/31 11:34:21 📢 Notification: rollback_not_completed - rollback NOT completed: real SSH rollback transport not wired (0/0 servers reverted)
2026/07/31 11:34:21 📢 Notification: deployment_failed - Production deployment failed: hxc213 writer 2 iter 276
2026/07/31 11:34:21 
❌ PRODUCTION DEPLOYMENT FAILED
2026/07/31 11:34:21 📊 Failure Summary:
2026/07/31 11:34:21    Failed Phase: deployment
2026/07/31 11:34:21    Error: hxc213 writer 2 iter 277
2026/07/31 11:34:21    Duration: 1.99478331s
2026/07/31 11:34:21    Servers Deployed: 0
2026/07/31 11:34:21 🔄 Triggering automatic rollback...
2026/07/31 11:34:21 🔄 Rollback requested for 0 deployed server(s) (reason: hxc213 writer 2 iter 277)
2026/07/31 11:34:21 ❌ Rollback NOT completed: rollback NOT completed: real SSH rollback transport not wired (0/0 servers reverted)
2026/07/31 11:34:21 📢 Notification: rollback_not_completed - rollback NOT completed: real SSH rollback transport not wired (0/0 servers reverted)
2026/07/31 11:34:21 📢 Notification: deployment_failed - Production deployment failed: hxc213 writer 2 iter 277
2026/07/31 11:34:21 
❌ PRODUCTION DEPLOYMENT FAILED
2026/07/31 11:34:21 📊 Failure Summary:
2026/07/31 11:34:21    Failed Phase: deployment
2026/07/31 11:34:21    Error: hxc213 writer 2 iter 278
2026/07/31 11:34:21    Duration: 1.994878975s
2026/07/31 11:34:21    Servers Deployed: 0
2026/07/31 11:34:21 🔄 Triggering automatic rollback...
2026/07/31 11:34:21 🔄 Rollback requested for 0 deployed server(s) (reason: hxc213 writer 2 iter 278)
2026/07/31 11:34:21 ❌ Rollback NOT completed: rollback NOT completed: real SSH rollback transport not wired (0/0 servers reverted)
2026/07/31 11:34:21 📢 Notification: rollback_not_completed - rollback NOT completed: real SSH rollback transport not wired (0/0 servers reverted)
2026/07/31 11:34:21 📢 Notification: deployment_failed - Production deployment failed: hxc213 writer 2 iter 278
2026/07/31 11:34:21 
❌ PRODUCTION DEPLOYMENT FAILED
2026/07/31 11:34:21 📊 Failure Summary:
2026/07/31 11:34:21    Failed Phase: deployment
2026/07/31 11:34:21    Error: hxc213 writer 2 iter 279
2026/07/31 11:34:21    Duration: 1.994982301s
2026/07/31 11:34:21    Servers Deployed: 0
2026/07/31 11:34:21 🔄 Triggering automatic rollback...
2026/07/31 11:34:21 🔄 Rollback requested for 0 deployed server(s) (reason: hxc213 writer 2 iter 279)
2026/07/31 11:34:21 ❌ Rollback NOT completed: rollback NOT completed: real SSH rollback transport not wired (0/0 servers reverted)
2026/07/31 11:34:21 📢 Notification: rollback_not_completed - rollback NOT completed: real SSH rollback transport not wired (0/0 servers reverted)
2026/07/31 11:34:21 📢 Notification: deployment_failed - Production deployment failed: hxc213 writer 2 iter 279
2026/07/31 11:34:21 
❌ PRODUCTION DEPLOYMENT FAILED
2026/07/31 11:34:21 📊 Failure Summary:
2026/07/31 11:34:21    Failed Phase: deployment
2026/07/31 11:34:21    Error: hxc213 writer 2 iter 280
2026/07/31 11:34:21    Duration: 1.995075962s
2026/07/31 11:34:21    Servers Deployed: 0
2026/07/31 11:34:21 🔄 Triggering automatic rollback...
2026/07/31 11:34:21 🔄 Rollback requested for 0 deployed server(s) (reason: hxc213 writer 2 iter 280)
2026/07/31 11:34:21 ❌ Rollback NOT completed: rollback NOT completed: real SSH rollback transport not wired (0/0 servers reverted)
2026/07/31 11:34:21 📢 Notification: rollback_not_completed - rollback NOT completed: real SSH rollback transport not wired (0/0 servers reverted)
2026/07/31 11:34:21 📢 Notification: deployment_failed - Production deployment failed: hxc213 writer 2 iter 280
2026/07/31 11:34:21 
❌ PRODUCTION DEPLOYMENT FAILED
2026/07/31 11:34:21 📊 Failure Summary:
2026/07/31 11:34:21    Failed Phase: deployment
2026/07/31 11:34:21    Error: hxc213 writer 2 iter 281
2026/07/31 11:34:21    Duration: 1.995168903s
2026/07/31 11:34:21    Servers Deployed: 0
2026/07/31 11:34:21 🔄 Triggering automatic rollback...
2026/07/31 11:34:21 🔄 Rollback requested for 0 deployed server(s) (reason: hxc213 writer 2 iter 281)
2026/07/31 11:34:21 ❌ Rollback NOT completed: rollback NOT completed: real SSH rollback transport not wired (0/0 servers reverted)
2026/07/31 11:34:21 📢 Notification: rollback_not_completed - rollback NOT completed: real SSH rollback transport not wired (0/0 servers reverted)
2026/07/31 11:34:21 📢 Notification: deployment_failed - Production deployment failed: hxc213 writer 2 iter 281
2026/07/31 11:34:21 
❌ PRODUCTION DEPLOYMENT FAILED
2026/07/31 11:34:21 📊 Failure Summary:
2026/07/31 11:34:21    Failed Phase: deployment
2026/07/31 11:34:21    Error: hxc213 writer 2 iter 282
2026/07/31 11:34:21    Duration: 1.99525961s
2026/07/31 11:34:21    Servers Deployed: 0
2026/07/31 11:34:21 🔄 Triggering automatic rollback...
2026/07/31 11:34:21 🔄 Rollback requested for 0 deployed server(s) (reason: hxc213 writer 2 iter 282)
2026/07/31 11:34:21 ❌ Rollback NOT completed: rollback NOT completed: real SSH rollback transport not wired (0/0 servers reverted)
2026/07/31 11:34:21 📢 Notification: rollback_not_completed - rollback NOT completed: real SSH rollback transport not wired (0/0 servers reverted)
2026/07/31 11:34:21 📢 Notification: deployment_failed - Production deployment failed: hxc213 writer 2 iter 282
2026/07/31 11:34:21 
❌ PRODUCTION DEPLOYMENT FAILED
2026/07/31 11:34:21 📊 Failure Summary:
2026/07/31 11:34:21    Failed Phase: deployment
2026/07/31 11:34:21    Error: hxc213 writer 2 iter 283
2026/07/31 11:34:21    Duration: 1.995334543s
2026/07/31 11:34:21    Servers Deployed: 0
2026/07/31 11:34:21 🔄 Triggering automatic rollback...
2026/07/31 11:34:21 🔄 Rollback requested for 0 deployed server(s) (reason: hxc213 writer 2 iter 283)
2026/07/31 11:34:21 ❌ Rollback NOT completed: rollback NOT completed: real SSH rollback transport not wired (0/0 servers reverted)
2026/07/31 11:34:21 📢 Notification: rollback_not_completed - rollback NOT completed: real SSH rollback transport not wired (0/0 servers reverted)
2026/07/31 11:34:21 📢 Notification: deployment_failed - Production deployment failed: hxc213 writer 2 iter 283
2026/07/31 11:34:21 
❌ PRODUCTION DEPLOYMENT FAILED
2026/07/31 11:34:21 📊 Failure Summary:
2026/07/31 11:34:21    Failed Phase: deployment
2026/07/31 11:34:21    Error: hxc213 writer 2 iter 284
2026/07/31 11:34:21    Duration: 1.995420844s
2026/07/31 11:34:21    Servers Deployed: 0
2026/07/31 11:34:21 🔄 Triggering automatic rollback...
2026/07/31 11:34:21 🔄 Rollback requested for 0 deployed server(s) (reason: hxc213 writer 2 iter 284)
2026/07/31 11:34:21 ❌ Rollback NOT completed: rollback NOT completed: real SSH rollback transport not wired (0/0 servers reverted)
2026/07/31 11:34:21 📢 Notification: rollback_not_completed - rollback NOT completed: real SSH rollback transport not wired (0/0 servers reverted)
2026/07/31 11:34:21 📢 Notification: deployment_failed - Production deployment failed: hxc213 writer 2 iter 284
2026/07/31 11:34:21 
❌ PRODUCTION DEPLOYMENT FAILED
2026/07/31 11:34:21 📊 Failure Summary:
2026/07/31 11:34:21    Failed Phase: deployment
2026/07/31 11:34:21    Error: hxc213 writer 2 iter 285
2026/07/31 11:34:21    Duration: 1.995548156s
2026/07/31 11:34:21    Servers Deployed: 0
2026/07/31 11:34:21 🔄 Triggering automatic rollback...
2026/07/31 11:34:21 🔄 Rollback requested for 0 deployed server(s) (reason: hxc213 writer 2 iter 285)
2026/07/31 11:34:21 ❌ Rollback NOT completed: rollback NOT completed: real SSH rollback transport not wired (0/0 servers reverted)
2026/07/31 11:34:21 📢 Notification: rollback_not_completed - rollback NOT completed: real SSH rollback transport not wired (0/0 servers reverted)
2026/07/31 11:34:21 📢 Notification: deployment_failed - Production deployment failed: hxc213 writer 2 iter 285
2026/07/31 11:34:21 
❌ PRODUCTION DEPLOYMENT FAILED
2026/07/31 11:34:21 📊 Failure Summary:
2026/07/31 11:34:21    Failed Phase: deployment
2026/07/31 11:34:21    Error: hxc213 writer 2 iter 286
2026/07/31 11:34:21    Duration: 1.99565628s
2026/07/31 11:34:21    Servers Deployed: 0
2026/07/31 11:34:21 🔄 Triggering automatic rollback...
2026/07/31 11:34:21 🔄 Rollback requested for 0 deployed server(s) (reason: hxc213 writer 2 iter 286)
2026/07/31 11:34:21 ❌ Rollback NOT completed: rollback NOT completed: real SSH rollback transport not wired (0/0 servers reverted)
2026/07/31 11:34:21 📢 Notification: rollback_not_completed - rollback NOT completed: real SSH rollback transport not wired (0/0 servers reverted)
2026/07/31 11:34:21 📢 Notification: deployment_failed - Production deployment failed: hxc213 writer 2 iter 286
2026/07/31 11:34:21 
❌ PRODUCTION DEPLOYMENT FAILED
2026/07/31 11:34:21 📊 Failure Summary:
2026/07/31 11:34:21    Failed Phase: deployment
2026/07/31 11:34:21    Error: hxc213 writer 2 iter 287
2026/07/31 11:34:21    Duration: 1.995770432s
2026/07/31 11:34:21    Servers Deployed: 0
2026/07/31 11:34:21 🔄 Triggering automatic rollback...
2026/07/31 11:34:21 🔄 Rollback requested for 0 deployed server(s) (reason: hxc213 writer 2 iter 287)
2026/07/31 11:34:21 ❌ Rollback NOT completed: rollback NOT completed: real SSH rollback transport not wired (0/0 servers reverted)
2026/07/31 11:34:21 📢 Notification: rollback_not_completed - rollback NOT completed: real SSH rollback transport not wired (0/0 servers reverted)
2026/07/31 11:34:21 📢 Notification: deployment_failed - Production deployment failed: hxc213 writer 2 iter 287
2026/07/31 11:34:21 
❌ PRODUCTION DEPLOYMENT FAILED
2026/07/31 11:34:21 📊 Failure Summary:
2026/07/31 11:34:21    Failed Phase: deployment
2026/07/31 11:34:21    Error: hxc213 writer 2 iter 288
2026/07/31 11:34:21    Duration: 1.995849191s
2026/07/31 11:34:21    Servers Deployed: 0
2026/07/31 11:34:21 🔄 Triggering automatic rollback...
2026/07/31 11:34:21 🔄 Rollback requested for 0 deployed server(s) (reason: hxc213 writer 2 iter 288)
2026/07/31 11:34:21 ❌ Rollback NOT completed: rollback NOT completed: real SSH rollback transport not wired (0/0 servers reverted)
2026/07/31 11:34:21 📢 Notification: rollback_not_completed - rollback NOT completed: real SSH rollback transport not wired (0/0 servers reverted)
2026/07/31 11:34:21 📢 Notification: deployment_failed - Production deployment failed: hxc213 writer 2 iter 288
2026/07/31 11:34:21 
❌ PRODUCTION DEPLOYMENT FAILED
2026/07/31 11:34:21 📊 Failure Summary:
2026/07/31 11:34:21    Failed Phase: deployment
2026/07/31 11:34:21    Error: hxc213 writer 2 iter 289
2026/07/31 11:34:21    Duration: 1.995926648s
2026/07/31 11:34:21    Servers Deployed: 0
2026/07/31 11:34:21 🔄 Triggering automatic rollback...
2026/07/31 11:34:21 🔄 Rollback requested for 0 deployed server(s) (reason: hxc213 writer 2 iter 289)
2026/07/31 11:34:21 ❌ Rollback NOT completed: rollback NOT completed: real SSH rollback transport not wired (0/0 servers reverted)
2026/07/31 11:34:21 📢 Notification: rollback_not_completed - rollback NOT completed: real SSH rollback transport not wired (0/0 servers reverted)
2026/07/31 11:34:21 📢 Notification: deployment_failed - Production deployment failed: hxc213 writer 2 iter 289
2026/07/31 11:34:21 
❌ PRODUCTION DEPLOYMENT FAILED
2026/07/31 11:34:21 📊 Failure Summary:
2026/07/31 11:34:21    Failed Phase: deployment
2026/07/31 11:34:21    Error: hxc213 writer 2 iter 290
2026/07/31 11:34:21    Duration: 1.99600736s
2026/07/31 11:34:21    Servers Deployed: 0
2026/07/31 11:34:21 🔄 Triggering automatic rollback...
2026/07/31 11:34:21 🔄 Rollback requested for 0 deployed server(s) (reason: hxc213 writer 2 iter 290)
2026/07/31 11:34:21 ❌ Rollback NOT completed: rollback NOT completed: real SSH rollback transport not wired (0/0 servers reverted)
2026/07/31 11:34:21 📢 Notification: rollback_not_completed - rollback NOT completed: real SSH rollback transport not wired (0/0 servers reverted)
2026/07/31 11:34:21 📢 Notification: deployment_failed - Production deployment failed: hxc213 writer 2 iter 290
2026/07/31 11:34:21 
❌ PRODUCTION DEPLOYMENT FAILED
2026/07/31 11:34:21 📊 Failure Summary:
2026/07/31 11:34:21    Failed Phase: deployment
2026/07/31 11:34:21    Error: hxc213 writer 2 iter 291
2026/07/31 11:34:21    Duration: 1.996089294s
2026/07/31 11:34:21    Servers Deployed: 0
2026/07/31 11:34:21 🔄 Triggering automatic rollback...
2026/07/31 11:34:21 🔄 Rollback requested for 0 deployed server(s) (reason: hxc213 writer 2 iter 291)
2026/07/31 11:34:21 ❌ Rollback NOT completed: rollback NOT completed: real SSH rollback transport not wired (0/0 servers reverted)
2026/07/31 11:34:21 📢 Notification: rollback_not_completed - rollback NOT completed: real SSH rollback transport not wired (0/0 servers reverted)
2026/07/31 11:34:21 📢 Notification: deployment_failed - Production deployment failed: hxc213 writer 2 iter 291
2026/07/31 11:34:21 
❌ PRODUCTION DEPLOYMENT FAILED
2026/07/31 11:34:21 📊 Failure Summary:
2026/07/31 11:34:21    Failed Phase: deployment
2026/07/31 11:34:21    Error: hxc213 writer 2 iter 292
2026/07/31 11:34:21    Duration: 1.996172941s
2026/07/31 11:34:21    Servers Deployed: 0
2026/07/31 11:34:21 🔄 Triggering automatic rollback...
2026/07/31 11:34:21 🔄 Rollback requested for 0 deployed server(s) (reason: hxc213 writer 2 iter 292)
2026/07/31 11:34:21 ❌ Rollback NOT completed: rollback NOT completed: real SSH rollback transport not wired (0/0 servers reverted)
2026/07/31 11:34:21 📢 Notification: rollback_not_completed - rollback NOT completed: real SSH rollback transport not wired (0/0 servers reverted)
2026/07/31 11:34:21 📢 Notification: deployment_failed - Production deployment failed: hxc213 writer 2 iter 292
2026/07/31 11:34:21 
❌ PRODUCTION DEPLOYMENT FAILED
2026/07/31 11:34:21 📊 Failure Summary:
2026/07/31 11:34:21    Failed Phase: deployment
2026/07/31 11:34:21    Error: hxc213 writer 2 iter 293
2026/07/31 11:34:21    Duration: 1.996257919s
2026/07/31 11:34:21    Servers Deployed: 0
2026/07/31 11:34:21 🔄 Triggering automatic rollback...
2026/07/31 11:34:21 🔄 Rollback requested for 0 deployed server(s) (reason: hxc213 writer 2 iter 293)
2026/07/31 11:34:21 ❌ Rollback NOT completed: rollback NOT completed: real SSH rollback transport not wired (0/0 servers reverted)
2026/07/31 11:34:21 📢 Notification: rollback_not_completed - rollback NOT completed: real SSH rollback transport not wired (0/0 servers reverted)
2026/07/31 11:34:21 📢 Notification: deployment_failed - Production deployment failed: hxc213 writer 2 iter 293
2026/07/31 11:34:21 
❌ PRODUCTION DEPLOYMENT FAILED
2026/07/31 11:34:21 📊 Failure Summary:
2026/07/31 11:34:21    Failed Phase: deployment
2026/07/31 11:34:21    Error: hxc213 writer 2 iter 294
2026/07/31 11:34:21    Duration: 1.996340664s
2026/07/31 11:34:21    Servers Deployed: 0
2026/07/31 11:34:21 🔄 Triggering automatic rollback...
2026/07/31 11:34:21 🔄 Rollback requested for 0 deployed server(s) (reason: hxc213 writer 2 iter 294)
2026/07/31 11:34:21 ❌ Rollback NOT completed: rollback NOT completed: real SSH rollback transport not wired (0/0 servers reverted)
2026/07/31 11:34:21 📢 Notification: rollback_not_completed - rollback NOT completed: real SSH rollback transport not wired (0/0 servers reverted)
2026/07/31 11:34:21 📢 Notification: deployment_failed - Production deployment failed: hxc213 writer 2 iter 294
2026/07/31 11:34:21 
❌ PRODUCTION DEPLOYMENT FAILED
2026/07/31 11:34:21 📊 Failure Summary:
2026/07/31 11:34:21    Failed Phase: deployment
2026/07/31 11:34:21    Error: hxc213 writer 2 iter 295
2026/07/31 11:34:21    Duration: 1.99643702s
2026/07/31 11:34:21    Servers Deployed: 0
2026/07/31 11:34:21 🔄 Triggering automatic rollback...
2026/07/31 11:34:21 🔄 Rollback requested for 0 deployed server(s) (reason: hxc213 writer 2 iter 295)
2026/07/31 11:34:21 ❌ Rollback NOT completed: rollback NOT completed: real SSH rollback transport not wired (0/0 servers reverted)
2026/07/31 11:34:21 📢 Notification: rollback_not_completed - rollback NOT completed: real SSH rollback transport not wired (0/0 servers reverted)
2026/07/31 11:34:21 📢 Notification: deployment_failed - Production deployment failed: hxc213 writer 2 iter 295
2026/07/31 11:34:21 
❌ PRODUCTION DEPLOYMENT FAILED
2026/07/31 11:34:21 📊 Failure Summary:
2026/07/31 11:34:21    Failed Phase: deployment
2026/07/31 11:34:21    Error: hxc213 writer 2 iter 296
2026/07/31 11:34:21    Duration: 1.996581839s
2026/07/31 11:34:21    Servers Deployed: 0
2026/07/31 11:34:21 🔄 Triggering automatic rollback...
2026/07/31 11:34:21 🔄 Rollback requested for 0 deployed server(s) (reason: hxc213 writer 2 iter 296)
2026/07/31 11:34:21 ❌ Rollback NOT completed: rollback NOT completed: real SSH rollback transport not wired (0/0 servers reverted)
2026/07/31 11:34:21 📢 Notification: rollback_not_completed - rollback NOT completed: real SSH rollback transport not wired (0/0 servers reverted)
2026/07/31 11:34:21 📢 Notification: deployment_failed - Production deployment failed: hxc213 writer 2 iter 296
2026/07/31 11:34:21 
❌ PRODUCTION DEPLOYMENT FAILED
2026/07/31 11:34:21 📊 Failure Summary:
2026/07/31 11:34:21    Failed Phase: deployment
2026/07/31 11:34:21    Error: hxc213 writer 2 iter 297
2026/07/31 11:34:21    Duration: 1.99667535s
2026/07/31 11:34:21    Servers Deployed: 0
2026/07/31 11:34:21 🔄 Triggering automatic rollback...
2026/07/31 11:34:21 🔄 Rollback requested for 0 deployed server(s) (reason: hxc213 writer 2 iter 297)
2026/07/31 11:34:21 ❌ Rollback NOT completed: rollback NOT completed: real SSH rollback transport not wired (0/0 servers reverted)
2026/07/31 11:34:21 📢 Notification: rollback_not_completed - rollback NOT completed: real SSH rollback transport not wired (0/0 servers reverted)
2026/07/31 11:34:21 📢 Notification: deployment_failed - Production deployment failed: hxc213 writer 2 iter 297
2026/07/31 11:34:21 
❌ PRODUCTION DEPLOYMENT FAILED
2026/07/31 11:34:21 📊 Failure Summary:
2026/07/31 11:34:21    Failed Phase: deployment
2026/07/31 11:34:21    Error: hxc213 writer 2 iter 298
2026/07/31 11:34:21    Duration: 1.996774801s
2026/07/31 11:34:21    Servers Deployed: 0
2026/07/31 11:34:21 🔄 Triggering automatic rollback...
2026/07/31 11:34:21 🔄 Rollback requested for 0 deployed server(s) (reason: hxc213 writer 2 iter 298)
2026/07/31 11:34:21 ❌ Rollback NOT completed: rollback NOT completed: real SSH rollback transport not wired (0/0 servers reverted)
2026/07/31 11:34:21 📢 Notification: rollback_not_completed - rollback NOT completed: real SSH rollback transport not wired (0/0 servers reverted)
2026/07/31 11:34:21 📢 Notification: deployment_failed - Production deployment failed: hxc213 writer 2 iter 298
2026/07/31 11:34:21 
❌ PRODUCTION DEPLOYMENT FAILED
2026/07/31 11:34:21 📊 Failure Summary:
2026/07/31 11:34:21    Failed Phase: deployment
2026/07/31 11:34:21    Error: hxc213 writer 2 iter 299
2026/07/31 11:34:21    Duration: 1.996869704s
2026/07/31 11:34:21    Servers Deployed: 0
2026/07/31 11:34:21 🔄 Triggering automatic rollback...
2026/07/31 11:34:21 🔄 Rollback requested for 0 deployed server(s) (reason: hxc213 writer 2 iter 299)
2026/07/31 11:34:21 ❌ Rollback NOT completed: rollback NOT completed: real SSH rollback transport not wired (0/0 servers reverted)
2026/07/31 11:34:21 📢 Notification: rollback_not_completed - rollback NOT completed: real SSH rollback transport not wired (0/0 servers reverted)
2026/07/31 11:34:21 📢 Notification: deployment_failed - Production deployment failed: hxc213 writer 2 iter 299
--- FAIL: TestHXC213_StatusReadsUnderRLock_DoNotRaceWithConcurrentWriters (2.00s)
    production_deployer_hxc213_race_test.go:139: FailedPhases lost updates under contention: want 900 entries, got 896 (unsynchronized append on pd.status.FailedPhases)
    testing.go:1712: race detected during execution of test
2026/07/31 11:34:21 🚀 Starting Comprehensive Production Deployment
2026/07/31 11:34:21 📋 Deployment ID: deploy-1785479661372000648-2
2026/07/31 11:34:21 🌍 Environment: test
2026/07/31 11:34:21 🎯 Strategy: production
2026/07/31 11:34:21 📢 Notification: deployment_started - Production deployment started for hxc213-aliasing
2026/07/31 11:34:21 
🔧 Executing Phase: preparation
2026/07/31 11:34:21 📋 Preparing production deployment...
2026/07/31 11:34:21 ✅ Prerequisites check passed
2026/07/31 11:34:21    🌍 Preparing deployment environment...
2026/07/31 11:34:21    ⚠️  Real environment preparation is not wired in this build (no remote staging/dependency checks); proceeding without a verified-prepared claim (§11.4 honest gap)
2026/07/31 11:34:21    🖥️  1 target server(s) configured
2026/07/31 11:34:21       Server 1/1 configured: s1 (not validated here; real reachability is probed later in checkServerHealth)
2026/07/31 11:34:21    ⚠️  Target-server validation not performed in this phase (§11.4 honest gap); reachability is checked at health-check time
2026/07/31 11:34:21 ✅ Preparation completed successfully
2026/07/31 11:34:21 📢 Notification: preparation_complete - Deployment preparation completed successfully
2026/07/31 11:34:21 ✅ Phase preparation completed successfully
2026/07/31 11:34:21 
🔧 Executing Phase: security_check
2026/07/31 11:34:21 ⏭️  Security gate disabled - skipping
2026/07/31 11:34:21 ✅ Phase security_check completed successfully
2026/07/31 11:34:21 
🔧 Executing Phase: performance_check
2026/07/31 11:34:21 ⏭️  Performance gate disabled - skipping
2026/07/31 11:34:21 ✅ Phase performance_check completed successfully
2026/07/31 11:34:21 
🔧 Executing Phase: deployment
2026/07/31 11:34:21 🚀 Executing production deployment...
2026/07/31 11:34:21    Strategy: production
2026/07/31 11:34:21    Target Servers: 1
2026/07/31 11:34:21 🚀 Executing direct production deployment to 1 servers
2026/07/31 11:34:21    📦 Deploying to server 1/1: s1
2026/07/31 11:34:21       📝 Credentials check: deploy_key=present, ssh_key_path=absent
2026/07/31 11:34:21       📤 Deploy target: s1:/opt/helixcode/hxc213-aliasing//tmp/helixcode-test-binary (binary=/tmp/helixcode-test-binary, ssh_user=helix)
2026/07/31 11:34:21       ⚠️  SSH deployment transport not wired in this build; refusing to fabricate success (§11.4 PASS-bluff guard). Set HELIX_TEST_SSH_HOST and wire golang.org/x/crypto/ssh to enable.
2026/07/31 11:34:21       ❌ Server deployment failed
2026/07/31 11:34:21    📊 Deployment Results:
2026/07/31 11:34:21       Successful: 0/1
2026/07/31 11:34:21       Success Rate: 0.0%
2026/07/31 11:34:21 ❌ Deployment failed: internal_deployment_insufficient_success_rate
2026/07/31 11:34:21 
❌ PRODUCTION DEPLOYMENT FAILED
2026/07/31 11:34:21 📊 Failure Summary:
2026/07/31 11:34:21    Failed Phase: deployment
2026/07/31 11:34:21    Error: internal_deployment_insufficient_success_rate
2026/07/31 11:34:21    Duration: 200.584058ms
2026/07/31 11:34:21    Servers Deployed: 0
2026/07/31 11:34:21 🔄 Triggering automatic rollback...
2026/07/31 11:34:21 🔄 Rollback requested for 0 deployed server(s) (reason: internal_deployment_insufficient_success_rate)
2026/07/31 11:34:21 ❌ Rollback NOT completed: rollback NOT completed: real SSH rollback transport not wired (0/0 servers reverted)
2026/07/31 11:34:21 📢 Notification: rollback_not_completed - rollback NOT completed: real SSH rollback transport not wired (0/0 servers reverted)
2026/07/31 11:34:21 📢 Notification: deployment_failed - Production deployment failed: internal_deployment_insufficient_success_rate
--- FAIL: TestHXC213_ReturnedStatus_IsCallerOwnedDeepCopy (0.20s)
    production_deployer_hxc213_race_test.go:193: StartProductionDeployment returned the LIVE internal *DeploymentStatus; callers must receive a deep copy they own (the returned pointer is the only way an external caller can observe status, so aliasing it publishes the deployer's internal state)
FAIL
FAIL	dev.helix.code/internal/deployment	2.892s
FAIL
